profile_id,task_id,fall_onset_time_s,cnn_recovered_impact_time_s,cnn_lead_time_ms,raw_falling_window_count,cnn_event_order_valid,cnn_event_inside_truth,cnn_fall_eligible,eligibility_policy,cnn_exclusion_reason,cnn_eligible_derived_audit
P014,20,6.266666666666894,6.5733,306.6333333331057,1,True,True,True,>=30 actual samples on corrected 100Hz grid and >=1 complete 30-sample window,,
P014,21,5.500000000000108,5.8333,333.299999999892,1,True,True,True,>=30 actual samples on corrected 100Hz grid and >=1 complete 30-sample window,,
P014,22,5.500000000000108,5.6333,133.29999999989184,0,True,True,False,>=30 actual samples on corrected 100Hz grid and >=1 complete 30-sample window,recovered_interval_shorter_than_30_samples,
P014,23,6.266666666666894,7.3633,1096.6333333331058,6,True,True,True,>=30 actual samples on corrected 100Hz grid and >=1 complete 30-sample window,,
P014,24,5.466666666666769,5.9033,436.6333333332309,1,True,True,True,>=30 actual samples on corrected 100Hz grid and >=1 complete 30-sample window,,
P014,28,16.966666666668566,18.1033,1136.633333331435,6,True,True,True,>=30 actual samples on corrected 100Hz grid and >=1 complete 30-sample window,,
P014,29,17.400000000001967,17.9033,503.2999999980348,2,True,True,True,>=30 actual samples on corrected 100Hz grid and >=1 complete 30-sample window,,
P014,30,16.86666666666855,17.0333,166.63333333145047,0,True,True,False,>=30 actual samples on corrected 100Hz grid and >=1 complete 30-sample window,recovered_interval_shorter_than_30_samples,
P014,31,16.86666666666855,16.9333,66.63333333144905,0,True,True,False,>=30 actual samples on corrected 100Hz grid and >=1 complete 30-sample window,recovered_interval_shorter_than_30_samples,
P014,32,17.53333333333532,17.9033,369.9666666646806,1,True,True,True,>=30 actual samples on corrected 100Hz grid and >=1 complete 30-sample window,,
P014,33,17.633333333335337,18.3033,669.9666666646635,3,True,True,True,>=30 actual samples on corrected 100Hz grid and >=1 complete 30-sample window,,
P014,34,17.500000000001982,19.1333,1633.299999998016,9,True,True,True,>=30 actual samples on corrected 100Hz grid and >=1 complete 30-sample window,,
P014,37,17.53333333333532,17.8633,329.96666666467786,1,True,True,True,>=30 actual samples on corrected 100Hz grid and >=1 complete 30-sample window,,
P014,38,6.36666666666691,6.6333,266.6333333330906,0,True,True,False,>=30 actual samples on corrected 100Hz grid and >=1 complete 30-sample window,recovered_interval_shorter_than_30_samples,
P014,39,5.866666666666832,6.2033,336.63333333316723,1,True,True,True,>=30 actual samples on corrected 100Hz grid and >=1 complete 30-sample window,,
P014,40,5.9333333333335085,6.2633,329.9666666664916,1,True,True,True,>=30 actual samples on corrected 100Hz grid and >=1 complete 30-sample window,,
P014,41,6.166666666666878,6.4033,236.6333333331214,0,True,True,False,>=30 actual samples on corrected 100Hz grid and >=1 complete 30-sample window,recovered_interval_shorter_than_30_samples,
P014,42,5.766666666666816,6.2333,466.633333333184,2,True,True,True,>=30 actual samples on corrected 100Hz grid and >=1 complete 30-sample window,,
P015,20,5.966666666666847,6.6333,666.6333333331531,3,True,True,True,>=30 actual samples on corrected 100Hz grid and >=1 complete 30-sample window,,
P015,21,5.500000000000108,5.7033,203.29999999989124,0,True,True,False,>=30 actual samples on corrected 100Hz grid and >=1 complete 30-sample window,recovered_interval_shorter_than_30_samples,
P015,22,5.500000000000108,5.7033,203.29999999989124,0,True,True,False,>=30 actual samples on corrected 100Hz grid and >=1 complete 30-sample window,recovered_interval_shorter_than_30_samples,
P015,23,6.000000000000186,6.6633,663.299999999814,3,True,True,True,>=30 actual samples on corrected 100Hz grid and >=1 complete 30-sample window,,
P015,24,5.500000000000108,6.6033,1103.2999999998915,6,True,True,True,>=30 actual samples on corrected 100Hz grid and >=1 complete 30-sample window,,
P015,28,16.733333333335196,17.1633,429.96666666480365,1,True,True,True,>=30 actual samples on corrected 100Hz grid and >=1 complete 30-sample window,,
P015,29,17.13333333333526,17.7633,629.9666666647425,3,True,True,True,>=30 actual samples on corrected 100Hz grid and >=1 complete 30-sample window,,
P015,30,16.83333333333521,17.0333,199.96666666478905,0,True,True,False,>=30 actual samples on corrected 100Hz grid and >=1 complete 30-sample window,recovered_interval_shorter_than_30_samples,
P015,31,16.800000000001873,16.8333,33.29999999812827,0,True,True,False,>=30 actual samples on corrected 100Hz grid and >=1 complete 30-sample window,recovered_interval_shorter_than_30_samples,
P015,32,17.56666666666866,18.0333,466.6333333313411,2,True,True,True,>=30 actual samples on corrected 100Hz grid and >=1 complete 30-sample window,,
P015,33,17.700000000002014,18.0633,363.299999997988,1,True,True,True,>=30 actual samples on corrected 100Hz grid and >=1 complete 30-sample window,,
P015,34,17.53333333333532,19.7333,2199.966666664679,13,True,True,True,>=30 actual samples on corrected 100Hz grid and >=1 complete 30-sample window,,
P015,37,17.700000000002014,18.5333,833.2999999979869,4,True,True,True,>=30 actual samples on corrected 100Hz grid and >=1 complete 30-sample window,,
P015,38,17.633333333335337,19.2333,1599.9666666646633,9,True,True,True,>=30 actual samples on corrected 100Hz grid and >=1 complete 30-sample window,,
P015,39,5.466666666666769,6.1333,666.6333333332312,3,True,True,True,>=30 actual samples on corrected 100Hz grid and >=1 complete 30-sample window,,
P015,40,5.833333333333493,6.1633,329.9666666665066,1,True,True,True,>=30 actual samples on corrected 100Hz grid and >=1 complete 30-sample window,,
P015,41,5.43333333333343,6.3633,929.9666666665694,5,True,True,True,>=30 actual samples on corrected 100Hz grid and >=1 complete 30-sample window,,
P015,42,5.633333333333462,6.3033,669.9666666665385,3,True,True,True,>=30 actual samples on corrected 100Hz grid and >=1 complete 30-sample window,,
P016,20,6.266666666666894,6.7633,496.6333333331061,2,True,True,True,>=30 actual samples on corrected 100Hz grid and >=1 complete 30-sample window,,
P016,21,5.500000000000108,5.6633,163.2999999998912,0,True,True,False,>=30 actual samples on corrected 100Hz grid and >=1 complete 30-sample window,recovered_interval_shorter_than_30_samples,
P016,22,5.500000000000108,5.6633,163.2999999998912,0,True,True,False,>=30 actual samples on corrected 100Hz grid and >=1 complete 30-sample window,recovered_interval_shorter_than_30_samples,
P016,23,6.266666666666894,6.5333,266.63333333310567,0,True,True,False,>=30 actual samples on corrected 100Hz grid and >=1 complete 30-sample window,recovered_interval_shorter_than_30_samples,
P016,24,5.466666666666769,5.9633,496.63333333323135,2,True,True,True,>=30 actual samples on corrected 100Hz grid and >=1 complete 30-sample window,,
P016,28,16.800000000001873,18.1333,1333.2999999981257,7,True,True,True,>=30 actual samples on corrected 100Hz grid and >=1 complete 30-sample window,,
P016,29,17.13333333333526,17.7333,599.9666666647414,3,True,True,True,>=30 actual samples on corrected 100Hz grid and >=1 complete 30-sample window,,
P016,30,16.733333333335196,16.9333,199.96666666480323,0,True,True,False,>=30 actual samples on corrected 100Hz grid and >=1 complete 30-sample window,recovered_interval_shorter_than_30_samples,
P016,31,16.733333333335196,16.8333,99.96666666480536,0,True,True,False,>=30 actual samples on corrected 100Hz grid and >=1 complete 30-sample window,recovered_interval_shorter_than_30_samples,
P016,32,17.500000000001982,17.9033,403.29999999801913,1,True,True,True,>=30 actual samples on corrected 100Hz grid and >=1 complete 30-sample window,,
P016,33,17.633333333335337,18.0333,399.966666664664,1,True,True,True,>=30 actual samples on corrected 100Hz grid and >=1 complete 30-sample window,,
P016,34,17.56666666666866,18.5733,1006.6333333313402,5,True,True,True,>=30 actual samples on corrected 100Hz grid and >=1 complete 30-sample window,,
P016,37,17.53333333333532,18.0333,499.9666666646796,2,True,True,True,>=30 actual samples on corrected 100Hz grid and >=1 complete 30-sample window,,
P016,38,17.56666666666866,18.0633,496.6333333313422,2,True,True,True,>=30 actual samples on corrected 100Hz grid and >=1 complete 30-sample window,,
P016,39,5.733333333333477,6.1633,429.9666666665223,1,True,True,True,>=30 actual samples on corrected 100Hz grid and >=1 complete 30-sample window,,
P016,40,5.800000000000154,6.1333,333.29999999984585,1,True,True,True,>=30 actual samples on corrected 100Hz grid and >=1 complete 30-sample window,,
P016,41,5.500000000000108,6.4033,903.2999999998914,5,True,True,True,>=30 actual samples on corrected 100Hz grid and >=1 complete 30-sample window,,
P016,42,5.866666666666832,6.1033,236.6333333331676,0,True,True,False,>=30 actual samples on corrected 100Hz grid and >=1 complete 30-sample window,recovered_interval_shorter_than_30_samples,
P017,20,6.000000000000186,6.7733,773.2999999998142,4,True,True,True,>=30 actual samples on corrected 100Hz grid and >=1 complete 30-sample window,,
P017,21,5.500000000000108,5.8033,303.2999999998918,1,True,True,True,>=30 actual samples on corrected 100Hz grid and >=1 complete 30-sample window,,
P017,22,5.500000000000108,5.8033,303.2999999998918,1,True,True,True,>=30 actual samples on corrected 100Hz grid and >=1 complete 30-sample window,,
P017,23,5.966666666666847,6.9033,936.6333333331528,5,True,True,True,>=30 actual samples on corrected 100Hz grid and >=1 complete 30-sample window,,
P017,24,5.500000000000108,6.9033,1403.2999999998915,8,True,True,True,>=30 actual samples on corrected 100Hz grid and >=1 complete 30-sample window,,
P017,28,8.700000000000607,9.1333,433.2999999993934,1,True,True,True,>=30 actual samples on corrected 100Hz grid and >=1 complete 30-sample window,,
P017,29,9.000000000000654,9.6333,633.2999999993465,3,True,True,True,>=30 actual samples on corrected 100Hz grid and >=1 complete 30-sample window,,
P017,30,8.900000000000638,9.3333,433.29999999936143,1,True,True,True,>=30 actual samples on corrected 100Hz grid and >=1 complete 30-sample window,,
P017,31,8.900000000000638,9.0333,133.29999999936248,0,True,True,False,>=30 actual samples on corrected 100Hz grid and >=1 complete 30-sample window,recovered_interval_shorter_than_30_samples,
P017,32,9.466666666667392,9.8633,396.6333333326091,1,True,True,True,>=30 actual samples on corrected 100Hz grid and >=1 complete 30-sample window,,
P017,33,9.600000000000747,10.4333,833.2999999992517,4,True,True,True,>=30 actual samples on corrected 100Hz grid and >=1 complete 30-sample window,,
P017,34,9.600000000000747,11.4633,1863.2999999992528,11,True,True,True,>=30 actual samples on corrected 100Hz grid and >=1 complete 30-sample window,,
P017,37,9.966666666667471,11.8633,1896.6333333325288,11,True,True,True,>=30 actual samples on corrected 100Hz grid and >=1 complete 30-sample window,,
P017,38,8.533333333333914,9.1033,569.9666666660868,2,True,True,True,>=30 actual samples on corrected 100Hz grid and >=1 complete 30-sample window,,
P017,39,5.333333333333415,6.2333,899.9666666665851,5,True,True,True,>=30 actual samples on corrected 100Hz grid and >=1 complete 30-sample window,,
P017,40,5.866666666666832,6.5033,636.6333333331679,3,True,True,True,>=30 actual samples on corrected 100Hz grid and >=1 complete 30-sample window,,
P017,41,5.333333333333415,5.8333,499.9666666665856,2,True,True,True,>=30 actual samples on corrected 100Hz grid and >=1 complete 30-sample window,,
P017,42,5.300000000000076,6.4033,1103.2999999999236,6,True,True,True,>=30 actual samples on corrected 100Hz grid and >=1 complete 30-sample window,,
P018,20,6.3000000000002325,6.3033,3.2999999997676,0,True,True,False,>=30 actual samples on corrected 100Hz grid and >=1 complete 30-sample window,recovered_interval_shorter_than_30_samples,
P018,21,5.43333333333343,5.9633,529.9666666665698,2,True,True,True,>=30 actual samples on corrected 100Hz grid and >=1 complete 30-sample window,,
P018,22,5.43333333333343,5.9333,499.9666666665696,2,True,True,True,>=30 actual samples on corrected 100Hz grid and >=1 complete 30-sample window,,
P018,23,6.3000000000002325,6.5633,263.2999999997674,0,True,True,False,>=30 actual samples on corrected 100Hz grid and >=1 complete 30-sample window,recovered_interval_shorter_than_30_samples,
P018,24,5.500000000000108,5.8033,303.2999999998918,1,True,True,True,>=30 actual samples on corrected 100Hz grid and >=1 complete 30-sample window,,
P018,28,16.966666666668566,19.2033,2236.633333331433,13,True,True,True,>=30 actual samples on corrected 100Hz grid and >=1 complete 30-sample window,,
P018,29,17.700000000002014,17.9333,233.29999999798545,0,True,True,False,>=30 actual samples on corrected 100Hz grid and >=1 complete 30-sample window,recovered_interval_shorter_than_30_samples,
P018,30,16.933333333335227,17.0333,99.96666666477338,0,True,True,False,>=30 actual samples on corrected 100Hz grid and >=1 complete 30-sample window,recovered_interval_shorter_than_30_samples,
P018,31,16.933333333335227,17.0333,99.96666666477338,0,True,True,False,>=30 actual samples on corrected 100Hz grid and >=1 complete 30-sample window,recovered_interval_shorter_than_30_samples,
P018,32,17.76666666666869,18.8333,1066.6333333313105,6,True,True,True,>=30 actual samples on corrected 100Hz grid and >=1 complete 30-sample window,,
P018,33,17.80000000000203,18.2033,403.2999999979694,1,True,True,True,>=30 actual samples on corrected 100Hz grid and >=1 complete 30-sample window,,
P018,34,17.900000000002045,19.2333,1333.299999997955,7,True,True,True,>=30 actual samples on corrected 100Hz grid and >=1 complete 30-sample window,,
P018,37,17.76666666666869,18.1333,366.63333333130765,1,True,True,True,>=30 actual samples on corrected 100Hz grid and >=1 complete 30-sample window,,
P018,38,17.733333333335352,19.9033,2169.966666664649,13,True,True,True,>=30 actual samples on corrected 100Hz grid and >=1 complete 30-sample window,,
P018,39,5.90000000000017,6.2033,303.2999999998296,1,True,True,True,>=30 actual samples on corrected 100Hz grid and >=1 complete 30-sample window,,
P018,40,5.866666666666832,6.1333,266.63333333316785,0,True,True,False,>=30 actual samples on corrected 100Hz grid and >=1 complete 30-sample window,recovered_interval_shorter_than_30_samples,
P018,41,5.966666666666847,6.5633,596.6333333331528,3,True,True,True,>=30 actual samples on corrected 100Hz grid and >=1 complete 30-sample window,,
P018,42,5.766666666666816,6.1333,366.6333333331844,1,True,True,True,>=30 actual samples on corrected 100Hz grid and >=1 complete 30-sample window,,
P019,20,5.9333333333335085,6.7333,799.9666666664913,4,True,True,True,>=30 actual samples on corrected 100Hz grid and >=1 complete 30-sample window,,
P019,21,5.500000000000108,5.7033,203.29999999989124,0,True,True,False,>=30 actual samples on corrected 100Hz grid and >=1 complete 30-sample window,recovered_interval_shorter_than_30_samples,
P019,22,5.500000000000108,5.7033,203.29999999989124,0,True,True,False,>=30 actual samples on corrected 100Hz grid and >=1 complete 30-sample window,recovered_interval_shorter_than_30_samples,
P019,23,6.000000000000186,6.6633,663.299999999814,3,True,True,True,>=30 actual samples on corrected 100Hz grid and >=1 complete 30-sample window,,
P019,24,5.500000000000108,5.7633,263.2999999998917,0,True,True,False,>=30 actual samples on corrected 100Hz grid and >=1 complete 30-sample window,recovered_interval_shorter_than_30_samples,
P019,28,6.833333333333649,7.1333,299.966666666351,1,True,True,True,>=30 actual samples on corrected 100Hz grid and >=1 complete 30-sample window,,
P019,29,6.833333333333649,7.8633,1029.9666666663504,5,True,True,True,>=30 actual samples on corrected 100Hz grid and >=1 complete 30-sample window,,
P019,30,7.000000000000342,7.0333,33.299999999657715,0,True,True,False,>=30 actual samples on corrected 100Hz grid and >=1 complete 30-sample window,recovered_interval_shorter_than_30_samples,
P019,31,6.933333333333665,7.0333,99.9666666663348,0,True,True,False,>=30 actual samples on corrected 100Hz grid and >=1 complete 30-sample window,recovered_interval_shorter_than_30_samples,
P019,32,6.833333333333649,8.0333,1199.966666666351,7,True,True,True,>=30 actual samples on corrected 100Hz grid and >=1 complete 30-sample window,,
P019,33,6.866666666666988,8.1333,1266.6333333330124,7,True,True,True,>=30 actual samples on corrected 100Hz grid and >=1 complete 30-sample window,,
P019,34,6.866666666666988,9.5333,2666.6333333330126,16,True,True,True,>=30 actual samples on corrected 100Hz grid and >=1 complete 30-sample window,,
P019,37,17.966666666668722,18.5333,566.6333333312785,2,True,True,True,>=30 actual samples on corrected 100Hz grid and >=1 complete 30-sample window,,
P019,38,17.900000000002045,18.2633,363.299999997956,1,True,True,True,>=30 actual samples on corrected 100Hz grid and >=1 complete 30-sample window,,
P019,39,5.533333333333446,6.1633,629.9666666665536,3,True,True,True,>=30 actual samples on corrected 100Hz grid and >=1 complete 30-sample window,,
P019,40,5.866666666666832,6.1333,266.63333333316785,0,True,True,False,>=30 actual samples on corrected 100Hz grid and >=1 complete 30-sample window,recovered_interval_shorter_than_30_samples,
P019,41,5.366666666666753,6.3333,966.633333333247,5,True,True,True,>=30 actual samples on corrected 100Hz grid and >=1 complete 30-sample window,,
P019,42,5.266666666666738,6.2033,936.633333333262,5,True,True,True,>=30 actual samples on corrected 100Hz grid and >=1 complete 30-sample window,,
P020,20,6.233333333333555,6.6033,369.9666666664445,1,True,True,True,>=30 actual samples on corrected 100Hz grid and >=1 complete 30-sample window,,
P020,21,5.466666666666769,5.9333,466.6333333332311,2,True,True,True,>=30 actual samples on corrected 100Hz grid and >=1 complete 30-sample window,,
P020,22,5.466666666666769,6.0033,536.6333333332313,2,True,True,True,>=30 actual samples on corrected 100Hz grid and >=1 complete 30-sample window,,
P020,23,6.3000000000002325,6.7633,463.2999999997676,2,True,True,True,>=30 actual samples on corrected 100Hz grid and >=1 complete 30-sample window,,
P020,24,4.900000000000014,5.9733,1073.2999999999863,6,True,True,True,>=30 actual samples on corrected 100Hz grid and >=1 complete 30-sample window,,
P020,28,17.433333333335305,17.8333,399.966666664696,1,True,True,True,>=30 actual samples on corrected 100Hz grid and >=1 complete 30-sample window,,
P020,29,17.733333333335352,18.3333,599.966666664649,3,True,True,True,>=30 actual samples on corrected 100Hz grid and >=1 complete 30-sample window,,
P020,30,17.433333333335305,17.5333,99.96666666469524,0,True,True,False,>=30 actual samples on corrected 100Hz grid and >=1 complete 30-sample window,recovered_interval_shorter_than_30_samples,
P020,31,17.433333333335305,17.5333,99.96666666469524,0,True,True,False,>=30 actual samples on corrected 100Hz grid and >=1 complete 30-sample window,recovered_interval_shorter_than_30_samples,
P020,32,18.066666666668738,18.4633,396.6333333312626,1,True,True,True,>=30 actual samples on corrected 100Hz grid and >=1 complete 30-sample window,,
P020,33,18.33333333333545,18.7033,369.9666666645492,1,True,True,True,>=30 actual samples on corrected 100Hz grid and >=1 complete 30-sample window,,
P020,34,18.16666666666876,19.2333,1066.633333331243,6,True,True,True,>=30 actual samples on corrected 100Hz grid and >=1 complete 30-sample window,,
P020,37,7.533333333333759,9.2333,1699.9666666662413,10,True,True,True,>=30 actual samples on corrected 100Hz grid and >=1 complete 30-sample window,,
P020,38,18.400000000002123,20.0033,1603.2999999978765,9,True,True,True,>=30 actual samples on corrected 100Hz grid and >=1 complete 30-sample window,,
P020,39,5.633333333333462,6.1333,499.9666666665386,2,True,True,True,>=30 actual samples on corrected 100Hz grid and >=1 complete 30-sample window,,
P020,40,5.833333333333493,6.1333,299.9666666665073,1,True,True,True,>=30 actual samples on corrected 100Hz grid and >=1 complete 30-sample window,,
P020,41,5.533333333333446,6.5033,969.9666666665544,5,True,True,True,>=30 actual samples on corrected 100Hz grid and >=1 complete 30-sample window,,
P020,42,5.700000000000139,6.1933,493.2999999998611,2,True,True,True,>=30 actual samples on corrected 100Hz grid and >=1 complete 30-sample window,,
P021,20,5.866666666666832,6.6633,796.6333333331672,4,True,True,True,>=30 actual samples on corrected 100Hz grid and >=1 complete 30-sample window,,
P021,21,5.500000000000108,5.5733,73.29999999989134,0,True,True,False,>=30 actual samples on corrected 100Hz grid and >=1 complete 30-sample window,recovered_interval_shorter_than_30_samples,
P021,22,5.500000000000108,5.5733,73.29999999989134,0,True,True,False,>=30 actual samples on corrected 100Hz grid and >=1 complete 30-sample window,recovered_interval_shorter_than_30_samples,
P021,23,5.9333333333335085,6.7033,769.966666666491,4,True,True,True,>=30 actual samples on corrected 100Hz grid and >=1 complete 30-sample window,,
P021,24,5.500000000000108,6.8633,1363.2999999998913,8,True,True,True,>=30 actual samples on corrected 100Hz grid and >=1 complete 30-sample window,,
P021,28,7.233333333333712,8.0033,769.9666666662877,4,True,True,True,>=30 actual samples on corrected 100Hz grid and >=1 complete 30-sample window,,
P021,29,7.433333333333743,8.2333,799.9666666662569,4,True,True,True,>=30 actual samples on corrected 100Hz grid and >=1 complete 30-sample window,,
P021,30,7.200000000000373,7.2333,33.29999999962663,0,True,True,False,>=30 actual samples on corrected 100Hz grid and >=1 complete 30-sample window,recovered_interval_shorter_than_30_samples,
P021,31,7.200000000000373,7.2333,33.29999999962663,0,True,True,False,>=30 actual samples on corrected 100Hz grid and >=1 complete 30-sample window,recovered_interval_shorter_than_30_samples,
P021,32,7.833333333333805,8.3333,499.9666666661949,2,True,True,True,>=30 actual samples on corrected 100Hz grid and >=1 complete 30-sample window,,
P021,33,8.000000000000497,10.0033,2003.299999999502,12,True,True,True,>=30 actual samples on corrected 100Hz grid and >=1 complete 30-sample window,,
P021,34,7.700000000000451,10.3333,2633.299999999548,16,True,True,True,>=30 actual samples on corrected 100Hz grid and >=1 complete 30-sample window,,
P021,37,8.966666666667315,10.5033,1536.6333333326843,9,True,True,True,>=30 actual samples on corrected 100Hz grid and >=1 complete 30-sample window,,
P021,38,8.933333333333977,9.2633,329.9666666660226,1,True,True,True,>=30 actual samples on corrected 100Hz grid and >=1 complete 30-sample window,,
P021,39,5.6666666666668,6.1333,466.6333333332,2,True,True,True,>=30 actual samples on corrected 100Hz grid and >=1 complete 30-sample window,,
P021,40,5.9333333333335085,6.2633,329.9666666664916,1,True,True,True,>=30 actual samples on corrected 100Hz grid and >=1 complete 30-sample window,,
P021,41,5.43333333333343,6.4333,999.9666666665696,5,True,True,True,>=30 actual samples on corrected 100Hz grid and >=1 complete 30-sample window,,
P021,42,5.400000000000092,6.4633,1063.2999999999083,6,True,True,True,>=30 actual samples on corrected 100Hz grid and >=1 complete 30-sample window,,
P022,20,6.266666666666894,7.9633,1696.6333333331063,10,True,True,True,>=30 actual samples on corrected 100Hz grid and >=1 complete 30-sample window,,
P022,21,5.400000000000092,5.9033,503.2999999999079,2,True,True,True,>=30 actual samples on corrected 100Hz grid and >=1 complete 30-sample window,,
P022,22,5.400000000000092,5.9033,503.2999999999079,2,True,True,True,>=30 actual samples on corrected 100Hz grid and >=1 complete 30-sample window,,
P022,23,6.266666666666894,6.7633,496.6333333331061,2,True,True,True,>=30 actual samples on corrected 100Hz grid and >=1 complete 30-sample window,,
P022,24,5.500000000000108,5.9333,433.29999999989167,1,True,True,True,>=30 actual samples on corrected 100Hz grid and >=1 complete 30-sample window,,
P022,28,17.700000000002014,18.1333,433.2999999979848,1,True,True,True,>=30 actual samples on corrected 100Hz grid and >=1 complete 30-sample window,,
P022,29,17.80000000000203,18.7333,933.2999999979704,5,True,True,True,>=30 actual samples on corrected 100Hz grid and >=1 complete 30-sample window,,
P022,30,17.733333333335352,17.8333,99.96666666464904,0,True,True,False,>=30 actual samples on corrected 100Hz grid and >=1 complete 30-sample window,recovered_interval_shorter_than_30_samples,
P022,31,17.700000000002014,17.7333,33.29999999798616,0,True,True,False,>=30 actual samples on corrected 100Hz grid and >=1 complete 30-sample window,recovered_interval_shorter_than_30_samples,
P022,32,18.400000000002123,18.7633,363.2999999978779,1,True,True,True,>=30 actual samples on corrected 100Hz grid and >=1 complete 30-sample window,,
P022,33,18.43333333333546,18.8333,399.9666666645396,1,True,True,True,>=30 actual samples on corrected 100Hz grid and >=1 complete 30-sample window,,
P022,34,18.50000000000214,20.3333,1833.2999999978624,11,True,True,True,>=30 actual samples on corrected 100Hz grid and >=1 complete 30-sample window,,
P022,37,18.400000000002123,18.8033,403.299999997877,1,True,True,True,>=30 actual samples on corrected 100Hz grid and >=1 complete 30-sample window,,
P022,38,18.43333333333546,18.4633,29.96666666453862,0,True,True,False,>=30 actual samples on corrected 100Hz grid and >=1 complete 30-sample window,recovered_interval_shorter_than_30_samples,
P022,39,5.866666666666832,6.1033,236.6333333331676,0,True,True,False,>=30 actual samples on corrected 100Hz grid and >=1 complete 30-sample window,recovered_interval_shorter_than_30_samples,
P022,40,5.866666666666832,6.1633,296.63333333316723,1,True,True,True,>=30 actual samples on corrected 100Hz grid and >=1 complete 30-sample window,,
P022,41,5.566666666666785,6.3333,766.6333333332158,4,True,True,True,>=30 actual samples on corrected 100Hz grid and >=1 complete 30-sample window,,
P022,42,5.366666666666753,6.0033,636.633333333247,3,True,True,True,>=30 actual samples on corrected 100Hz grid and >=1 complete 30-sample window,,
P023,20,6.13333333333354,6.6033,469.9666666664601,2,True,True,True,>=30 actual samples on corrected 100Hz grid and >=1 complete 30-sample window,,
P023,21,5.500000000000108,5.8633,363.2999999998914,1,True,True,True,>=30 actual samples on corrected 100Hz grid and >=1 complete 30-sample window,,
P023,22,5.500000000000108,5.8633,363.2999999998914,1,True,True,True,>=30 actual samples on corrected 100Hz grid and >=1 complete 30-sample window,,
P023,23,6.100000000000201,6.6033,503.2999999997987,2,True,True,True,>=30 actual samples on corrected 100Hz grid and >=1 complete 30-sample window,,
P023,24,5.500000000000108,7.9333,2433.2999999998915,15,True,True,True,>=30 actual samples on corrected 100Hz grid and >=1 complete 30-sample window,,
P023,28,7.166666666667035,7.6033,436.63333333296526,1,True,True,True,>=30 actual samples on corrected 100Hz grid and >=1 complete 30-sample window,,
P023,29,7.400000000000404,8.1033,703.2999999995973,3,True,True,True,>=30 actual samples on corrected 100Hz grid and >=1 complete 30-sample window,,
P023,30,7.200000000000373,7.3333,133.29999999962718,0,True,True,False,>=30 actual samples on corrected 100Hz grid and >=1 complete 30-sample window,recovered_interval_shorter_than_30_samples,
P023,31,7.200000000000373,7.3333,133.29999999962718,0,True,True,False,>=30 actual samples on corrected 100Hz grid and >=1 complete 30-sample window,recovered_interval_shorter_than_30_samples,
P023,32,7.933333333333821,8.3333,399.9666666661783,1,True,True,True,>=30 actual samples on corrected 100Hz grid and >=1 complete 30-sample window,,
P023,33,7.666666666667113,8.4033,736.633333332887,3,True,True,True,>=30 actual samples on corrected 100Hz grid and >=1 complete 30-sample window,,
P023,34,7.800000000000467,9.9333,2133.299999999532,13,True,True,True,>=30 actual samples on corrected 100Hz grid and >=1 complete 30-sample window,,
P023,37,8.000000000000497,8.6333,633.2999999995028,3,True,True,True,>=30 actual samples on corrected 100Hz grid and >=1 complete 30-sample window,,
P023,38,18.26666666666877,19.6033,1336.6333333312318,7,True,True,True,>=30 actual samples on corrected 100Hz grid and >=1 complete 30-sample window,,
P023,39,5.500000000000108,6.1633,663.2999999998912,3,True,True,True,>=30 actual samples on corrected 100Hz grid and >=1 complete 30-sample window,,
P023,40,5.833333333333493,6.1633,329.9666666665066,1,True,True,True,>=30 actual samples on corrected 100Hz grid and >=1 complete 30-sample window,,
P023,41,5.466666666666769,6.3033,836.6333333332312,4,True,True,True,>=30 actual samples on corrected 100Hz grid and >=1 complete 30-sample window,,
P023,42,5.6666666666668,6.3033,636.6333333332,3,True,True,True,>=30 actual samples on corrected 100Hz grid and >=1 complete 30-sample window,,
P024,20,6.233333333333555,6.7033,469.96666666644415,2,True,True,True,>=30 actual samples on corrected 100Hz grid and >=1 complete 30-sample window,,
P024,21,5.500000000000108,5.7333,233.2999999998915,0,True,True,False,>=30 actual samples on corrected 100Hz grid and >=1 complete 30-sample window,recovered_interval_shorter_than_30_samples,
P024,22,5.500000000000108,5.7333,233.2999999998915,0,True,True,False,>=30 actual samples on corrected 100Hz grid and >=1 complete 30-sample window,recovered_interval_shorter_than_30_samples,
P024,23,6.233333333333555,6.5733,339.96666666644427,1,True,True,True,>=30 actual samples on corrected 100Hz grid and >=1 complete 30-sample window,,
P024,24,4.799999999999998,5.9633,1163.3000000000022,6,True,True,True,>=30 actual samples on corrected 100Hz grid and >=1 complete 30-sample window,,
P024,28,17.900000000002045,18.2733,373.2999999979541,1,True,True,True,>=30 actual samples on corrected 100Hz grid and >=1 complete 30-sample window,,
P024,29,18.26666666666877,18.9333,666.6333333312302,3,True,True,True,>=30 actual samples on corrected 100Hz grid and >=1 complete 30-sample window,,
P024,30,17.933333333335383,18.0333,99.96666666461708,0,True,True,False,>=30 actual samples on corrected 100Hz grid and >=1 complete 30-sample window,recovered_interval_shorter_than_30_samples,
P024,31,17.900000000002045,18.5033,603.2999999979545,3,True,True,True,>=30 actual samples on corrected 100Hz grid and >=1 complete 30-sample window,,
P024,32,18.600000000002154,19.0333,433.29999999784616,1,True,True,True,>=30 actual samples on corrected 100Hz grid and >=1 complete 30-sample window,,
P024,33,18.766666666668847,19.1033,336.6333333311537,1,True,True,True,>=30 actual samples on corrected 100Hz grid and >=1 complete 30-sample window,,
P024,34,18.50000000000214,19.4333,933.2999999978604,5,True,True,True,>=30 actual samples on corrected 100Hz grid and >=1 complete 30-sample window,,
P024,37,18.70000000000217,19.1033,403.2999999978308,1,True,True,True,>=30 actual samples on corrected 100Hz grid and >=1 complete 30-sample window,,
P024,38,18.33333333333545,18.9633,629.9666666645508,3,True,True,True,>=30 actual samples on corrected 100Hz grid and >=1 complete 30-sample window,,
P024,39,5.800000000000154,6.1033,303.2999999998456,1,True,True,True,>=30 actual samples on corrected 100Hz grid and >=1 complete 30-sample window,,
P024,40,5.90000000000017,6.2333,333.2999999998298,1,True,True,True,>=30 actual samples on corrected 100Hz grid and >=1 complete 30-sample window,,
P024,41,5.466666666666769,6.3333,866.6333333332315,4,True,True,True,>=30 actual samples on corrected 100Hz grid and >=1 complete 30-sample window,,
P024,42,5.733333333333477,6.2033,469.9666666665223,2,True,True,True,>=30 actual samples on corrected 100Hz grid and >=1 complete 30-sample window,,
P025,20,6.000000000000186,6.7633,763.2999999998144,4,True,True,True,>=30 actual samples on corrected 100Hz grid and >=1 complete 30-sample window,,
P025,21,5.500000000000108,5.7333,233.2999999998915,0,True,True,False,>=30 actual samples on corrected 100Hz grid and >=1 complete 30-sample window,recovered_interval_shorter_than_30_samples,
P025,22,5.500000000000108,5.7333,233.2999999998915,0,True,True,False,>=30 actual samples on corrected 100Hz grid and >=1 complete 30-sample window,recovered_interval_shorter_than_30_samples,
P025,23,6.13333333333354,6.6333,499.9666666664604,2,True,True,True,>=30 actual samples on corrected 100Hz grid and >=1 complete 30-sample window,,
P025,24,5.500000000000108,5.7033,203.29999999989124,0,True,True,False,>=30 actual samples on corrected 100Hz grid and >=1 complete 30-sample window,recovered_interval_shorter_than_30_samples,
P025,28,7.400000000000404,7.8333,433.2999999995968,1,True,True,True,>=30 actual samples on corrected 100Hz grid and >=1 complete 30-sample window,,
P025,29,7.400000000000404,8.6033,1203.2999999995973,7,True,True,True,>=30 actual samples on corrected 100Hz grid and >=1 complete 30-sample window,,
P025,30,7.400000000000404,7.6333,233.2999999995966,0,True,True,False,>=30 actual samples on corrected 100Hz grid and >=1 complete 30-sample window,recovered_interval_shorter_than_30_samples,
P025,31,7.400000000000404,7.6333,233.2999999995966,0,True,True,False,>=30 actual samples on corrected 100Hz grid and >=1 complete 30-sample window,recovered_interval_shorter_than_30_samples,
P025,32,7.400000000000404,8.7033,1303.2999999995968,7,True,True,True,>=30 actual samples on corrected 100Hz grid and >=1 complete 30-sample window,,
P025,33,7.400000000000404,8.8033,1403.2999999995966,8,True,True,True,>=30 actual samples on corrected 100Hz grid and >=1 complete 30-sample window,,
P025,34,7.400000000000404,9.9033,2503.2999999995964,15,True,True,True,>=30 actual samples on corrected 100Hz grid and >=1 complete 30-sample window,,
P025,37,7.700000000000451,10.3933,2693.2999999995486,17,True,True,True,>=30 actual samples on corrected 100Hz grid and >=1 complete 30-sample window,,
P025,38,18.66666666666883,21.3033,2636.6333333311686,16,True,True,True,>=30 actual samples on corrected 100Hz grid and >=1 complete 30-sample window,,
P025,39,5.533333333333446,6.1333,599.9666666665541,3,True,True,True,>=30 actual samples on corrected 100Hz grid and >=1 complete 30-sample window,,
P025,40,5.866666666666832,6.1633,296.63333333316723,1,True,True,True,>=30 actual samples on corrected 100Hz grid and >=1 complete 30-sample window,,
P025,41,5.43333333333343,6.4333,999.9666666665696,5,True,True,True,>=30 actual samples on corrected 100Hz grid and >=1 complete 30-sample window,,
P025,42,5.600000000000123,6.3033,703.2999999998771,3,True,True,True,>=30 actual samples on corrected 100Hz grid and >=1 complete 30-sample window,,
P026,20,6.033333333333524,6.8033,769.9666666664759,4,True,True,True,>=30 actual samples on corrected 100Hz grid and >=1 complete 30-sample window,,
P026,21,5.500000000000108,6.2633,763.2999999998917,4,True,True,True,>=30 actual samples on corrected 100Hz grid and >=1 complete 30-sample window,,
P026,22,5.500000000000108,6.2633,763.2999999998917,4,True,True,True,>=30 actual samples on corrected 100Hz grid and >=1 complete 30-sample window,,
P026,23,5.866666666666832,6.7033,836.6333333331672,4,True,True,True,>=30 actual samples on corrected 100Hz grid and >=1 complete 30-sample window,,
P026,24,5.500000000000108,5.5033,3.299999999891945,0,True,True,False,>=30 actual samples on corrected 100Hz grid and >=1 complete 30-sample window,recovered_interval_shorter_than_30_samples,
P026,28,7.433333333333743,8.0033,569.9666666662564,2,True,True,True,>=30 actual samples on corrected 100Hz grid and >=1 complete 30-sample window,,
P026,29,7.433333333333743,8.7333,1299.9666666662567,7,True,True,True,>=30 actual samples on corrected 100Hz grid and >=1 complete 30-sample window,,
P026,30,7.433333333333743,7.5333,99.96666666625664,0,True,True,False,>=30 actual samples on corrected 100Hz grid and >=1 complete 30-sample window,recovered_interval_shorter_than_30_samples,
P026,31,7.433333333333743,7.5333,99.96666666625664,0,True,True,False,>=30 actual samples on corrected 100Hz grid and >=1 complete 30-sample window,recovered_interval_shorter_than_30_samples,
P026,32,7.433333333333743,8.7033,1269.9666666662574,7,True,True,True,>=30 actual samples on corrected 100Hz grid and >=1 complete 30-sample window,,
P026,33,7.433333333333743,8.9333,1499.966666666256,9,True,True,True,>=30 actual samples on corrected 100Hz grid and >=1 complete 30-sample window,,
P026,34,7.433333333333743,10.3333,2899.9666666662565,18,True,True,True,>=30 actual samples on corrected 100Hz grid and >=1 complete 30-sample window,,
P026,37,15.566666666668349,16.8333,1266.6333333316527,7,True,True,True,>=30 actual samples on corrected 100Hz grid and >=1 complete 30-sample window,,
P026,38,14.33333333333482,14.6033,269.9666666651801,0,True,True,False,>=30 actual samples on corrected 100Hz grid and >=1 complete 30-sample window,recovered_interval_shorter_than_30_samples,
P026,39,5.566666666666785,6.0633,496.6333333332154,2,True,True,True,>=30 actual samples on corrected 100Hz grid and >=1 complete 30-sample window,,
P026,40,5.90000000000017,6.2333,333.2999999998298,1,True,True,True,>=30 actual samples on corrected 100Hz grid and >=1 complete 30-sample window,,
P026,41,5.400000000000092,6.5633,1163.299999999908,6,True,True,True,>=30 actual samples on corrected 100Hz grid and >=1 complete 30-sample window,,
P026,42,5.300000000000076,6.1333,833.299999999924,4,True,True,True,>=30 actual samples on corrected 100Hz grid and >=1 complete 30-sample window,,
P027,20,6.266666666666894,6.7333,466.6333333331058,2,True,True,True,>=30 actual samples on corrected 100Hz grid and >=1 complete 30-sample window,,
P027,21,5.466666666666769,5.9333,466.6333333332311,2,True,True,True,>=30 actual samples on corrected 100Hz grid and >=1 complete 30-sample window,,
P027,22,5.400000000000092,5.9033,503.2999999999079,2,True,True,True,>=30 actual samples on corrected 100Hz grid and >=1 complete 30-sample window,,
P027,23,6.100000000000201,6.4333,333.2999999997988,1,True,True,True,>=30 actual samples on corrected 100Hz grid and >=1 complete 30-sample window,,
P027,24,5.500000000000108,5.9033,403.2999999998914,1,True,True,True,>=30 actual samples on corrected 100Hz grid and >=1 complete 30-sample window,,
P027,28,18.4666666666688,19.0033,536.6333333311992,2,True,True,True,>=30 actual samples on corrected 100Hz grid and >=1 complete 30-sample window,,
P027,29,18.400000000002123,19.0733,673.2999999978766,3,True,True,True,>=30 actual samples on corrected 100Hz grid and >=1 complete 30-sample window,,
P027,30,18.20000000000209,18.2333,33.29999999791156,0,True,True,False,>=30 actual samples on corrected 100Hz grid and >=1 complete 30-sample window,recovered_interval_shorter_than_30_samples,
P027,31,18.23333333333543,18.4333,199.96666666456875,0,True,True,False,>=30 actual samples on corrected 100Hz grid and >=1 complete 30-sample window,recovered_interval_shorter_than_30_samples,
P027,32,18.866666666668863,19.1733,306.6333333311384,1,True,True,True,>=30 actual samples on corrected 100Hz grid and >=1 complete 30-sample window,,
P027,33,18.96666666666888,19.4033,436.6333333311232,1,True,True,True,>=30 actual samples on corrected 100Hz grid and >=1 complete 30-sample window,,
P027,34,18.93333333333554,20.4333,1499.9666666644594,9,True,True,True,>=30 actual samples on corrected 100Hz grid and >=1 complete 30-sample window,,
P027,37,18.9000000000022,19.1933,293.29999999779943,1,True,True,True,>=30 actual samples on corrected 100Hz grid and >=1 complete 30-sample window,,
P027,38,19.000000000002217,20.3633,1363.299999997782,8,True,True,True,>=30 actual samples on corrected 100Hz grid and >=1 complete 30-sample window,,
P027,39,5.833333333333493,6.1033,269.966666666507,0,True,True,False,>=30 actual samples on corrected 100Hz grid and >=1 complete 30-sample window,recovered_interval_shorter_than_30_samples,
P027,40,5.90000000000017,6.1633,263.29999999982954,0,True,True,False,>=30 actual samples on corrected 100Hz grid and >=1 complete 30-sample window,recovered_interval_shorter_than_30_samples,
P027,41,5.633333333333462,6.3633,729.9666666665381,3,True,True,True,>=30 actual samples on corrected 100Hz grid and >=1 complete 30-sample window,,
P027,42,5.600000000000123,6.1033,503.2999999998768,2,True,True,True,>=30 actual samples on corrected 100Hz grid and >=1 complete 30-sample window,,
P028,20,6.13333333333354,6.5633,429.9666666664601,1,True,True,True,>=30 actual samples on corrected 100Hz grid and >=1 complete 30-sample window,,
P028,21,5.500000000000108,5.8333,333.299999999892,1,True,True,True,>=30 actual samples on corrected 100Hz grid and >=1 complete 30-sample window,,
P028,22,5.500000000000108,5.8333,333.299999999892,1,True,True,True,>=30 actual samples on corrected 100Hz grid and >=1 complete 30-sample window,,
P028,23,5.766666666666816,6.5633,796.633333333184,4,True,True,True,>=30 actual samples on corrected 100Hz grid and >=1 complete 30-sample window,,
P028,24,5.500000000000108,5.7033,203.29999999989124,0,True,True,False,>=30 actual samples on corrected 100Hz grid and >=1 complete 30-sample window,recovered_interval_shorter_than_30_samples,
P028,28,7.566666666667097,7.9733,406.6333333329029,1,True,True,True,>=30 actual samples on corrected 100Hz grid and >=1 complete 30-sample window,,
P028,29,7.566666666667097,8.9633,1396.633333332903,8,True,True,True,>=30 actual samples on corrected 100Hz grid and >=1 complete 30-sample window,,
P028,30,7.566666666667097,7.6333,66.63333333290299,0,True,True,False,>=30 actual samples on corrected 100Hz grid and >=1 complete 30-sample window,recovered_interval_shorter_than_30_samples,
P028,31,7.566666666667097,7.6333,66.63333333290299,0,True,True,False,>=30 actual samples on corrected 100Hz grid and >=1 complete 30-sample window,recovered_interval_shorter_than_30_samples,
P028,32,7.566666666667097,8.9333,1366.633333332902,8,True,True,True,>=30 actual samples on corrected 100Hz grid and >=1 complete 30-sample window,,
P028,33,7.566666666667097,8.9633,1396.633333332903,8,True,True,True,>=30 actual samples on corrected 100Hz grid and >=1 complete 30-sample window,,
P028,34,7.566666666667097,10.1333,2566.633333332903,16,True,True,True,>=30 actual samples on corrected 100Hz grid and >=1 complete 30-sample window,,
P028,37,10.066666666667489,11.8733,1806.633333332512,11,True,True,True,>=30 actual samples on corrected 100Hz grid and >=1 complete 30-sample window,,
P028,38,15.100000000001607,15.3333,233.29999999839225,0,True,True,False,>=30 actual samples on corrected 100Hz grid and >=1 complete 30-sample window,recovered_interval_shorter_than_30_samples,
P028,39,5.6666666666668,6.1333,466.6333333332,2,True,True,True,>=30 actual samples on corrected 100Hz grid and >=1 complete 30-sample window,,
P028,40,5.366666666666753,6.2333,866.6333333332466,4,True,True,True,>=30 actual samples on corrected 100Hz grid and >=1 complete 30-sample window,,
P028,41,5.333333333333415,6.4333,1099.9666666665853,6,True,True,True,>=30 actual samples on corrected 100Hz grid and >=1 complete 30-sample window,,
P028,42,5.333333333333415,6.1633,829.9666666665848,4,True,True,True,>=30 actual samples on corrected 100Hz grid and >=1 complete 30-sample window,,
P029,20,6.266666666666894,6.7033,436.6333333331056,1,True,True,True,>=30 actual samples on corrected 100Hz grid and >=1 complete 30-sample window,,
P029,21,5.43333333333343,5.9633,529.9666666665698,2,True,True,True,>=30 actual samples on corrected 100Hz grid and >=1 complete 30-sample window,,
P029,22,5.43333333333343,5.9333,499.9666666665696,2,True,True,True,>=30 actual samples on corrected 100Hz grid and >=1 complete 30-sample window,,
P029,23,6.000000000000186,6.6033,603.2999999998143,3,True,True,True,>=30 actual samples on corrected 100Hz grid and >=1 complete 30-sample window,,
P029,24,5.500000000000108,5.6033,103.29999999989158,0,True,True,False,>=30 actual samples on corrected 100Hz grid and >=1 complete 30-sample window,recovered_interval_shorter_than_30_samples,
P029,28,7.600000000000436,7.9633,363.2999999995645,1,True,True,True,>=30 actual samples on corrected 100Hz grid and >=1 complete 30-sample window,,
P029,29,8.066666666667174,8.7033,636.633333332826,3,True,True,True,>=30 actual samples on corrected 100Hz grid and >=1 complete 30-sample window,,
P029,30,7.700000000000451,7.7333,33.29999999954847,0,True,True,False,>=30 actual samples on corrected 100Hz grid and >=1 complete 30-sample window,recovered_interval_shorter_than_30_samples,
P029,31,7.700000000000451,7.8333,133.29999999954902,0,True,True,False,>=30 actual samples on corrected 100Hz grid and >=1 complete 30-sample window,recovered_interval_shorter_than_30_samples,
P029,32,8.40000000000056,8.7933,393.2999999994405,1,True,True,True,>=30 actual samples on corrected 100Hz grid and >=1 complete 30-sample window,,
P029,33,8.466666666667237,8.9633,496.6333333327633,2,True,True,True,>=30 actual samples on corrected 100Hz grid and >=1 complete 30-sample window,,
P029,34,8.500000000000576,10.1333,1633.2999999994247,9,True,True,True,>=30 actual samples on corrected 100Hz grid and >=1 complete 30-sample window,,
P029,37,8.500000000000576,9.1333,633.2999999994247,3,True,True,True,>=30 actual samples on corrected 100Hz grid and >=1 complete 30-sample window,,
P029,38,19.033333333335555,21.3333,2299.9666666644457,14,True,True,True,>=30 actual samples on corrected 100Hz grid and >=1 complete 30-sample window,,
P029,39,5.500000000000108,6.1033,603.2999999998916,3,True,True,True,>=30 actual samples on corrected 100Hz grid and >=1 complete 30-sample window,,
P029,40,5.833333333333493,6.1033,269.966666666507,0,True,True,False,>=30 actual samples on corrected 100Hz grid and >=1 complete 30-sample window,recovered_interval_shorter_than_30_samples,
P029,41,5.566666666666785,6.5033,936.6333333332158,5,True,True,True,>=30 actual samples on corrected 100Hz grid and >=1 complete 30-sample window,,
P029,42,5.733333333333477,6.1333,399.9666666665229,1,True,True,True,>=30 actual samples on corrected 100Hz grid and >=1 complete 30-sample window,,
P030,20,6.233333333333555,6.7333,499.9666666664444,2,True,True,True,>=30 actual samples on corrected 100Hz grid and >=1 complete 30-sample window,,
P030,21,5.466666666666769,5.9033,436.6333333332309,1,True,True,True,>=30 actual samples on corrected 100Hz grid and >=1 complete 30-sample window,,
P030,22,5.43333333333343,5.9333,499.9666666665696,2,True,True,True,>=30 actual samples on corrected 100Hz grid and >=1 complete 30-sample window,,
P030,23,6.266666666666894,6.6033,336.63333333310595,1,True,True,True,>=30 actual samples on corrected 100Hz grid and >=1 complete 30-sample window,,
P030,24,5.466666666666769,5.8933,426.6333333332311,1,True,True,True,>=30 actual samples on corrected 100Hz grid and >=1 complete 30-sample window,,
P030,28,18.20000000000209,18.5033,303.2999999979112,1,True,True,True,>=30 actual samples on corrected 100Hz grid and >=1 complete 30-sample window,,
P030,29,18.96666666666888,19.2633,296.6333333311226,1,True,True,True,>=30 actual samples on corrected 100Hz grid and >=1 complete 30-sample window,,
P030,30,18.20000000000209,18.6333,433.29999999791016,1,True,True,True,>=30 actual samples on corrected 100Hz grid and >=1 complete 30-sample window,,
P030,31,18.23333333333543,18.4333,199.96666666456875,0,True,True,False,>=30 actual samples on corrected 100Hz grid and >=1 complete 30-sample window,recovered_interval_shorter_than_30_samples,
P030,32,18.96666666666888,19.3033,336.6333333311218,1,True,True,True,>=30 actual samples on corrected 100Hz grid and >=1 complete 30-sample window,,
P030,33,19.000000000002217,19.3333,333.2999999977844,1,True,True,True,>=30 actual samples on corrected 100Hz grid and >=1 complete 30-sample window,,
P030,34,18.96666666666888,20.4333,1466.6333333311209,8,True,True,True,>=30 actual samples on corrected 100Hz grid and >=1 complete 30-sample window,,
P030,37,19.06666666666889,19.3633,296.6333333311084,1,True,True,True,>=30 actual samples on corrected 100Hz grid and >=1 complete 30-sample window,,
P030,38,7.700000000000451,8.9633,1263.2999999995488,7,True,True,True,>=30 actual samples on corrected 100Hz grid and >=1 complete 30-sample window,,
P030,39,5.700000000000139,6.2033,503.29999999986086,2,True,True,True,>=30 actual samples on corrected 100Hz grid and >=1 complete 30-sample window,,
P030,40,5.9333333333335085,6.2033,269.96666666649105,0,True,True,False,>=30 actual samples on corrected 100Hz grid and >=1 complete 30-sample window,recovered_interval_shorter_than_30_samples,
P030,41,5.90000000000017,6.2333,333.2999999998298,1,True,True,True,>=30 actual samples on corrected 100Hz grid and >=1 complete 30-sample window,,
P030,42,5.833333333333493,6.1033,269.966666666507,0,True,True,False,>=30 actual samples on corrected 100Hz grid and >=1 complete 30-sample window,recovered_interval_shorter_than_30_samples,
P031,20,5.800000000000154,6.6333,833.2999999998458,4,True,True,True,>=30 actual samples on corrected 100Hz grid and >=1 complete 30-sample window,,
P031,21,5.500000000000108,5.6333,133.29999999989184,0,True,True,False,>=30 actual samples on corrected 100Hz grid and >=1 complete 30-sample window,recovered_interval_shorter_than_30_samples,
P031,22,5.500000000000108,5.6333,133.29999999989184,0,True,True,False,>=30 actual samples on corrected 100Hz grid and >=1 complete 30-sample window,recovered_interval_shorter_than_30_samples,
P031,23,5.966666666666847,6.6033,636.6333333331529,3,True,True,True,>=30 actual samples on corrected 100Hz grid and >=1 complete 30-sample window,,
P031,24,5.500000000000108,5.6033,103.29999999989158,0,True,True,False,>=30 actual samples on corrected 100Hz grid and >=1 complete 30-sample window,recovered_interval_shorter_than_30_samples,
P031,28,7.73333333333379,8.2033,469.9666666662106,2,True,True,True,>=30 actual samples on corrected 100Hz grid and >=1 complete 30-sample window,,
P031,29,7.73333333333379,9.0033,1269.9666666662094,7,True,True,True,>=30 actual samples on corrected 100Hz grid and >=1 complete 30-sample window,,
P031,30,7.73333333333379,8.1333,399.9666666662103,1,True,True,True,>=30 actual samples on corrected 100Hz grid and >=1 complete 30-sample window,,
P031,31,7.73333333333379,8.1333,399.9666666662103,1,True,True,True,>=30 actual samples on corrected 100Hz grid and >=1 complete 30-sample window,,
P031,32,7.73333333333379,9.1733,1439.9666666662094,8,True,True,True,>=30 actual samples on corrected 100Hz grid and >=1 complete 30-sample window,,
P031,33,7.73333333333379,9.1333,1399.9666666662104,8,True,True,True,>=30 actual samples on corrected 100Hz grid and >=1 complete 30-sample window,,
P031,34,7.73333333333379,10.1033,2369.966666666211,14,True,True,True,>=30 actual samples on corrected 100Hz grid and >=1 complete 30-sample window,,
P031,37,9.233333333334024,10.9333,1699.9666666659757,10,True,True,True,>=30 actual samples on corrected 100Hz grid and >=1 complete 30-sample window,,
P031,38,19.033333333335555,20.5333,1499.966666664445,9,True,True,True,>=30 actual samples on corrected 100Hz grid and >=1 complete 30-sample window,,
P031,39,5.466666666666769,6.1033,636.633333333231,3,True,True,True,>=30 actual samples on corrected 100Hz grid and >=1 complete 30-sample window,,
P031,40,5.466666666666769,6.2033,736.6333333332307,3,True,True,True,>=30 actual samples on corrected 100Hz grid and >=1 complete 30-sample window,,
P031,41,5.400000000000092,6.3333,933.2999999999086,5,True,True,True,>=30 actual samples on corrected 100Hz grid and >=1 complete 30-sample window,,
P031,42,5.233333333333399,6.3033,1069.966666666601,6,True,True,True,>=30 actual samples on corrected 100Hz grid and >=1 complete 30-sample window,,
P032,20,5.90000000000017,6.7333,833.2999999998299,4,True,True,True,>=30 actual samples on corrected 100Hz grid and >=1 complete 30-sample window,,
P032,21,5.500000000000108,5.6033,103.29999999989158,0,True,True,False,>=30 actual samples on corrected 100Hz grid and >=1 complete 30-sample window,recovered_interval_shorter_than_30_samples,
P032,22,5.500000000000108,5.6033,103.29999999989158,0,True,True,False,>=30 actual samples on corrected 100Hz grid and >=1 complete 30-sample window,recovered_interval_shorter_than_30_samples,
P032,23,6.000000000000186,6.6333,633.2999999998145,3,True,True,True,>=30 actual samples on corrected 100Hz grid and >=1 complete 30-sample window,,
P032,24,5.500000000000108,5.7333,233.2999999998915,0,True,True,False,>=30 actual samples on corrected 100Hz grid and >=1 complete 30-sample window,recovered_interval_shorter_than_30_samples,
P032,28,7.700000000000451,8.4033,703.2999999995484,3,True,True,True,>=30 actual samples on corrected 100Hz grid and >=1 complete 30-sample window,,
P032,29,7.933333333333821,8.7333,799.9666666661786,4,True,True,True,>=30 actual samples on corrected 100Hz grid and >=1 complete 30-sample window,,
P032,30,7.833333333333805,8.0333,199.9666666661959,0,True,True,False,>=30 actual samples on corrected 100Hz grid and >=1 complete 30-sample window,recovered_interval_shorter_than_30_samples,
P032,31,7.833333333333805,8.0333,199.9666666661959,0,True,True,False,>=30 actual samples on corrected 100Hz grid and >=1 complete 30-sample window,recovered_interval_shorter_than_30_samples,
P032,32,8.466666666667237,8.8733,406.6333333327634,1,True,True,True,>=30 actual samples on corrected 100Hz grid and >=1 complete 30-sample window,,
P032,33,8.266666666667206,9.1033,836.6333333327951,4,True,True,True,>=30 actual samples on corrected 100Hz grid and >=1 complete 30-sample window,,
P032,34,8.63333333333393,10.6333,1999.9666666660703,12,True,True,True,>=30 actual samples on corrected 100Hz grid and >=1 complete 30-sample window,,
P032,37,7.933333333333821,9.4333,1499.9666666661778,9,True,True,True,>=30 actual samples on corrected 100Hz grid and >=1 complete 30-sample window,,
P032,38,10.133333333334164,12.8733,2739.9666666658363,17,True,True,True,>=30 actual samples on corrected 100Hz grid and >=1 complete 30-sample window,,
P032,39,5.533333333333446,6.1333,599.9666666665541,3,True,True,True,>=30 actual samples on corrected 100Hz grid and >=1 complete 30-sample window,,
P032,40,5.733333333333477,6.2333,499.96666666652254,2,True,True,True,>=30 actual samples on corrected 100Hz grid and >=1 complete 30-sample window,,
P032,41,5.400000000000092,6.3933,993.299999999908,5,True,True,True,>=30 actual samples on corrected 100Hz grid and >=1 complete 30-sample window,,
P032,42,5.300000000000076,6.1333,833.299999999924,4,True,True,True,>=30 actual samples on corrected 100Hz grid and >=1 complete 30-sample window,,
P033,20,6.233333333333555,6.5633,329.9666666664445,1,True,True,True,>=30 actual samples on corrected 100Hz grid and >=1 complete 30-sample window,,
P033,21,5.466666666666769,5.9033,436.6333333332309,1,True,True,True,>=30 actual samples on corrected 100Hz grid and >=1 complete 30-sample window,,
P033,22,5.43333333333343,5.8733,439.96666666657,1,True,True,True,>=30 actual samples on corrected 100Hz grid and >=1 complete 30-sample window,,
P033,23,6.266666666666894,6.3033,36.633333333106144,0,True,True,False,>=30 actual samples on corrected 100Hz grid and >=1 complete 30-sample window,recovered_interval_shorter_than_30_samples,
P033,24,5.366666666666753,5.9633,596.6333333332469,3,True,True,True,>=30 actual samples on corrected 100Hz grid and >=1 complete 30-sample window,,
P033,28,18.16666666666876,18.6333,466.6333333312416,2,True,True,True,>=30 actual samples on corrected 100Hz grid and >=1 complete 30-sample window,,
P033,29,18.633333333335493,19.3333,699.9666666645084,3,True,True,True,>=30 actual samples on corrected 100Hz grid and >=1 complete 30-sample window,,
P033,30,18.23333333333543,18.3333,99.96666666457088,0,True,True,False,>=30 actual samples on corrected 100Hz grid and >=1 complete 30-sample window,recovered_interval_shorter_than_30_samples,
P033,31,18.23333333333543,18.3333,99.96666666457088,0,True,True,False,>=30 actual samples on corrected 100Hz grid and >=1 complete 30-sample window,recovered_interval_shorter_than_30_samples,
P033,32,18.9000000000022,19.4333,533.2999999977978,2,True,True,True,>=30 actual samples on corrected 100Hz grid and >=1 complete 30-sample window,,
P033,33,19.13333333333557,19.5033,369.9666666644283,1,True,True,True,>=30 actual samples on corrected 100Hz grid and >=1 complete 30-sample window,,
P033,34,19.10000000000224,20.8633,1763.2999999977628,10,True,True,True,>=30 actual samples on corrected 100Hz grid and >=1 complete 30-sample window,,
P033,37,19.06666666666889,20.7633,1696.6333333311106,10,True,True,True,>=30 actual samples on corrected 100Hz grid and >=1 complete 30-sample window,,
P033,38,7.866666666667144,8.1933,326.6333333328566,1,True,True,True,>=30 actual samples on corrected 100Hz grid and >=1 complete 30-sample window,,
P033,39,5.733333333333477,6.1933,459.96666666652254,2,True,True,True,>=30 actual samples on corrected 100Hz grid and >=1 complete 30-sample window,,
P033,40,5.833333333333493,6.0733,239.9666666665068,0,True,True,False,>=30 actual samples on corrected 100Hz grid and >=1 complete 30-sample window,recovered_interval_shorter_than_30_samples,
P033,41,5.533333333333446,6.3633,829.9666666665537,4,True,True,True,>=30 actual samples on corrected 100Hz grid and >=1 complete 30-sample window,,
P033,42,5.566666666666785,6.4633,896.6333333332157,5,True,True,True,>=30 actual samples on corrected 100Hz grid and >=1 complete 30-sample window,,
P034,20,6.166666666666878,6.7333,566.6333333331215,2,True,True,True,>=30 actual samples on corrected 100Hz grid and >=1 complete 30-sample window,,
P034,21,5.466666666666769,6.0033,536.6333333332313,2,True,True,True,>=30 actual samples on corrected 100Hz grid and >=1 complete 30-sample window,,
P034,22,5.466666666666769,5.9933,526.6333333332307,2,True,True,True,>=30 actual samples on corrected 100Hz grid and >=1 complete 30-sample window,,
P034,23,6.066666666666863,6.5933,526.6333333331374,2,True,True,True,>=30 actual samples on corrected 100Hz grid and >=1 complete 30-sample window,,
P034,24,5.500000000000108,5.9033,403.2999999998914,1,True,True,True,>=30 actual samples on corrected 100Hz grid and >=1 complete 30-sample window,,
P034,28,7.700000000000451,8.1033,403.2999999995495,1,True,True,True,>=30 actual samples on corrected 100Hz grid and >=1 complete 30-sample window,,
P034,29,8.033333333333836,8.8033,769.9666666661642,4,True,True,True,>=30 actual samples on corrected 100Hz grid and >=1 complete 30-sample window,,
P034,30,7.800000000000467,7.8333,33.29999999953337,0,True,True,False,>=30 actual samples on corrected 100Hz grid and >=1 complete 30-sample window,recovered_interval_shorter_than_30_samples,
P034,31,7.766666666667128,7.9333,166.63333333287244,0,True,True,False,>=30 actual samples on corrected 100Hz grid and >=1 complete 30-sample window,recovered_interval_shorter_than_30_samples,
P034,32,8.500000000000576,8.8633,363.2999999994251,1,True,True,True,>=30 actual samples on corrected 100Hz grid and >=1 complete 30-sample window,,
P034,33,8.666666666667268,9.0633,396.6333333327317,1,True,True,True,>=30 actual samples on corrected 100Hz grid and >=1 complete 30-sample window,,
P034,34,8.533333333333914,10.8333,2299.966666666085,14,True,True,True,>=30 actual samples on corrected 100Hz grid and >=1 complete 30-sample window,,
P034,37,19.16666666666891,19.6033,436.6333333310912,1,True,True,True,>=30 actual samples on corrected 100Hz grid and >=1 complete 30-sample window,,
P034,38,19.266666666668925,21.5033,2236.633333331074,13,True,True,True,>=30 actual samples on corrected 100Hz grid and >=1 complete 30-sample window,,
P034,39,5.43333333333343,6.1333,699.9666666665698,3,True,True,True,>=30 actual samples on corrected 100Hz grid and >=1 complete 30-sample window,,
P034,40,5.733333333333477,6.1633,429.9666666665223,1,True,True,True,>=30 actual samples on corrected 100Hz grid and >=1 complete 30-sample window,,
P034,41,5.333333333333415,6.5333,1199.9666666665848,7,True,True,True,>=30 actual samples on corrected 100Hz grid and >=1 complete 30-sample window,,
P034,42,5.766666666666816,6.2033,436.63333333318377,1,True,True,True,>=30 actual samples on corrected 100Hz grid and >=1 complete 30-sample window,,
P035,20,6.100000000000201,6.7333,633.2999999997986,3,True,True,True,>=30 actual samples on corrected 100Hz grid and >=1 complete 30-sample window,,
P035,21,5.500000000000108,5.7633,263.2999999998917,0,True,True,False,>=30 actual samples on corrected 100Hz grid and >=1 complete 30-sample window,recovered_interval_shorter_than_30_samples,
P035,22,5.500000000000108,5.7633,263.2999999998917,0,True,True,False,>=30 actual samples on corrected 100Hz grid and >=1 complete 30-sample window,recovered_interval_shorter_than_30_samples,
P035,23,6.033333333333524,6.6333,599.966666666476,3,True,True,True,>=30 actual samples on corrected 100Hz grid and >=1 complete 30-sample window,,
P035,24,5.500000000000108,5.7333,233.2999999998915,0,True,True,False,>=30 actual samples on corrected 100Hz grid and >=1 complete 30-sample window,recovered_interval_shorter_than_30_samples,
P035,28,7.700000000000451,8.4033,703.2999999995484,3,True,True,True,>=30 actual samples on corrected 100Hz grid and >=1 complete 30-sample window,,
P035,29,7.933333333333821,8.8333,899.9666666661783,5,True,True,True,>=30 actual samples on corrected 100Hz grid and >=1 complete 30-sample window,,
P035,30,7.800000000000467,7.9633,163.29999999953327,0,True,True,False,>=30 actual samples on corrected 100Hz grid and >=1 complete 30-sample window,recovered_interval_shorter_than_30_samples,
P035,31,7.800000000000467,7.9333,133.299999999533,0,True,True,False,>=30 actual samples on corrected 100Hz grid and >=1 complete 30-sample window,recovered_interval_shorter_than_30_samples,
P035,32,8.500000000000576,8.9033,403.2999999994242,1,True,True,True,>=30 actual samples on corrected 100Hz grid and >=1 complete 30-sample window,,
P035,33,8.600000000000591,9.0033,403.2999999994082,1,True,True,True,>=30 actual samples on corrected 100Hz grid and >=1 complete 30-sample window,,
P035,34,8.566666666667253,10.3333,1766.6333333327468,10,True,True,True,>=30 actual samples on corrected 100Hz grid and >=1 complete 30-sample window,,
P035,37,8.366666666667221,10.2633,1896.6333333327773,11,True,True,True,>=30 actual samples on corrected 100Hz grid and >=1 complete 30-sample window,,
P035,38,19.233333333335587,21.4633,2229.9666666644134,13,True,True,True,>=30 actual samples on corrected 100Hz grid and >=1 complete 30-sample window,,
P035,39,5.400000000000092,6.1033,703.2999999999081,3,True,True,True,>=30 actual samples on corrected 100Hz grid and >=1 complete 30-sample window,,
P035,40,5.766666666666816,6.0633,296.6333333331841,1,True,True,True,>=30 actual samples on corrected 100Hz grid and >=1 complete 30-sample window,,
P035,41,5.466666666666769,6.3333,866.6333333332315,4,True,True,True,>=30 actual samples on corrected 100Hz grid and >=1 complete 30-sample window,,
P035,42,5.733333333333477,6.1033,369.96666666652266,1,True,True,True,>=30 actual samples on corrected 100Hz grid and >=1 complete 30-sample window,,
P036,20,6.033333333333524,7.7633,1729.966666666476,10,True,True,True,>=30 actual samples on corrected 100Hz grid and >=1 complete 30-sample window,,
P036,21,5.500000000000108,6.9333,1433.2999999998926,8,True,True,True,>=30 actual samples on corrected 100Hz grid and >=1 complete 30-sample window,,
P036,22,5.500000000000108,5.8033,303.29999999989263,1,True,True,True,>=30 actual samples on corrected 100Hz grid and >=1 complete 30-sample window,,
P036,23,6.333333333333571,6.3633,29.966666666428665,0,True,True,False,>=30 actual samples on corrected 100Hz grid and >=1 complete 30-sample window,recovered_interval_shorter_than_30_samples,
P036,24,5.500000000000108,6.9733,1473.2999999998926,8,True,True,True,>=30 actual samples on corrected 100Hz grid and >=1 complete 30-sample window,,
P036,28,6.900000000000326,7.5033,603.299999999674,3,True,True,True,>=30 actual samples on corrected 100Hz grid and >=1 complete 30-sample window,,
P036,29,7.233333333333712,7.9333,699.9666666662882,3,True,True,True,>=30 actual samples on corrected 100Hz grid and >=1 complete 30-sample window,,
P036,30,6.900000000000326,6.9333,33.2999999996737,0,True,True,False,>=30 actual samples on corrected 100Hz grid and >=1 complete 30-sample window,recovered_interval_shorter_than_30_samples,
P036,31,6.866666666666988,6.9333,66.63333333301225,0,True,True,False,>=30 actual samples on corrected 100Hz grid and >=1 complete 30-sample window,recovered_interval_shorter_than_30_samples,
P036,32,7.700000000000451,8.1033,403.2999999995495,1,True,True,True,>=30 actual samples on corrected 100Hz grid and >=1 complete 30-sample window,,
P036,33,7.666666666667113,7.6733,6.633333332887403,0,True,True,False,>=30 actual samples on corrected 100Hz grid and >=1 complete 30-sample window,recovered_interval_shorter_than_30_samples,
P036,34,7.73333333333379,10.6033,2869.966666666211,18,True,True,True,>=30 actual samples on corrected 100Hz grid and >=1 complete 30-sample window,,
P036,37,7.666666666667113,8.2333,566.633333332887,2,True,True,True,>=30 actual samples on corrected 100Hz grid and >=1 complete 30-sample window,,
P036,38,11.533333333334385,11.8333,299.96666666561646,1,True,True,True,>=30 actual samples on corrected 100Hz grid and >=1 complete 30-sample window,,
P036,39,5.500000000000108,5.5333,33.299999999892194,0,True,True,False,>=30 actual samples on corrected 100Hz grid and >=1 complete 30-sample window,recovered_interval_shorter_than_30_samples,
P036,40,5.9333333333335085,6.2333,299.9666666664913,1,True,True,True,>=30 actual samples on corrected 100Hz grid and >=1 complete 30-sample window,,
P036,41,5.333333333333415,6.6333,1299.9666666665855,7,True,True,True,>=30 actual samples on corrected 100Hz grid and >=1 complete 30-sample window,,
P036,42,5.400000000000092,6.2033,803.2999999999078,4,True,True,True,>=30 actual samples on corrected 100Hz grid and >=1 complete 30-sample window,,
P037,20,6.3000000000002325,6.6333,333.2999999997677,1,True,True,True,>=30 actual samples on corrected 100Hz grid and >=1 complete 30-sample window,,
P037,21,5.500000000000108,5.6633,163.2999999998921,0,True,True,False,>=30 actual samples on corrected 100Hz grid and >=1 complete 30-sample window,recovered_interval_shorter_than_30_samples,
P037,22,5.500000000000108,5.6633,163.2999999998921,0,True,True,False,>=30 actual samples on corrected 100Hz grid and >=1 complete 30-sample window,recovered_interval_shorter_than_30_samples,
P037,23,6.266666666666894,7.5333,1266.6333333331056,7,True,True,True,>=30 actual samples on corrected 100Hz grid and >=1 complete 30-sample window,,
P037,24,5.500000000000108,6.9333,1433.2999999998926,8,True,True,True,>=30 actual samples on corrected 100Hz grid and >=1 complete 30-sample window,,
P037,28,6.3000000000002325,6.8033,503.2999999997676,2,True,True,True,>=30 actual samples on corrected 100Hz grid and >=1 complete 30-sample window,,
P037,29,6.600000000000279,7.4333,833.2999999997206,4,True,True,True,>=30 actual samples on corrected 100Hz grid and >=1 complete 30-sample window,,
P037,30,6.3000000000002325,6.3333,33.29999999976785,0,True,True,False,>=30 actual samples on corrected 100Hz grid and >=1 complete 30-sample window,recovered_interval_shorter_than_30_samples,
P037,31,6.3000000000002325,6.3333,33.29999999976785,0,True,True,False,>=30 actual samples on corrected 100Hz grid and >=1 complete 30-sample window,recovered_interval_shorter_than_30_samples,
P037,32,7.100000000000358,7.4633,363.2999999996427,1,True,True,True,>=30 actual samples on corrected 100Hz grid and >=1 complete 30-sample window,,
P037,33,7.0333333333336805,7.8033,769.9666666663196,4,True,True,True,>=30 actual samples on corrected 100Hz grid and >=1 complete 30-sample window,,
P037,34,7.233333333333712,8.1333,899.9666666662885,5,True,True,True,>=30 actual samples on corrected 100Hz grid and >=1 complete 30-sample window,,
P037,37,17.600000000001998,17.9633,363.2999999980023,1,True,True,True,>=30 actual samples on corrected 100Hz grid and >=1 complete 30-sample window,,
P037,38,17.600000000001998,17.8033,203.29999999800208,0,True,True,False,>=30 actual samples on corrected 100Hz grid and >=1 complete 30-sample window,recovered_interval_shorter_than_30_samples,
P037,39,5.533333333333446,6.2033,669.9666666665536,3,True,True,True,>=30 actual samples on corrected 100Hz grid and >=1 complete 30-sample window,,
P037,40,5.866666666666832,6.2033,336.63333333316814,1,True,True,True,>=30 actual samples on corrected 100Hz grid and >=1 complete 30-sample window,,
P037,41,5.600000000000123,6.5033,903.2999999998772,5,True,True,True,>=30 actual samples on corrected 100Hz grid and >=1 complete 30-sample window,,
P037,42,5.6666666666668,6.0633,396.6333333331997,1,True,True,True,>=30 actual samples on corrected 100Hz grid and >=1 complete 30-sample window,,
P038,20,6.266666666666894,6.5733,306.6333333331057,1,True,True,True,>=30 actual samples on corrected 100Hz grid and >=1 complete 30-sample window,,
P038,21,5.43333333333343,5.9633,529.9666666665698,2,True,True,True,>=30 actual samples on corrected 100Hz grid and >=1 complete 30-sample window,,
P038,22,5.43333333333343,5.9333,499.9666666665696,2,True,True,True,>=30 actual samples on corrected 100Hz grid and >=1 complete 30-sample window,,
P038,23,6.3000000000002325,6.5333,233.29999999976712,0,True,True,False,>=30 actual samples on corrected 100Hz grid and >=1 complete 30-sample window,recovered_interval_shorter_than_30_samples,
P038,24,5.500000000000108,5.7633,263.29999999989263,0,True,True,False,>=30 actual samples on corrected 100Hz grid and >=1 complete 30-sample window,recovered_interval_shorter_than_30_samples,
P038,28,16.800000000001873,17.3333,533.2999999981282,2,True,True,True,>=30 actual samples on corrected 100Hz grid and >=1 complete 30-sample window,,
P038,29,17.53333333333532,17.7933,259.96666666467763,0,True,True,False,>=30 actual samples on corrected 100Hz grid and >=1 complete 30-sample window,recovered_interval_shorter_than_30_samples,
P038,30,16.766666666668534,16.8333,66.63333333146682,0,True,True,False,>=30 actual samples on corrected 100Hz grid and >=1 complete 30-sample window,recovered_interval_shorter_than_30_samples,
P038,31,16.733333333335196,16.8333,99.96666666480536,0,True,True,False,>=30 actual samples on corrected 100Hz grid and >=1 complete 30-sample window,recovered_interval_shorter_than_30_samples,
P038,32,17.53333333333532,17.7733,239.96666666467803,0,True,True,False,>=30 actual samples on corrected 100Hz grid and >=1 complete 30-sample window,recovered_interval_shorter_than_30_samples,
P038,33,17.600000000001998,17.8933,293.2999999980019,1,True,True,True,>=30 actual samples on corrected 100Hz grid and >=1 complete 30-sample window,,
P038,34,17.666666666668675,20.1033,2436.633333331325,15,True,True,True,>=30 actual samples on corrected 100Hz grid and >=1 complete 30-sample window,,
P038,37,17.666666666668675,18.0033,336.63333333132425,1,True,True,True,>=30 actual samples on corrected 100Hz grid and >=1 complete 30-sample window,,
P038,38,17.600000000001998,18.4333,833.2999999980011,4,True,True,True,>=30 actual samples on corrected 100Hz grid and >=1 complete 30-sample window,,
P038,39,5.866666666666832,6.1733,306.6333333331688,1,True,True,True,>=30 actual samples on corrected 100Hz grid and >=1 complete 30-sample window,,
P038,40,5.866666666666832,6.1033,236.63333333316848,0,True,True,False,>=30 actual samples on corrected 100Hz grid and >=1 complete 30-sample window,recovered_interval_shorter_than_30_samples,
P038,41,5.600000000000123,6.3333,733.2999999998773,3,True,True,True,>=30 actual samples on corrected 100Hz grid and >=1 complete 30-sample window,,
P038,42,5.866666666666832,6.1633,296.6333333331681,1,True,True,True,>=30 actual samples on corrected 100Hz grid and >=1 complete 30-sample window,,
P039,20,6.36666666666691,6.8033,436.6333333330905,1,True,True,True,>=30 actual samples on corrected 100Hz grid and >=1 complete 30-sample window,,
P039,21,5.500000000000108,7.5033,2003.2999999998929,12,True,True,True,>=30 actual samples on corrected 100Hz grid and >=1 complete 30-sample window,,
P039,22,5.500000000000108,7.5633,2063.2999999998924,12,True,True,True,>=30 actual samples on corrected 100Hz grid and >=1 complete 30-sample window,,
P039,23,6.233333333333555,6.3333,99.96666666644494,0,True,True,False,>=30 actual samples on corrected 100Hz grid and >=1 complete 30-sample window,recovered_interval_shorter_than_30_samples,
P039,24,5.500000000000108,7.5333,2033.299999999892,12,True,True,True,>=30 actual samples on corrected 100Hz grid and >=1 complete 30-sample window,,
P039,28,6.400000000000248,6.8333,433.2999999997522,1,True,True,True,>=30 actual samples on corrected 100Hz grid and >=1 complete 30-sample window,,
P039,29,6.733333333333634,7.5333,799.9666666663661,4,True,True,True,>=30 actual samples on corrected 100Hz grid and >=1 complete 30-sample window,,
P039,30,6.466666666666925,6.5333,66.63333333307442,0,True,True,False,>=30 actual samples on corrected 100Hz grid and >=1 complete 30-sample window,recovered_interval_shorter_than_30_samples,
P039,31,6.466666666666925,6.6333,166.63333333307494,0,True,True,False,>=30 actual samples on corrected 100Hz grid and >=1 complete 30-sample window,recovered_interval_shorter_than_30_samples,
P039,32,7.300000000000389,7.7333,433.299999999611,1,True,True,True,>=30 actual samples on corrected 100Hz grid and >=1 complete 30-sample window,,
P039,33,7.200000000000373,7.2033,3.29999999962638,0,True,True,False,>=30 actual samples on corrected 100Hz grid and >=1 complete 30-sample window,recovered_interval_shorter_than_30_samples,
P039,34,7.26666666666705,8.3333,1066.6333333329492,6,True,True,True,>=30 actual samples on corrected 100Hz grid and >=1 complete 30-sample window,,
P039,37,17.400000000001967,18.3633,963.299999998032,5,True,True,True,>=30 actual samples on corrected 100Hz grid and >=1 complete 30-sample window,,
P039,38,17.400000000001967,19.1633,1763.2999999980327,10,True,True,True,>=30 actual samples on corrected 100Hz grid and >=1 complete 30-sample window,,
P039,39,5.500000000000108,6.4033,903.2999999998924,5,True,True,True,>=30 actual samples on corrected 100Hz grid and >=1 complete 30-sample window,,
P039,40,5.833333333333493,6.2033,369.9666666665067,1,True,True,True,>=30 actual samples on corrected 100Hz grid and >=1 complete 30-sample window,,
P039,41,5.466666666666769,6.4633,996.6333333332312,5,True,True,True,>=30 actual samples on corrected 100Hz grid and >=1 complete 30-sample window,,
P039,42,5.733333333333477,6.3633,629.9666666665224,3,True,True,True,>=30 actual samples on corrected 100Hz grid and >=1 complete 30-sample window,,
P040,20,6.000000000000186,6.8033,803.2999999998145,4,True,True,True,>=30 actual samples on corrected 100Hz grid and >=1 complete 30-sample window,,
P040,21,5.500000000000108,5.7333,233.2999999998924,0,True,True,False,>=30 actual samples on corrected 100Hz grid and >=1 complete 30-sample window,recovered_interval_shorter_than_30_samples,
P040,22,5.500000000000108,5.7333,233.2999999998924,0,True,True,False,>=30 actual samples on corrected 100Hz grid and >=1 complete 30-sample window,recovered_interval_shorter_than_30_samples,
P040,23,6.13333333333354,7.0633,929.96666666646,5,True,True,True,>=30 actual samples on corrected 100Hz grid and >=1 complete 30-sample window,,
P040,24,5.500000000000108,7.4733,1973.2999999998929,12,True,True,True,>=30 actual samples on corrected 100Hz grid and >=1 complete 30-sample window,,
P040,28,8.366666666667221,8.6733,306.633333332778,1,True,True,True,>=30 actual samples on corrected 100Hz grid and >=1 complete 30-sample window,,
P040,29,8.933333333333977,9.7033,769.9666666660239,4,True,True,True,>=30 actual samples on corrected 100Hz grid and >=1 complete 30-sample window,,
P040,30,8.466666666667237,8.5333,66.63333333276356,0,True,True,False,>=30 actual samples on corrected 100Hz grid and >=1 complete 30-sample window,recovered_interval_shorter_than_30_samples,
P040,31,8.433333333333898,8.5333,99.9666666661021,0,True,True,False,>=30 actual samples on corrected 100Hz grid and >=1 complete 30-sample window,recovered_interval_shorter_than_30_samples,
P040,32,9.266666666667362,10.7333,1466.633333332638,8,True,True,True,>=30 actual samples on corrected 100Hz grid and >=1 complete 30-sample window,,
P040,33,9.200000000000683,10.0633,863.299999999315,4,True,True,True,>=30 actual samples on corrected 100Hz grid and >=1 complete 30-sample window,,
P040,34,9.500000000000732,10.6333,1133.2999999992685,6,True,True,True,>=30 actual samples on corrected 100Hz grid and >=1 complete 30-sample window,,
P040,37,17.633333333335337,18.1633,529.966666664663,2,True,True,True,>=30 actual samples on corrected 100Hz grid and >=1 complete 30-sample window,,
P040,38,9.933333333334131,11.1333,1199.9666666658673,7,True,True,True,>=30 actual samples on corrected 100Hz grid and >=1 complete 30-sample window,,
P040,39,5.43333333333343,5.6033,169.96666666656955,0,True,True,False,>=30 actual samples on corrected 100Hz grid and >=1 complete 30-sample window,recovered_interval_shorter_than_30_samples,
P040,40,5.833333333333493,6.5333,699.9666666665067,3,True,True,True,>=30 actual samples on corrected 100Hz grid and >=1 complete 30-sample window,,
P040,41,5.333333333333415,6.7033,1369.9666666665848,8,True,True,True,>=30 actual samples on corrected 100Hz grid and >=1 complete 30-sample window,,
P040,42,5.9333333333335085,6.2633,329.9666666664916,1,True,True,True,>=30 actual samples on corrected 100Hz grid and >=1 complete 30-sample window,,
P041,20,6.266666666666894,6.7033,436.6333333331056,1,True,True,True,>=30 actual samples on corrected 100Hz grid and >=1 complete 30-sample window,,
P041,21,5.500000000000108,7.5333,2033.299999999892,12,True,True,True,>=30 actual samples on corrected 100Hz grid and >=1 complete 30-sample window,,
P041,22,5.500000000000108,5.6633,163.2999999998921,0,True,True,False,>=30 actual samples on corrected 100Hz grid and >=1 complete 30-sample window,recovered_interval_shorter_than_30_samples,
P041,23,6.3000000000002325,7.7333,1433.2999999997674,8,True,True,True,>=30 actual samples on corrected 100Hz grid and >=1 complete 30-sample window,,
P041,24,5.500000000000108,7.4033,1903.2999999998924,11,True,True,True,>=30 actual samples on corrected 100Hz grid and >=1 complete 30-sample window,,
P041,28,6.433333333333587,6.8633,429.96666666641306,1,True,True,True,>=30 actual samples on corrected 100Hz grid and >=1 complete 30-sample window,,
P041,29,6.733333333333634,7.5633,829.9666666663663,4,True,True,True,>=30 actual samples on corrected 100Hz grid and >=1 complete 30-sample window,,
P041,30,6.566666666666941,6.7333,166.63333333305897,0,True,True,False,>=30 actual samples on corrected 100Hz grid and >=1 complete 30-sample window,recovered_interval_shorter_than_30_samples,
P041,31,6.533333333333602,6.7333,199.96666666639751,0,True,True,False,>=30 actual samples on corrected 100Hz grid and >=1 complete 30-sample window,recovered_interval_shorter_than_30_samples,
P041,32,7.26666666666705,7.7033,436.6333333329493,1,True,True,True,>=30 actual samples on corrected 100Hz grid and >=1 complete 30-sample window,,
P041,33,7.166666666667035,7.7633,596.6333333329654,3,True,True,True,>=30 actual samples on corrected 100Hz grid and >=1 complete 30-sample window,,
P041,34,7.233333333333712,8.7333,1499.966666666288,9,True,True,True,>=30 actual samples on corrected 100Hz grid and >=1 complete 30-sample window,,
P041,37,17.76666666666869,18.7033,936.633333331308,5,True,True,True,>=30 actual samples on corrected 100Hz grid and >=1 complete 30-sample window,,
P041,38,17.700000000002014,17.9633,263.29999999798656,0,True,True,False,>=30 actual samples on corrected 100Hz grid and >=1 complete 30-sample window,recovered_interval_shorter_than_30_samples,
P041,39,5.500000000000108,6.2033,703.2999999998922,3,True,True,True,>=30 actual samples on corrected 100Hz grid and >=1 complete 30-sample window,,
P041,40,5.800000000000154,6.2033,403.2999999998452,1,True,True,True,>=30 actual samples on corrected 100Hz grid and >=1 complete 30-sample window,,
P041,41,5.733333333333477,6.4633,729.966666666523,3,True,True,True,>=30 actual samples on corrected 100Hz grid and >=1 complete 30-sample window,,
P041,42,5.700000000000139,5.9933,293.2999999998609,1,True,True,True,>=30 actual samples on corrected 100Hz grid and >=1 complete 30-sample window,,
P042,20,6.13333333333354,6.8633,729.9666666664599,3,True,True,True,>=30 actual samples on corrected 100Hz grid and >=1 complete 30-sample window,,
P042,21,5.500000000000108,6.9333,1433.2999999998926,8,True,True,True,>=30 actual samples on corrected 100Hz grid and >=1 complete 30-sample window,,
P042,22,5.500000000000108,5.8033,303.29999999989263,1,True,True,True,>=30 actual samples on corrected 100Hz grid and >=1 complete 30-sample window,,
P042,23,6.166666666666878,6.3333,166.63333333312204,0,True,True,False,>=30 actual samples on corrected 100Hz grid and >=1 complete 30-sample window,recovered_interval_shorter_than_30_samples,
P042,24,5.500000000000108,7.0333,1533.2999999998922,9,True,True,True,>=30 actual samples on corrected 100Hz grid and >=1 complete 30-sample window,,
P042,28,6.600000000000279,7.3033,703.2999999997207,3,True,True,True,>=30 actual samples on corrected 100Hz grid and >=1 complete 30-sample window,,
P042,29,6.933333333333665,7.6333,699.9666666663353,3,True,True,True,>=30 actual samples on corrected 100Hz grid and >=1 complete 30-sample window,,
P042,30,6.700000000000295,6.8333,133.29999999970534,0,True,True,False,>=30 actual samples on corrected 100Hz grid and >=1 complete 30-sample window,recovered_interval_shorter_than_30_samples,
P042,31,6.700000000000295,6.7333,33.29999999970479,0,True,True,False,>=30 actual samples on corrected 100Hz grid and >=1 complete 30-sample window,recovered_interval_shorter_than_30_samples,
P042,32,7.333333333333727,7.8333,499.966666666273,2,True,True,True,>=30 actual samples on corrected 100Hz grid and >=1 complete 30-sample window,,
P042,33,7.400000000000404,8.2633,863.2999999995948,4,True,True,True,>=30 actual samples on corrected 100Hz grid and >=1 complete 30-sample window,,
P042,34,7.466666666667082,8.6333,1166.6333333329187,6,True,True,True,>=30 actual samples on corrected 100Hz grid and >=1 complete 30-sample window,,
P042,37,7.566666666667097,8.6033,1036.6333333329037,5,True,True,True,>=30 actual samples on corrected 100Hz grid and >=1 complete 30-sample window,,
P042,38,12.133333333334477,13.7333,1599.966666665523,9,True,True,True,>=30 actual samples on corrected 100Hz grid and >=1 complete 30-sample window,,
P042,39,5.500000000000108,6.4033,903.2999999998924,5,True,True,True,>=30 actual samples on corrected 100Hz grid and >=1 complete 30-sample window,,
P042,40,5.866666666666832,6.2033,336.63333333316814,1,True,True,True,>=30 actual samples on corrected 100Hz grid and >=1 complete 30-sample window,,
P042,41,5.400000000000092,6.3633,963.299999999908,5,True,True,True,>=30 actual samples on corrected 100Hz grid and >=1 complete 30-sample window,,
P042,42,5.700000000000139,6.3333,633.2999999998616,3,True,True,True,>=30 actual samples on corrected 100Hz grid and >=1 complete 30-sample window,,
P043,20,6.266666666666894,6.8333,566.6333333331064,2,True,True,True,>=30 actual samples on corrected 100Hz grid and >=1 complete 30-sample window,,
P043,21,5.500000000000108,7.4033,1903.2999999998924,11,True,True,True,>=30 actual samples on corrected 100Hz grid and >=1 complete 30-sample window,,
P043,22,5.500000000000108,5.8333,333.2999999998929,1,True,True,True,>=30 actual samples on corrected 100Hz grid and >=1 complete 30-sample window,,
P043,23,6.266666666666894,7.8033,1536.633333333106,9,True,True,True,>=30 actual samples on corrected 100Hz grid and >=1 complete 30-sample window,,
P043,24,5.500000000000108,7.4733,1973.2999999998929,12,True,True,True,>=30 actual samples on corrected 100Hz grid and >=1 complete 30-sample window,,
P043,28,6.466666666666925,7.0333,566.6333333330745,2,True,True,True,>=30 actual samples on corrected 100Hz grid and >=1 complete 30-sample window,,
P043,29,6.800000000000311,7.6633,863.2999999996889,4,True,True,True,>=30 actual samples on corrected 100Hz grid and >=1 complete 30-sample window,,
P043,30,6.500000000000264,6.5333,33.299999999735874,0,True,True,False,>=30 actual samples on corrected 100Hz grid and >=1 complete 30-sample window,recovered_interval_shorter_than_30_samples,
P043,31,6.500000000000264,6.5333,33.299999999735874,0,True,True,False,>=30 actual samples on corrected 100Hz grid and >=1 complete 30-sample window,recovered_interval_shorter_than_30_samples,
P043,32,7.366666666667066,7.7933,426.6333333329344,1,True,True,True,>=30 actual samples on corrected 100Hz grid and >=1 complete 30-sample window,,
P043,33,7.200000000000373,7.9033,703.2999999996266,3,True,True,True,>=30 actual samples on corrected 100Hz grid and >=1 complete 30-sample window,,
P043,34,7.366666666667066,9.8333,2466.633333332933,15,True,True,True,>=30 actual samples on corrected 100Hz grid and >=1 complete 30-sample window,,
P043,37,17.633333333335337,19.4633,1829.966666664664,11,True,True,True,>=30 actual samples on corrected 100Hz grid and >=1 complete 30-sample window,,
P043,38,17.833333333335368,18.0633,229.96666666463383,0,True,True,False,>=30 actual samples on corrected 100Hz grid and >=1 complete 30-sample window,recovered_interval_shorter_than_30_samples,
P043,39,5.500000000000108,6.1933,693.2999999998923,3,True,True,True,>=30 actual samples on corrected 100Hz grid and >=1 complete 30-sample window,,
P043,40,5.800000000000154,6.1633,363.2999999998452,1,True,True,True,>=30 actual samples on corrected 100Hz grid and >=1 complete 30-sample window,,
P043,41,5.466666666666769,6.5033,1036.6333333332311,5,True,True,True,>=30 actual samples on corrected 100Hz grid and >=1 complete 30-sample window,,
P043,42,5.733333333333477,6.3333,599.9666666665231,3,True,True,True,>=30 actual samples on corrected 100Hz grid and >=1 complete 30-sample window,,
P044,20,6.233333333333555,6.6333,399.9666666664448,1,True,True,True,>=30 actual samples on corrected 100Hz grid and >=1 complete 30-sample window,,
P044,21,5.500000000000108,5.8333,333.2999999998929,1,True,True,True,>=30 actual samples on corrected 100Hz grid and >=1 complete 30-sample window,,
P044,22,5.500000000000108,5.8333,333.2999999998929,1,True,True,True,>=30 actual samples on corrected 100Hz grid and >=1 complete 30-sample window,,
P044,23,6.033333333333524,6.7933,759.9666666664762,4,True,True,True,>=30 actual samples on corrected 100Hz grid and >=1 complete 30-sample window,,
P044,24,5.500000000000108,7.7033,2203.299999999892,13,True,True,True,>=30 actual samples on corrected 100Hz grid and >=1 complete 30-sample window,,
P044,28,17.433333333335305,18.5033,1069.966666664694,6,True,True,True,>=30 actual samples on corrected 100Hz grid and >=1 complete 30-sample window,,
P044,29,17.700000000002014,18.1733,473.2999999979874,2,True,True,True,>=30 actual samples on corrected 100Hz grid and >=1 complete 30-sample window,,
P044,30,17.30000000000195,17.4333,133.29999999804798,0,True,True,False,>=30 actual samples on corrected 100Hz grid and >=1 complete 30-sample window,recovered_interval_shorter_than_30_samples,
P044,31,17.266666666668613,17.3333,66.63333333138866,0,True,True,False,>=30 actual samples on corrected 100Hz grid and >=1 complete 30-sample window,recovered_interval_shorter_than_30_samples,
P044,32,17.900000000002045,18.6633,763.2999999979546,4,True,True,True,>=30 actual samples on corrected 100Hz grid and >=1 complete 30-sample window,,
P044,33,18.10000000000208,18.4633,363.299999997924,1,True,True,True,>=30 actual samples on corrected 100Hz grid and >=1 complete 30-sample window,,
P044,34,17.833333333335368,19.5333,1699.9666666646326,10,True,True,True,>=30 actual samples on corrected 100Hz grid and >=1 complete 30-sample window,,
P044,37,17.866666666668706,18.5333,666.6333333312941,3,True,True,True,>=30 actual samples on corrected 100Hz grid and >=1 complete 30-sample window,,
P044,38,17.56666666666866,20.3333,2766.633333331342,17,True,True,True,>=30 actual samples on corrected 100Hz grid and >=1 complete 30-sample window,,
P044,39,5.466666666666769,6.1633,696.6333333332307,3,True,True,True,>=30 actual samples on corrected 100Hz grid and >=1 complete 30-sample window,,
P044,40,5.766666666666816,6.1633,396.6333333331837,1,True,True,True,>=30 actual samples on corrected 100Hz grid and >=1 complete 30-sample window,,
P044,41,5.566666666666785,6.4633,896.6333333332157,5,True,True,True,>=30 actual samples on corrected 100Hz grid and >=1 complete 30-sample window,,
P044,42,5.766666666666816,6.1333,366.6333333331844,1,True,True,True,>=30 actual samples on corrected 100Hz grid and >=1 complete 30-sample window,,
P045,20,6.13333333333354,6.5333,399.96666666645984,1,True,True,True,>=30 actual samples on corrected 100Hz grid and >=1 complete 30-sample window,,
P045,21,5.500000000000108,5.7633,263.29999999989263,0,True,True,False,>=30 actual samples on corrected 100Hz grid and >=1 complete 30-sample window,recovered_interval_shorter_than_30_samples,
P045,22,5.500000000000108,5.7633,263.29999999989263,0,True,True,False,>=30 actual samples on corrected 100Hz grid and >=1 complete 30-sample window,recovered_interval_shorter_than_30_samples,
P045,23,6.100000000000201,6.8633,763.2999999997985,4,True,True,True,>=30 actual samples on corrected 100Hz grid and >=1 complete 30-sample window,,
P045,24,5.333333333333415,6.8333,1499.9666666665855,9,True,True,True,>=30 actual samples on corrected 100Hz grid and >=1 complete 30-sample window,,
P045,28,7.366666666667066,7.8333,466.63333333293446,2,True,True,True,>=30 actual samples on corrected 100Hz grid and >=1 complete 30-sample window,,
P045,29,7.73333333333379,8.4333,699.9666666662092,3,True,True,True,>=30 actual samples on corrected 100Hz grid and >=1 complete 30-sample window,,
P045,30,7.466666666667082,7.5333,66.6333333329181,0,True,True,False,>=30 actual samples on corrected 100Hz grid and >=1 complete 30-sample window,recovered_interval_shorter_than_30_samples,
P045,31,7.466666666667082,7.6333,166.63333333291862,0,True,True,False,>=30 actual samples on corrected 100Hz grid and >=1 complete 30-sample window,recovered_interval_shorter_than_30_samples,
P045,32,8.233333333333867,8.6933,459.9666666661335,2,True,True,True,>=30 actual samples on corrected 100Hz grid and >=1 complete 30-sample window,,
P045,33,8.266666666667206,8.5733,306.633333332794,1,True,True,True,>=30 actual samples on corrected 100Hz grid and >=1 complete 30-sample window,,
P045,34,8.266666666667206,10.1033,1836.633333332795,11,True,True,True,>=30 actual samples on corrected 100Hz grid and >=1 complete 30-sample window,,
P045,37,9.366666666667378,10.4033,1036.633333332622,5,True,True,True,>=30 actual samples on corrected 100Hz grid and >=1 complete 30-sample window,,
P045,38,11.300000000001011,11.6033,303.2999999989876,1,True,True,True,>=30 actual samples on corrected 100Hz grid and >=1 complete 30-sample window,,
P045,39,5.466666666666769,5.6333,166.63333333323126,0,True,True,False,>=30 actual samples on corrected 100Hz grid and >=1 complete 30-sample window,recovered_interval_shorter_than_30_samples,
P045,40,5.43333333333343,6.4033,969.9666666665694,5,True,True,True,>=30 actual samples on corrected 100Hz grid and >=1 complete 30-sample window,,
P045,41,5.300000000000076,6.6333,1333.299999999924,7,True,True,True,>=30 actual samples on corrected 100Hz grid and >=1 complete 30-sample window,,
P045,42,5.300000000000076,6.4033,1103.2999999999236,6,True,True,True,>=30 actual samples on corrected 100Hz grid and >=1 complete 30-sample window,,
P046,20,6.000000000000186,6.7333,733.2999999998142,3,True,True,True,>=30 actual samples on corrected 100Hz grid and >=1 complete 30-sample window,,
P046,21,5.500000000000108,5.5033,3.299999999892833,0,True,True,False,>=30 actual samples on corrected 100Hz grid and >=1 complete 30-sample window,recovered_interval_shorter_than_30_samples,
P046,22,5.500000000000108,5.5033,3.299999999892833,0,True,True,False,>=30 actual samples on corrected 100Hz grid and >=1 complete 30-sample window,recovered_interval_shorter_than_30_samples,
P046,23,6.000000000000186,6.8333,833.2999999998148,4,True,True,True,>=30 actual samples on corrected 100Hz grid and >=1 complete 30-sample window,,
P046,24,5.500000000000108,5.8033,303.29999999989263,1,True,True,True,>=30 actual samples on corrected 100Hz grid and >=1 complete 30-sample window,,
P046,28,7.50000000000042,7.9633,463.29999999958017,2,True,True,True,>=30 actual samples on corrected 100Hz grid and >=1 complete 30-sample window,,
P046,29,7.700000000000451,8.4333,733.2999999995477,3,True,True,True,>=30 actual samples on corrected 100Hz grid and >=1 complete 30-sample window,,
P046,30,7.433333333333743,7.4633,29.966666666257247,0,True,True,False,>=30 actual samples on corrected 100Hz grid and >=1 complete 30-sample window,recovered_interval_shorter_than_30_samples,
P046,31,7.433333333333743,8.0333,599.9666666662575,3,True,True,True,>=30 actual samples on corrected 100Hz grid and >=1 complete 30-sample window,,
P046,32,8.233333333333867,8.6333,399.966666666133,1,True,True,True,>=30 actual samples on corrected 100Hz grid and >=1 complete 30-sample window,,
P046,33,8.300000000000544,8.6933,393.2999999994564,1,True,True,True,>=30 actual samples on corrected 100Hz grid and >=1 complete 30-sample window,,
P046,34,8.300000000000544,10.1033,1803.2999999994563,11,True,True,True,>=30 actual samples on corrected 100Hz grid and >=1 complete 30-sample window,,
P046,37,18.066666666668738,20.1633,2096.633333331262,13,True,True,True,>=30 actual samples on corrected 100Hz grid and >=1 complete 30-sample window,,
P046,38,17.933333333335383,20.0733,2139.966666664616,13,True,True,True,>=30 actual samples on corrected 100Hz grid and >=1 complete 30-sample window,,
P046,39,5.500000000000108,6.2033,703.2999999998922,3,True,True,True,>=30 actual samples on corrected 100Hz grid and >=1 complete 30-sample window,,
P046,40,5.833333333333493,6.3033,469.9666666665072,2,True,True,True,>=30 actual samples on corrected 100Hz grid and >=1 complete 30-sample window,,
P046,41,5.500000000000108,6.5333,1033.2999999998922,5,True,True,True,>=30 actual samples on corrected 100Hz grid and >=1 complete 30-sample window,,
P046,42,5.600000000000123,6.0333,433.29999999987655,1,True,True,True,>=30 actual samples on corrected 100Hz grid and >=1 complete 30-sample window,,
P047,20,5.866666666666832,7.8633,1996.6333333331684,12,True,True,True,>=30 actual samples on corrected 100Hz grid and >=1 complete 30-sample window,,
P047,21,5.500000000000108,6.8633,1363.2999999998922,8,True,True,True,>=30 actual samples on corrected 100Hz grid and >=1 complete 30-sample window,,
P047,22,5.500000000000108,6.8633,1363.2999999998922,8,True,True,True,>=30 actual samples on corrected 100Hz grid and >=1 complete 30-sample window,,
P047,23,5.90000000000017,6.6633,763.2999999998295,4,True,True,True,>=30 actual samples on corrected 100Hz grid and >=1 complete 30-sample window,,
P047,24,5.500000000000108,6.9333,1433.2999999998926,8,True,True,True,>=30 actual samples on corrected 100Hz grid and >=1 complete 30-sample window,,
P047,28,7.900000000000483,8.2633,363.29999999951656,1,True,True,True,>=30 actual samples on corrected 100Hz grid and >=1 complete 30-sample window,,
P047,29,8.100000000000513,8.7633,663.2999999994862,3,True,True,True,>=30 actual samples on corrected 100Hz grid and >=1 complete 30-sample window,,
P047,30,7.933333333333821,8.0333,99.96666666617938,0,True,True,False,>=30 actual samples on corrected 100Hz grid and >=1 complete 30-sample window,recovered_interval_shorter_than_30_samples,
P047,31,7.933333333333821,8.0333,99.96666666617938,0,True,True,False,>=30 actual samples on corrected 100Hz grid and >=1 complete 30-sample window,recovered_interval_shorter_than_30_samples,
P047,32,8.600000000000591,8.9633,363.2999999994091,1,True,True,True,>=30 actual samples on corrected 100Hz grid and >=1 complete 30-sample window,,
P047,33,8.200000000000529,9.0033,803.2999999994707,4,True,True,True,>=30 actual samples on corrected 100Hz grid and >=1 complete 30-sample window,,
P047,34,8.766666666667284,11.5333,2766.6333333327166,17,True,True,True,>=30 actual samples on corrected 100Hz grid and >=1 complete 30-sample window,,
P047,37,11.433333333334367,12.1033,669.9666666656334,3,True,True,True,>=30 actual samples on corrected 100Hz grid and >=1 complete 30-sample window,,
P047,38,10.100000000000826,13.0933,2993.299999999173,19,True,True,True,>=30 actual samples on corrected 100Hz grid and >=1 complete 30-sample window,,
P047,39,5.300000000000076,6.1333,833.299999999924,4,True,True,True,>=30 actual samples on corrected 100Hz grid and >=1 complete 30-sample window,,
P047,40,5.90000000000017,6.4333,533.29999999983,2,True,True,True,>=30 actual samples on corrected 100Hz grid and >=1 complete 30-sample window,,
P047,41,5.800000000000154,6.3333,533.299999999846,2,True,True,True,>=30 actual samples on corrected 100Hz grid and >=1 complete 30-sample window,,
P047,42,5.400000000000092,6.3733,973.2999999999086,5,True,True,True,>=30 actual samples on corrected 100Hz grid and >=1 complete 30-sample window,,
P048,20,6.233333333333555,6.6633,429.9666666664441,1,True,True,True,>=30 actual samples on corrected 100Hz grid and >=1 complete 30-sample window,,
P048,21,5.500000000000108,5.6633,163.2999999998921,0,True,True,False,>=30 actual samples on corrected 100Hz grid and >=1 complete 30-sample window,recovered_interval_shorter_than_30_samples,
P048,22,5.500000000000108,5.6633,163.2999999998921,0,True,True,False,>=30 actual samples on corrected 100Hz grid and >=1 complete 30-sample window,recovered_interval_shorter_than_30_samples,
P048,23,6.3000000000002325,6.5733,273.2999999997672,0,True,True,False,>=30 actual samples on corrected 100Hz grid and >=1 complete 30-sample window,recovered_interval_shorter_than_30_samples,
P048,24,5.500000000000108,5.8633,363.2999999998923,1,True,True,True,>=30 actual samples on corrected 100Hz grid and >=1 complete 30-sample window,,
P048,28,7.166666666667035,7.8633,696.6333333329651,3,True,True,True,>=30 actual samples on corrected 100Hz grid and >=1 complete 30-sample window,,
P048,29,7.466666666667082,8.1633,696.633333332918,3,True,True,True,>=30 actual samples on corrected 100Hz grid and >=1 complete 30-sample window,,
P048,30,7.200000000000373,7.2333,33.29999999962663,0,True,True,False,>=30 actual samples on corrected 100Hz grid and >=1 complete 30-sample window,recovered_interval_shorter_than_30_samples,
P048,31,7.166666666667035,7.3333,166.63333333296572,0,True,True,False,>=30 actual samples on corrected 100Hz grid and >=1 complete 30-sample window,recovered_interval_shorter_than_30_samples,
P048,32,8.000000000000497,8.3633,363.29999999950326,1,True,True,True,>=30 actual samples on corrected 100Hz grid and >=1 complete 30-sample window,,
P048,33,7.833333333333805,8.5333,699.966666666195,3,True,True,True,>=30 actual samples on corrected 100Hz grid and >=1 complete 30-sample window,,
P048,34,8.033333333333836,10.4333,2399.9666666661637,15,True,True,True,>=30 actual samples on corrected 100Hz grid and >=1 complete 30-sample window,,
P048,37,18.26666666666877,19.0333,766.6333333312316,4,True,True,True,>=30 actual samples on corrected 100Hz grid and >=1 complete 30-sample window,,
P048,38,18.26666666666877,19.5333,1266.6333333312316,7,True,True,True,>=30 actual samples on corrected 100Hz grid and >=1 complete 30-sample window,,
P048,39,5.500000000000108,6.1033,603.2999999998925,3,True,True,True,>=30 actual samples on corrected 100Hz grid and >=1 complete 30-sample window,,
P048,40,6.033333333333524,6.3033,269.966666666476,0,True,True,False,>=30 actual samples on corrected 100Hz grid and >=1 complete 30-sample window,recovered_interval_shorter_than_30_samples,
P048,41,5.366666666666753,6.5033,1136.633333333247,6,True,True,True,>=30 actual samples on corrected 100Hz grid and >=1 complete 30-sample window,,
P048,42,5.233333333333399,6.1033,869.9666666666009,4,True,True,True,>=30 actual samples on corrected 100Hz grid and >=1 complete 30-sample window,,
P049,20,6.13333333333354,6.6033,469.9666666664601,2,True,True,True,>=30 actual samples on corrected 100Hz grid and >=1 complete 30-sample window,,
P049,21,5.500000000000108,6.0033,503.29999999989286,2,True,True,True,>=30 actual samples on corrected 100Hz grid and >=1 complete 30-sample window,,
P049,22,5.500000000000108,6.0033,503.29999999989286,2,True,True,True,>=30 actual samples on corrected 100Hz grid and >=1 complete 30-sample window,,
P049,23,6.033333333333524,6.6033,569.9666666664758,2,True,True,True,>=30 actual samples on corrected 100Hz grid and >=1 complete 30-sample window,,
P049,24,5.500000000000108,5.8333,333.2999999998929,1,True,True,True,>=30 actual samples on corrected 100Hz grid and >=1 complete 30-sample window,,
P049,28,7.333333333333727,7.6633,329.96666666627215,1,True,True,True,>=30 actual samples on corrected 100Hz grid and >=1 complete 30-sample window,,
P049,29,7.600000000000436,8.3033,703.2999999995644,3,True,True,True,>=30 actual samples on corrected 100Hz grid and >=1 complete 30-sample window,,
P049,30,7.300000000000389,7.3333,33.29999999961153,0,True,True,False,>=30 actual samples on corrected 100Hz grid and >=1 complete 30-sample window,recovered_interval_shorter_than_30_samples,
P049,31,7.300000000000389,7.4333,133.29999999961117,0,True,True,False,>=30 actual samples on corrected 100Hz grid and >=1 complete 30-sample window,recovered_interval_shorter_than_30_samples,
P049,32,8.066666666667174,8.4333,366.6333333328247,1,True,True,True,>=30 actual samples on corrected 100Hz grid and >=1 complete 30-sample window,,
P049,33,7.96666666666716,8.6033,636.6333333328411,3,True,True,True,>=30 actual samples on corrected 100Hz grid and >=1 complete 30-sample window,,
P049,34,8.133333333333852,9.4733,1339.9666666661485,7,True,True,True,>=30 actual samples on corrected 100Hz grid and >=1 complete 30-sample window,,
P049,37,18.50000000000214,18.8633,363.29999999786014,1,True,True,True,>=30 actual samples on corrected 100Hz grid and >=1 complete 30-sample window,,
P049,38,18.50000000000214,20.2333,1733.299999997861,10,True,True,True,>=30 actual samples on corrected 100Hz grid and >=1 complete 30-sample window,,
P049,39,5.466666666666769,6.1033,636.633333333231,3,True,True,True,>=30 actual samples on corrected 100Hz grid and >=1 complete 30-sample window,,
P049,40,5.800000000000154,6.1333,333.29999999984585,1,True,True,True,>=30 actual samples on corrected 100Hz grid and >=1 complete 30-sample window,,
P049,41,5.566666666666785,6.4033,836.6333333332152,4,True,True,True,>=30 actual samples on corrected 100Hz grid and >=1 complete 30-sample window,,
P049,42,5.633333333333462,6.1333,499.9666666665386,2,True,True,True,>=30 actual samples on corrected 100Hz grid and >=1 complete 30-sample window,,
P050,20,6.266666666666894,6.7633,496.6333333331061,2,True,True,True,>=30 actual samples on corrected 100Hz grid and >=1 complete 30-sample window,,
P050,21,5.500000000000108,6.0033,503.29999999989286,2,True,True,True,>=30 actual samples on corrected 100Hz grid and >=1 complete 30-sample window,,
P050,22,5.500000000000108,6.0033,503.29999999989286,2,True,True,True,>=30 actual samples on corrected 100Hz grid and >=1 complete 30-sample window,,
P050,23,6.266666666666894,6.5333,266.63333333310567,0,True,True,False,>=30 actual samples on corrected 100Hz grid and >=1 complete 30-sample window,recovered_interval_shorter_than_30_samples,
P050,24,5.500000000000108,5.8333,333.2999999998929,1,True,True,True,>=30 actual samples on corrected 100Hz grid and >=1 complete 30-sample window,,
P050,28,17.866666666668706,18.2033,336.6333333312923,1,True,True,True,>=30 actual samples on corrected 100Hz grid and >=1 complete 30-sample window,,
P050,29,18.4666666666688,18.8633,396.6333333311986,1,True,True,True,>=30 actual samples on corrected 100Hz grid and >=1 complete 30-sample window,,
P050,30,17.80000000000203,17.9333,133.29999999796982,0,True,True,False,>=30 actual samples on corrected 100Hz grid and >=1 complete 30-sample window,recovered_interval_shorter_than_30_samples,
P050,31,17.80000000000203,17.8333,33.29999999797195,0,True,True,False,>=30 actual samples on corrected 100Hz grid and >=1 complete 30-sample window,recovered_interval_shorter_than_30_samples,
P050,32,18.53333333333548,18.8633,329.96666666452154,1,True,True,True,>=30 actual samples on corrected 100Hz grid and >=1 complete 30-sample window,,
P050,33,18.633333333335493,18.9633,329.96666666450733,1,True,True,True,>=30 actual samples on corrected 100Hz grid and >=1 complete 30-sample window,,
P050,34,18.400000000002123,20.0333,1633.2999999978774,9,True,True,True,>=30 actual samples on corrected 100Hz grid and >=1 complete 30-sample window,,
P050,37,18.4666666666688,20.3333,1866.633333331201,11,True,True,True,>=30 actual samples on corrected 100Hz grid and >=1 complete 30-sample window,,
P050,38,18.23333333333543,18.8033,569.9666666645697,2,True,True,True,>=30 actual samples on corrected 100Hz grid and >=1 complete 30-sample window,,
P050,39,5.733333333333477,6.1033,369.96666666652266,1,True,True,True,>=30 actual samples on corrected 100Hz grid and >=1 complete 30-sample window,,
P050,40,5.866666666666832,6.2033,336.63333333316814,1,True,True,True,>=30 actual samples on corrected 100Hz grid and >=1 complete 30-sample window,,
P050,41,5.6666666666668,6.3333,666.6333333332002,3,True,True,True,>=30 actual samples on corrected 100Hz grid and >=1 complete 30-sample window,,
P050,42,5.700000000000139,5.9733,273.2999999998613,0,True,True,False,>=30 actual samples on corrected 100Hz grid and >=1 complete 30-sample window,recovered_interval_shorter_than_30_samples,
P051,20,6.100000000000201,6.7333,633.2999999997986,3,True,True,True,>=30 actual samples on corrected 100Hz grid and >=1 complete 30-sample window,,
P051,21,5.500000000000108,5.9033,403.2999999998923,1,True,True,True,>=30 actual samples on corrected 100Hz grid and >=1 complete 30-sample window,,
P051,22,5.500000000000108,5.9033,403.2999999998923,1,True,True,True,>=30 actual samples on corrected 100Hz grid and >=1 complete 30-sample window,,
P051,23,6.3000000000002325,6.5633,263.2999999997674,0,True,True,False,>=30 actual samples on corrected 100Hz grid and >=1 complete 30-sample window,recovered_interval_shorter_than_30_samples,
P051,24,5.500000000000108,7.9333,2433.2999999998924,15,True,True,True,>=30 actual samples on corrected 100Hz grid and >=1 complete 30-sample window,,
P051,28,7.366666666667066,8.1633,796.6333333329336,4,True,True,True,>=30 actual samples on corrected 100Hz grid and >=1 complete 30-sample window,,
P051,29,7.366666666667066,8.5033,1136.6333333329335,6,True,True,True,>=30 actual samples on corrected 100Hz grid and >=1 complete 30-sample window,,
P051,30,7.366666666667066,7.4333,66.63333333293409,0,True,True,False,>=30 actual samples on corrected 100Hz grid and >=1 complete 30-sample window,recovered_interval_shorter_than_30_samples,
P051,31,7.366666666667066,7.4333,66.63333333293409,0,True,True,False,>=30 actual samples on corrected 100Hz grid and >=1 complete 30-sample window,recovered_interval_shorter_than_30_samples,
P051,32,7.366666666667066,8.6933,1326.6333333329349,7,True,True,True,>=30 actual samples on corrected 100Hz grid and >=1 complete 30-sample window,,
P051,33,7.366666666667066,8.8033,1436.6333333329342,8,True,True,True,>=30 actual samples on corrected 100Hz grid and >=1 complete 30-sample window,,
P051,34,7.366666666667066,9.9633,2596.6333333329344,16,True,True,True,>=30 actual samples on corrected 100Hz grid and >=1 complete 30-sample window,,
P051,37,10.00000000000081,11.9633,1963.2999999991905,12,True,True,True,>=30 actual samples on corrected 100Hz grid and >=1 complete 30-sample window,,
P051,38,7.566666666667097,8.8633,1296.6333333329037,7,True,True,True,>=30 actual samples on corrected 100Hz grid and >=1 complete 30-sample window,,
P051,39,5.500000000000108,6.0633,563.2999999998924,2,True,True,True,>=30 actual samples on corrected 100Hz grid and >=1 complete 30-sample window,,
P051,40,5.833333333333493,6.1333,299.9666666665073,1,True,True,True,>=30 actual samples on corrected 100Hz grid and >=1 complete 30-sample window,,
P051,41,5.266666666666738,6.2033,936.633333333262,5,True,True,True,>=30 actual samples on corrected 100Hz grid and >=1 complete 30-sample window,,
P051,42,5.266666666666738,6.2333,966.6333333332622,5,True,True,True,>=30 actual samples on corrected 100Hz grid and >=1 complete 30-sample window,,
P052,20,6.233333333333555,6.7033,469.96666666644415,2,True,True,True,>=30 actual samples on corrected 100Hz grid and >=1 complete 30-sample window,,
P052,21,5.43333333333343,5.9633,529.9666666665698,2,True,True,True,>=30 actual samples on corrected 100Hz grid and >=1 complete 30-sample window,,
P052,22,5.43333333333343,5.9733,539.9666666665697,2,True,True,True,>=30 actual samples on corrected 100Hz grid and >=1 complete 30-sample window,,
P052,23,6.3000000000002325,6.5633,263.2999999997674,0,True,True,False,>=30 actual samples on corrected 100Hz grid and >=1 complete 30-sample window,recovered_interval_shorter_than_30_samples,
P052,24,5.500000000000108,5.7633,263.29999999989263,0,True,True,False,>=30 actual samples on corrected 100Hz grid and >=1 complete 30-sample window,recovered_interval_shorter_than_30_samples,
P052,28,17.966666666668722,18.3333,366.6333333312792,1,True,True,True,>=30 actual samples on corrected 100Hz grid and >=1 complete 30-sample window,,
P052,29,18.4666666666688,19.0033,536.6333333311992,2,True,True,True,>=30 actual samples on corrected 100Hz grid and >=1 complete 30-sample window,,
P052,30,18.00000000000206,18.0333,33.29999999793998,0,True,True,False,>=30 actual samples on corrected 100Hz grid and >=1 complete 30-sample window,recovered_interval_shorter_than_30_samples,
P052,31,17.966666666668722,18.0333,66.63333333127852,0,True,True,False,>=30 actual samples on corrected 100Hz grid and >=1 complete 30-sample window,recovered_interval_shorter_than_30_samples,
P052,32,18.66666666666883,19.0033,336.63333333116793,1,True,True,True,>=30 actual samples on corrected 100Hz grid and >=1 complete 30-sample window,,
P052,33,18.800000000002186,19.1333,333.2999999978128,1,True,True,True,>=30 actual samples on corrected 100Hz grid and >=1 complete 30-sample window,,
P052,34,18.66666666666883,19.6333,966.633333331167,5,True,True,True,>=30 actual samples on corrected 100Hz grid and >=1 complete 30-sample window,,
P052,37,18.73333333333551,19.1033,369.9666666644923,1,True,True,True,>=30 actual samples on corrected 100Hz grid and >=1 complete 30-sample window,,
P052,38,18.833333333335524,19.0633,229.96666666447751,0,True,True,False,>=30 actual samples on corrected 100Hz grid and >=1 complete 30-sample window,recovered_interval_shorter_than_30_samples,
P052,39,5.43333333333343,6.0633,629.9666666665695,3,True,True,True,>=30 actual samples on corrected 100Hz grid and >=1 complete 30-sample window,,
P052,40,5.733333333333477,6.2033,469.9666666665223,2,True,True,True,>=30 actual samples on corrected 100Hz grid and >=1 complete 30-sample window,,
P052,41,5.533333333333446,6.4033,869.9666666665538,4,True,True,True,>=30 actual samples on corrected 100Hz grid and >=1 complete 30-sample window,,
P052,42,5.566666666666785,6.1033,536.6333333332154,2,True,True,True,>=30 actual samples on corrected 100Hz grid and >=1 complete 30-sample window,,
P053,20,5.966666666666847,6.7033,736.6333333331524,3,True,True,True,>=30 actual samples on corrected 100Hz grid and >=1 complete 30-sample window,,
P053,21,5.500000000000108,5.6033,103.29999999989248,0,True,True,False,>=30 actual samples on corrected 100Hz grid and >=1 complete 30-sample window,recovered_interval_shorter_than_30_samples,
P053,22,5.500000000000108,5.6033,103.29999999989248,0,True,True,False,>=30 actual samples on corrected 100Hz grid and >=1 complete 30-sample window,recovered_interval_shorter_than_30_samples,
P053,23,5.90000000000017,6.6033,703.29999999983,3,True,True,True,>=30 actual samples on corrected 100Hz grid and >=1 complete 30-sample window,,
P053,24,5.500000000000108,5.8033,303.29999999989263,1,True,True,True,>=30 actual samples on corrected 100Hz grid and >=1 complete 30-sample window,,
P053,28,7.466666666667082,7.8333,366.6333333329188,1,True,True,True,>=30 actual samples on corrected 100Hz grid and >=1 complete 30-sample window,,
P053,29,7.700000000000451,8.5633,863.2999999995485,4,True,True,True,>=30 actual samples on corrected 100Hz grid and >=1 complete 30-sample window,,
P053,30,7.633333333333774,7.7333,99.96666666622556,0,True,True,False,>=30 actual samples on corrected 100Hz grid and >=1 complete 30-sample window,recovered_interval_shorter_than_30_samples,
P053,31,7.466666666667082,7.5333,66.6333333329181,0,True,True,False,>=30 actual samples on corrected 100Hz grid and >=1 complete 30-sample window,recovered_interval_shorter_than_30_samples,
P053,32,7.933333333333821,8.7033,769.9666666661793,4,True,True,True,>=30 actual samples on corrected 100Hz grid and >=1 complete 30-sample window,,
P053,33,8.100000000000513,8.6333,533.2999999994872,2,True,True,True,>=30 actual samples on corrected 100Hz grid and >=1 complete 30-sample window,,
P053,34,8.233333333333867,9.5333,1299.9666666661333,7,True,True,True,>=30 actual samples on corrected 100Hz grid and >=1 complete 30-sample window,,
P053,37,18.800000000002186,19.4333,633.2999999978135,3,True,True,True,>=30 actual samples on corrected 100Hz grid and >=1 complete 30-sample window,,
P053,38,19.000000000002217,20.0333,1033.2999999977835,5,True,True,True,>=30 actual samples on corrected 100Hz grid and >=1 complete 30-sample window,,
P053,39,5.466666666666769,6.1333,666.6333333332312,3,True,True,True,>=30 actual samples on corrected 100Hz grid and >=1 complete 30-sample window,,
P053,40,5.733333333333477,6.2333,499.96666666652254,2,True,True,True,>=30 actual samples on corrected 100Hz grid and >=1 complete 30-sample window,,
P053,41,5.333333333333415,6.3633,1029.966666666585,5,True,True,True,>=30 actual samples on corrected 100Hz grid and >=1 complete 30-sample window,,
P053,42,5.233333333333399,6.2633,1029.966666666601,5,True,True,True,>=30 actual samples on corrected 100Hz grid and >=1 complete 30-sample window,,
P054,20,6.233333333333555,6.6033,369.9666666664445,1,True,True,True,>=30 actual samples on corrected 100Hz grid and >=1 complete 30-sample window,,
P054,21,5.500000000000108,5.6033,103.29999999989248,0,True,True,False,>=30 actual samples on corrected 100Hz grid and >=1 complete 30-sample window,recovered_interval_shorter_than_30_samples,
P054,22,5.500000000000108,5.6033,103.29999999989248,0,True,True,False,>=30 actual samples on corrected 100Hz grid and >=1 complete 30-sample window,recovered_interval_shorter_than_30_samples,
P054,23,6.233333333333555,6.5333,299.9666666664442,1,True,True,True,>=30 actual samples on corrected 100Hz grid and >=1 complete 30-sample window,,
P054,24,5.366666666666753,5.8933,526.6333333332467,2,True,True,True,>=30 actual samples on corrected 100Hz grid and >=1 complete 30-sample window,,
P054,28,18.26666666666877,18.6633,396.6333333312306,1,True,True,True,>=30 actual samples on corrected 100Hz grid and >=1 complete 30-sample window,,
P054,29,18.866666666668863,19.1733,306.6333333311384,1,True,True,True,>=30 actual samples on corrected 100Hz grid and >=1 complete 30-sample window,,
P054,30,18.23333333333543,18.7633,529.9666666645705,2,True,True,True,>=30 actual samples on corrected 100Hz grid and >=1 complete 30-sample window,,
P054,31,18.23333333333543,18.3333,99.96666666457088,0,True,True,False,>=30 actual samples on corrected 100Hz grid and >=1 complete 30-sample window,recovered_interval_shorter_than_30_samples,
P054,32,18.9000000000022,19.2633,363.2999999977997,1,True,True,True,>=30 actual samples on corrected 100Hz grid and >=1 complete 30-sample window,,
P054,33,19.06666666666889,19.4033,336.6333333311076,1,True,True,True,>=30 actual samples on corrected 100Hz grid and >=1 complete 30-sample window,,
P054,34,18.93333333333554,20.0333,1099.9666666644607,6,True,True,True,>=30 actual samples on corrected 100Hz grid and >=1 complete 30-sample window,,
P054,37,19.000000000002217,19.3333,333.2999999977844,1,True,True,True,>=30 actual samples on corrected 100Hz grid and >=1 complete 30-sample window,,
P054,38,18.833333333335524,20.1333,1299.9666666644744,7,True,True,True,>=30 actual samples on corrected 100Hz grid and >=1 complete 30-sample window,,
P054,39,5.833333333333493,6.1333,299.9666666665073,1,True,True,True,>=30 actual samples on corrected 100Hz grid and >=1 complete 30-sample window,,
P054,40,5.800000000000154,5.9733,173.29999999984568,0,True,True,False,>=30 actual samples on corrected 100Hz grid and >=1 complete 30-sample window,recovered_interval_shorter_than_30_samples,
P054,41,5.43333333333343,6.3033,869.9666666665697,4,True,True,True,>=30 actual samples on corrected 100Hz grid and >=1 complete 30-sample window,,
P054,42,5.800000000000154,6.0633,263.2999999998456,0,True,True,False,>=30 actual samples on corrected 100Hz grid and >=1 complete 30-sample window,recovered_interval_shorter_than_30_samples,
P055,20,5.90000000000017,6.7033,803.2999999998297,4,True,True,True,>=30 actual samples on corrected 100Hz grid and >=1 complete 30-sample window,,
P055,21,5.233333333333399,6.0033,769.9666666666012,4,True,True,True,>=30 actual samples on corrected 100Hz grid and >=1 complete 30-sample window,,
P055,22,5.200000000000061,6.0033,803.2999999999397,4,True,True,True,>=30 actual samples on corrected 100Hz grid and >=1 complete 30-sample window,,
P055,23,6.100000000000201,6.7033,603.2999999997983,3,True,True,True,>=30 actual samples on corrected 100Hz grid and >=1 complete 30-sample window,,
P055,24,5.000000000000029,5.9333,933.2999999999709,5,True,True,True,>=30 actual samples on corrected 100Hz grid and >=1 complete 30-sample window,,
P055,28,7.633333333333774,8.2033,569.9666666662262,2,True,True,True,>=30 actual samples on corrected 100Hz grid and >=1 complete 30-sample window,,
P055,29,7.633333333333774,8.8333,1199.9666666662251,7,True,True,True,>=30 actual samples on corrected 100Hz grid and >=1 complete 30-sample window,,
P055,30,7.633333333333774,7.7333,99.96666666622556,0,True,True,False,>=30 actual samples on corrected 100Hz grid and >=1 complete 30-sample window,recovered_interval_shorter_than_30_samples,
P055,31,7.633333333333774,7.7333,99.96666666622556,0,True,True,False,>=30 actual samples on corrected 100Hz grid and >=1 complete 30-sample window,recovered_interval_shorter_than_30_samples,
P055,32,7.633333333333774,9.0333,1399.9666666662265,8,True,True,True,>=30 actual samples on corrected 100Hz grid and >=1 complete 30-sample window,,
P055,33,7.633333333333774,9.2333,1599.9666666662256,9,True,True,True,>=30 actual samples on corrected 100Hz grid and >=1 complete 30-sample window,,
P055,34,7.633333333333774,9.7733,2139.9666666662265,13,True,True,True,>=30 actual samples on corrected 100Hz grid and >=1 complete 30-sample window,,
P055,37,11.233333333334336,12.1033,869.9666666656647,4,True,True,True,>=30 actual samples on corrected 100Hz grid and >=1 complete 30-sample window,,
P055,38,13.133333333334631,15.6333,2499.966666665367,15,True,True,True,>=30 actual samples on corrected 100Hz grid and >=1 complete 30-sample window,,
P055,39,5.400000000000092,6.0333,633.2999999999079,3,True,True,True,>=30 actual samples on corrected 100Hz grid and >=1 complete 30-sample window,,
P055,40,5.466666666666769,6.2333,766.6333333332309,4,True,True,True,>=30 actual samples on corrected 100Hz grid and >=1 complete 30-sample window,,
P055,41,5.466666666666769,6.0033,536.6333333332313,2,True,True,True,>=30 actual samples on corrected 100Hz grid and >=1 complete 30-sample window,,
P055,42,5.300000000000076,6.2633,963.299999999924,5,True,True,True,>=30 actual samples on corrected 100Hz grid and >=1 complete 30-sample window,,
