truth_csv,exists,source_campaign_root,dynamics_candidate,dynamics_exists
/mnt/hdd16T/ToqeerHomeBackup/mujoco_project/outputs/_highrate_overnight/campaign_highrate_truth_v3_rne_corrected396/runs/P014/task_20/scenario20_age20_h1p52_sex_female_w48p0_20260826_105752/fall_scenario20_age20_20260826_105752_highrate_truth.csv,True,/mnt/hdd16T/ToqeerHomeBackup/mujoco_project/outputs/_highrate_overnight/campaign_highrate_truth_v3_rne_corrected396,/mnt/hdd16T/ToqeerHomeBackup/mujoco_project/outputs/_highrate_overnight/campaign_highrate_truth_v3_rne_corrected396/runs/P014/task_20/scenario20_age20_h1p52_sex_female_w48p0_20260826_105752/fall_scenario20_age20_20260826_105752_dynamics_frames.csv,False
/mnt/hdd16T/ToqeerHomeBackup/mujoco_project/outputs/_highrate_overnight/campaign_highrate_truth_v3_rne_corrected396/runs/P014/task_21/scenario21_age20_h1p52_sex_female_w48p0_20260826_110527/fall_scenario21_age20_20260826_110527_highrate_truth.csv,True,/mnt/hdd16T/ToqeerHomeBackup/mujoco_project/outputs/_highrate_overnight/campaign_highrate_truth_v3_rne_corrected396,/mnt/hdd16T/ToqeerHomeBackup/mujoco_project/outputs/_highrate_overnight/campaign_highrate_truth_v3_rne_corrected396/runs/P014/task_21/scenario21_age20_h1p52_sex_female_w48p0_20260826_110527/fall_scenario21_age20_20260826_110527_dynamics_frames.csv,False
/mnt/hdd16T/ToqeerHomeBackup/mujoco_project/outputs/_highrate_overnight/campaign_highrate_truth_v3_rne_corrected396/runs/P014/task_22/scenario22_age20_h1p52_sex_female_w48p0_20260826_110608/fall_scenario22_age20_20260826_110608_highrate_truth.csv,True,/mnt/hdd16T/ToqeerHomeBackup/mujoco_project/outputs/_highrate_overnight/campaign_highrate_truth_v3_rne_corrected396,/mnt/hdd16T/ToqeerHomeBackup/mujoco_project/outputs/_highrate_overnight/campaign_highrate_truth_v3_rne_corrected396/runs/P014/task_22/scenario22_age20_h1p52_sex_female_w48p0_20260826_110608/fall_scenario22_age20_20260826_110608_dynamics_frames.csv,False
/mnt/hdd16T/ToqeerHomeBackup/mujoco_project/outputs/_highrate_overnight/campaign_highrate_truth_v3_rne_corrected396/runs/P014/task_23/scenario23_age20_h1p52_sex_female_w48p0_20260826_110646/fall_scenario23_age20_20260826_110646_highrate_truth.csv,True,/mnt/hdd16T/ToqeerHomeBackup/mujoco_project/outputs/_highrate_overnight/campaign_highrate_truth_v3_rne_corrected396,/mnt/hdd16T/ToqeerHomeBackup/mujoco_project/outputs/_highrate_overnight/campaign_highrate_truth_v3_rne_corrected396/runs/P014/task_23/scenario23_age20_h1p52_sex_female_w48p0_20260826_110646/fall_scenario23_age20_20260826_110646_dynamics_frames.csv,False
/mnt/hdd16T/ToqeerHomeBackup/mujoco_project/outputs/_highrate_overnight/campaign_highrate_truth_v3_rne_corrected396/runs/P014/task_24/scenario24_age20_h1p52_sex_female_w48p0_20260826_110754/fall_scenario24_age20_20260826_110754_highrate_truth.csv,True,/mnt/hdd16T/ToqeerHomeBackup/mujoco_project/outputs/_highrate_overnight/campaign_highrate_truth_v3_rne_corrected396,/mnt/hdd16T/ToqeerHomeBackup/mujoco_project/outputs/_highrate_overnight/campaign_highrate_truth_v3_rne_corrected396/runs/P014/task_24/scenario24_age20_h1p52_sex_female_w48p0_20260826_110754/fall_scenario24_age20_20260826_110754_dynamics_frames.csv,False
/mnt/hdd16T/ToqeerHomeBackup/mujoco_project/outputs/_highrate_overnight/campaign_highrate_truth_v3_rne_corrected396/runs/P014/task_28/scenario28_age20_h1p52_sex_female_w48p0_20260826_110832/fall_scenario28_age20_20260826_110832_highrate_truth.csv,True,/mnt/hdd16T/ToqeerHomeBackup/mujoco_project/outputs/_highrate_overnight/campaign_highrate_truth_v3_rne_corrected396,/mnt/hdd16T/ToqeerHomeBackup/mujoco_project/outputs/_highrate_overnight/campaign_highrate_truth_v3_rne_corrected396/runs/P014/task_28/scenario28_age20_h1p52_sex_female_w48p0_20260826_110832/fall_scenario28_age20_20260826_110832_dynamics_frames.csv,False
/mnt/hdd16T/ToqeerHomeBackup/mujoco_project/outputs/_highrate_overnight/campaign_highrate_truth_v3_rne_corrected396/runs/P014/task_29/scenario29_age20_h1p52_sex_female_w48p0_20260826_111114/fall_scenario29_age20_20260826_111114_highrate_truth.csv,True,/mnt/hdd16T/ToqeerHomeBackup/mujoco_project/outputs/_highrate_overnight/campaign_highrate_truth_v3_rne_corrected396,/mnt/hdd16T/ToqeerHomeBackup/mujoco_project/outputs/_highrate_overnight/campaign_highrate_truth_v3_rne_corrected396/runs/P014/task_29/scenario29_age20_h1p52_sex_female_w48p0_20260826_111114/fall_scenario29_age20_20260826_111114_dynamics_frames.csv,False
/mnt/hdd16T/ToqeerHomeBackup/mujoco_project/outputs/_highrate_overnight/campaign_highrate_truth_v3_rne_corrected396/runs/P014/task_30/scenario30_age20_h1p52_sex_female_w48p0_20260826_111356/fall_scenario30_age20_20260826_111356_highrate_truth.csv,True,/mnt/hdd16T/ToqeerHomeBackup/mujoco_project/outputs/_highrate_overnight/campaign_highrate_truth_v3_rne_corrected396,/mnt/hdd16T/ToqeerHomeBackup/mujoco_project/outputs/_highrate_overnight/campaign_highrate_truth_v3_rne_corrected396/runs/P014/task_30/scenario30_age20_h1p52_sex_female_w48p0_20260826_111356/fall_scenario30_age20_20260826_111356_dynamics_frames.csv,False
/mnt/hdd16T/ToqeerHomeBackup/mujoco_project/outputs/_highrate_overnight/campaign_highrate_truth_v3_rne_corrected396/runs/P014/task_31/scenario31_age20_h1p52_sex_female_w48p0_20260826_111638/fall_scenario31_age20_20260826_111638_highrate_truth.csv,True,/mnt/hdd16T/ToqeerHomeBackup/mujoco_project/outputs/_highrate_overnight/campaign_highrate_truth_v3_rne_corrected396,/mnt/hdd16T/ToqeerHomeBackup/mujoco_project/outputs/_highrate_overnight/campaign_highrate_truth_v3_rne_corrected396/runs/P014/task_31/scenario31_age20_h1p52_sex_female_w48p0_20260826_111638/fall_scenario31_age20_20260826_111638_dynamics_frames.csv,False
/mnt/hdd16T/ToqeerHomeBackup/mujoco_project/outputs/_highrate_overnight/campaign_highrate_truth_v3_rne_corrected396/runs/P014/task_32/scenario32_age20_h1p52_sex_female_w48p0_20260826_111920/fall_scenario32_age20_20260826_111920_highrate_truth.csv,True,/mnt/hdd16T/ToqeerHomeBackup/mujoco_project/outputs/_highrate_overnight/campaign_highrate_truth_v3_rne_corrected396,/mnt/hdd16T/ToqeerHomeBackup/mujoco_project/outputs/_highrate_overnight/campaign_highrate_truth_v3_rne_corrected396/runs/P014/task_32/scenario32_age20_h1p52_sex_female_w48p0_20260826_111920/fall_scenario32_age20_20260826_111920_dynamics_frames.csv,False
/mnt/hdd16T/ToqeerHomeBackup/mujoco_project/outputs/_highrate_overnight/campaign_highrate_truth_v3_rne_corrected396/runs/P014/task_33/scenario33_age20_h1p52_sex_female_w48p0_20260826_112201/fall_scenario33_age20_20260826_112201_highrate_truth.csv,True,/mnt/hdd16T/ToqeerHomeBackup/mujoco_project/outputs/_highrate_overnight/campaign_highrate_truth_v3_rne_corrected396,/mnt/hdd16T/ToqeerHomeBackup/mujoco_project/outputs/_highrate_overnight/campaign_highrate_truth_v3_rne_corrected396/runs/P014/task_33/scenario33_age20_h1p52_sex_female_w48p0_20260826_112201/fall_scenario33_age20_20260826_112201_dynamics_frames.csv,False
/mnt/hdd16T/ToqeerHomeBackup/mujoco_project/outputs/_highrate_overnight/campaign_highrate_truth_v3_rne_corrected396/runs/P014/task_34/scenario34_age20_h1p52_sex_female_w48p0_20260826_112444/fall_scenario34_age20_20260826_112444_highrate_truth.csv,True,/mnt/hdd16T/ToqeerHomeBackup/mujoco_project/outputs/_highrate_overnight/campaign_highrate_truth_v3_rne_corrected396,/mnt/hdd16T/ToqeerHomeBackup/mujoco_project/outputs/_highrate_overnight/campaign_highrate_truth_v3_rne_corrected396/runs/P014/task_34/scenario34_age20_h1p52_sex_female_w48p0_20260826_112444/fall_scenario34_age20_20260826_112444_dynamics_frames.csv,False
/mnt/hdd16T/ToqeerHomeBackup/mujoco_project/outputs/_highrate_overnight/campaign_highrate_truth_v3_rne_corrected396/runs/P014/task_37/scenario37_age20_h1p52_sex_female_w48p0_20260826_112725/fall_scenario37_age20_20260826_112725_highrate_truth.csv,True,/mnt/hdd16T/ToqeerHomeBackup/mujoco_project/outputs/_highrate_overnight/campaign_highrate_truth_v3_rne_corrected396,/mnt/hdd16T/ToqeerHomeBackup/mujoco_project/outputs/_highrate_overnight/campaign_highrate_truth_v3_rne_corrected396/runs/P014/task_37/scenario37_age20_h1p52_sex_female_w48p0_20260826_112725/fall_scenario37_age20_20260826_112725_dynamics_frames.csv,False
/mnt/hdd16T/ToqeerHomeBackup/mujoco_project/outputs/_highrate_overnight/campaign_highrate_truth_v3_rne_corrected396/runs/P014/task_38/scenario38_age20_h1p52_sex_female_w48p0_20260826_113007/fall_scenario38_age20_20260826_113007_highrate_truth.csv,True,/mnt/hdd16T/ToqeerHomeBackup/mujoco_project/outputs/_highrate_overnight/campaign_highrate_truth_v3_rne_corrected396,/mnt/hdd16T/ToqeerHomeBackup/mujoco_project/outputs/_highrate_overnight/campaign_highrate_truth_v3_rne_corrected396/runs/P014/task_38/scenario38_age20_h1p52_sex_female_w48p0_20260826_113007/fall_scenario38_age20_20260826_113007_dynamics_frames.csv,False
/mnt/hdd16T/ToqeerHomeBackup/mujoco_project/outputs/_highrate_overnight/campaign_highrate_truth_v3_rne_corrected396/runs/P014/task_39/scenario39_age20_h1p52_sex_female_w48p0_20260826_113250/fall_scenario39_age20_20260826_113250_highrate_truth.csv,True,/mnt/hdd16T/ToqeerHomeBackup/mujoco_project/outputs/_highrate_overnight/campaign_highrate_truth_v3_rne_corrected396,/mnt/hdd16T/ToqeerHomeBackup/mujoco_project/outputs/_highrate_overnight/campaign_highrate_truth_v3_rne_corrected396/runs/P014/task_39/scenario39_age20_h1p52_sex_female_w48p0_20260826_113250/fall_scenario39_age20_20260826_113250_dynamics_frames.csv,False
/mnt/hdd16T/ToqeerHomeBackup/mujoco_project/outputs/_highrate_overnight/campaign_highrate_truth_v3_rne_corrected396/runs/P014/task_40/scenario40_age20_h1p52_sex_female_w48p0_20260826_113329/fall_scenario40_age20_20260826_113329_highrate_truth.csv,True,/mnt/hdd16T/ToqeerHomeBackup/mujoco_project/outputs/_highrate_overnight/campaign_highrate_truth_v3_rne_corrected396,/mnt/hdd16T/ToqeerHomeBackup/mujoco_project/outputs/_highrate_overnight/campaign_highrate_truth_v3_rne_corrected396/runs/P014/task_40/scenario40_age20_h1p52_sex_female_w48p0_20260826_113329/fall_scenario40_age20_20260826_113329_dynamics_frames.csv,False
/mnt/hdd16T/ToqeerHomeBackup/mujoco_project/outputs/_highrate_overnight/campaign_highrate_truth_v3_rne_corrected396/runs/P014/task_41/scenario41_age20_h1p52_sex_female_w48p0_20260826_113408/fall_scenario41_age20_20260826_113408_highrate_truth.csv,True,/mnt/hdd16T/ToqeerHomeBackup/mujoco_project/outputs/_highrate_overnight/campaign_highrate_truth_v3_rne_corrected396,/mnt/hdd16T/ToqeerHomeBackup/mujoco_project/outputs/_highrate_overnight/campaign_highrate_truth_v3_rne_corrected396/runs/P014/task_41/scenario41_age20_h1p52_sex_female_w48p0_20260826_113408/fall_scenario41_age20_20260826_113408_dynamics_frames.csv,False
/mnt/hdd16T/ToqeerHomeBackup/mujoco_project/outputs/_highrate_overnight/campaign_highrate_truth_v3_rne_corrected396/runs/P014/task_42/scenario42_age20_h1p52_sex_female_w48p0_20260826_113447/fall_scenario42_age20_20260826_113447_highrate_truth.csv,True,/mnt/hdd16T/ToqeerHomeBackup/mujoco_project/outputs/_highrate_overnight/campaign_highrate_truth_v3_rne_corrected396,/mnt/hdd16T/ToqeerHomeBackup/mujoco_project/outputs/_highrate_overnight/campaign_highrate_truth_v3_rne_corrected396/runs/P014/task_42/scenario42_age20_h1p52_sex_female_w48p0_20260826_113447/fall_scenario42_age20_20260826_113447_dynamics_frames.csv,False
/mnt/hdd16T/ToqeerHomeBackup/mujoco_project/outputs/_highrate_overnight/campaign_highrate_truth_v3_rne_corrected396/runs/P015/task_20/scenario20_age23_h1p74_sex_female_w68p0_20260826_113527/fall_scenario20_age23_20260826_113527_highrate_truth.csv,True,/mnt/hdd16T/ToqeerHomeBackup/mujoco_project/outputs/_highrate_overnight/campaign_highrate_truth_v3_rne_corrected396,/mnt/hdd16T/ToqeerHomeBackup/mujoco_project/outputs/_highrate_overnight/campaign_highrate_truth_v3_rne_corrected396/runs/P015/task_20/scenario20_age23_h1p74_sex_female_w68p0_20260826_113527/fall_scenario20_age23_20260826_113527_dynamics_frames.csv,False
/mnt/hdd16T/ToqeerHomeBackup/mujoco_project/outputs/_highrate_overnight/campaign_highrate_truth_v3_rne_corrected396/runs/P015/task_21/scenario21_age23_h1p74_sex_female_w68p0_20260826_113635/fall_scenario21_age23_20260826_113635_highrate_truth.csv,True,/mnt/hdd16T/ToqeerHomeBackup/mujoco_project/outputs/_highrate_overnight/campaign_highrate_truth_v3_rne_corrected396,/mnt/hdd16T/ToqeerHomeBackup/mujoco_project/outputs/_highrate_overnight/campaign_highrate_truth_v3_rne_corrected396/runs/P015/task_21/scenario21_age23_h1p74_sex_female_w68p0_20260826_113635/fall_scenario21_age23_20260826_113635_dynamics_frames.csv,False
/mnt/hdd16T/ToqeerHomeBackup/mujoco_project/outputs/_highrate_overnight/campaign_highrate_truth_v3_rne_corrected396/runs/P015/task_22/scenario22_age23_h1p74_sex_female_w68p0_20260826_113713/fall_scenario22_age23_20260826_113713_highrate_truth.csv,True,/mnt/hdd16T/ToqeerHomeBackup/mujoco_project/outputs/_highrate_overnight/campaign_highrate_truth_v3_rne_corrected396,/mnt/hdd16T/ToqeerHomeBackup/mujoco_project/outputs/_highrate_overnight/campaign_highrate_truth_v3_rne_corrected396/runs/P015/task_22/scenario22_age23_h1p74_sex_female_w68p0_20260826_113713/fall_scenario22_age23_20260826_113713_dynamics_frames.csv,False
/mnt/hdd16T/ToqeerHomeBackup/mujoco_project/outputs/_highrate_overnight/campaign_highrate_truth_v3_rne_corrected396/runs/P015/task_23/scenario23_age23_h1p74_sex_female_w68p0_20260826_113751/fall_scenario23_age23_20260826_113751_highrate_truth.csv,True,/mnt/hdd16T/ToqeerHomeBackup/mujoco_project/outputs/_highrate_overnight/campaign_highrate_truth_v3_rne_corrected396,/mnt/hdd16T/ToqeerHomeBackup/mujoco_project/outputs/_highrate_overnight/campaign_highrate_truth_v3_rne_corrected396/runs/P015/task_23/scenario23_age23_h1p74_sex_female_w68p0_20260826_113751/fall_scenario23_age23_20260826_113751_dynamics_frames.csv,False
/mnt/hdd16T/ToqeerHomeBackup/mujoco_project/outputs/_highrate_overnight/campaign_highrate_truth_v3_rne_corrected396/runs/P015/task_24/scenario24_age23_h1p74_sex_female_w68p0_20260826_113859/fall_scenario24_age23_20260826_113859_highrate_truth.csv,True,/mnt/hdd16T/ToqeerHomeBackup/mujoco_project/outputs/_highrate_overnight/campaign_highrate_truth_v3_rne_corrected396,/mnt/hdd16T/ToqeerHomeBackup/mujoco_project/outputs/_highrate_overnight/campaign_highrate_truth_v3_rne_corrected396/runs/P015/task_24/scenario24_age23_h1p74_sex_female_w68p0_20260826_113859/fall_scenario24_age23_20260826_113859_dynamics_frames.csv,False
/mnt/hdd16T/ToqeerHomeBackup/mujoco_project/outputs/_highrate_overnight/campaign_highrate_truth_v3_rne_corrected396/runs/P015/task_28/scenario28_age23_h1p74_sex_female_w68p0_20260826_113937/fall_scenario28_age23_20260826_113937_highrate_truth.csv,True,/mnt/hdd16T/ToqeerHomeBackup/mujoco_project/outputs/_highrate_overnight/campaign_highrate_truth_v3_rne_corrected396,/mnt/hdd16T/ToqeerHomeBackup/mujoco_project/outputs/_highrate_overnight/campaign_highrate_truth_v3_rne_corrected396/runs/P015/task_28/scenario28_age23_h1p74_sex_female_w68p0_20260826_113937/fall_scenario28_age23_20260826_113937_dynamics_frames.csv,False
/mnt/hdd16T/ToqeerHomeBackup/mujoco_project/outputs/_highrate_overnight/campaign_highrate_truth_v3_rne_corrected396/runs/P015/task_29/scenario29_age23_h1p74_sex_female_w68p0_20260826_114220/fall_scenario29_age23_20260826_114220_highrate_truth.csv,True,/mnt/hdd16T/ToqeerHomeBackup/mujoco_project/outputs/_highrate_overnight/campaign_highrate_truth_v3_rne_corrected396,/mnt/hdd16T/ToqeerHomeBackup/mujoco_project/outputs/_highrate_overnight/campaign_highrate_truth_v3_rne_corrected396/runs/P015/task_29/scenario29_age23_h1p74_sex_female_w68p0_20260826_114220/fall_scenario29_age23_20260826_114220_dynamics_frames.csv,False
/mnt/hdd16T/ToqeerHomeBackup/mujoco_project/outputs/_highrate_overnight/campaign_highrate_truth_v3_rne_corrected396/runs/P015/task_30/scenario30_age23_h1p74_sex_female_w68p0_20260826_114502/fall_scenario30_age23_20260826_114502_highrate_truth.csv,True,/mnt/hdd16T/ToqeerHomeBackup/mujoco_project/outputs/_highrate_overnight/campaign_highrate_truth_v3_rne_corrected396,/mnt/hdd16T/ToqeerHomeBackup/mujoco_project/outputs/_highrate_overnight/campaign_highrate_truth_v3_rne_corrected396/runs/P015/task_30/scenario30_age23_h1p74_sex_female_w68p0_20260826_114502/fall_scenario30_age23_20260826_114502_dynamics_frames.csv,False
/mnt/hdd16T/ToqeerHomeBackup/mujoco_project/outputs/_highrate_overnight/campaign_highrate_truth_v3_rne_corrected396/runs/P015/task_31/scenario31_age23_h1p74_sex_female_w68p0_20260826_114747/fall_scenario31_age23_20260826_114747_highrate_truth.csv,True,/mnt/hdd16T/ToqeerHomeBackup/mujoco_project/outputs/_highrate_overnight/campaign_highrate_truth_v3_rne_corrected396,/mnt/hdd16T/ToqeerHomeBackup/mujoco_project/outputs/_highrate_overnight/campaign_highrate_truth_v3_rne_corrected396/runs/P015/task_31/scenario31_age23_h1p74_sex_female_w68p0_20260826_114747/fall_scenario31_age23_20260826_114747_dynamics_frames.csv,False
/mnt/hdd16T/ToqeerHomeBackup/mujoco_project/outputs/_highrate_overnight/campaign_highrate_truth_v3_rne_corrected396/runs/P015/task_32/scenario32_age23_h1p74_sex_female_w68p0_20260826_115032/fall_scenario32_age23_20260826_115032_highrate_truth.csv,True,/mnt/hdd16T/ToqeerHomeBackup/mujoco_project/outputs/_highrate_overnight/campaign_highrate_truth_v3_rne_corrected396,/mnt/hdd16T/ToqeerHomeBackup/mujoco_project/outputs/_highrate_overnight/campaign_highrate_truth_v3_rne_corrected396/runs/P015/task_32/scenario32_age23_h1p74_sex_female_w68p0_20260826_115032/fall_scenario32_age23_20260826_115032_dynamics_frames.csv,False
/mnt/hdd16T/ToqeerHomeBackup/mujoco_project/outputs/_highrate_overnight/campaign_highrate_truth_v3_rne_corrected396/runs/P015/task_33/scenario33_age23_h1p74_sex_female_w68p0_20260826_115317/fall_scenario33_age23_20260826_115317_highrate_truth.csv,True,/mnt/hdd16T/ToqeerHomeBackup/mujoco_project/outputs/_highrate_overnight/campaign_highrate_truth_v3_rne_corrected396,/mnt/hdd16T/ToqeerHomeBackup/mujoco_project/outputs/_highrate_overnight/campaign_highrate_truth_v3_rne_corrected396/runs/P015/task_33/scenario33_age23_h1p74_sex_female_w68p0_20260826_115317/fall_scenario33_age23_20260826_115317_dynamics_frames.csv,False
/mnt/hdd16T/ToqeerHomeBackup/mujoco_project/outputs/_highrate_overnight/campaign_highrate_truth_v3_rne_corrected396/runs/P015/task_34/scenario34_age23_h1p74_sex_female_w68p0_20260826_115601/fall_scenario34_age23_20260826_115601_highrate_truth.csv,True,/mnt/hdd16T/ToqeerHomeBackup/mujoco_project/outputs/_highrate_overnight/campaign_highrate_truth_v3_rne_corrected396,/mnt/hdd16T/ToqeerHomeBackup/mujoco_project/outputs/_highrate_overnight/campaign_highrate_truth_v3_rne_corrected396/runs/P015/task_34/scenario34_age23_h1p74_sex_female_w68p0_20260826_115601/fall_scenario34_age23_20260826_115601_dynamics_frames.csv,False
/mnt/hdd16T/ToqeerHomeBackup/mujoco_project/outputs/_highrate_overnight/campaign_highrate_truth_v3_rne_corrected396/runs/P015/task_37/scenario37_age23_h1p74_sex_female_w68p0_20260826_115846/fall_scenario37_age23_20260826_115846_highrate_truth.csv,True,/mnt/hdd16T/ToqeerHomeBackup/mujoco_project/outputs/_highrate_overnight/campaign_highrate_truth_v3_rne_corrected396,/mnt/hdd16T/ToqeerHomeBackup/mujoco_project/outputs/_highrate_overnight/campaign_highrate_truth_v3_rne_corrected396/runs/P015/task_37/scenario37_age23_h1p74_sex_female_w68p0_20260826_115846/fall_scenario37_age23_20260826_115846_dynamics_frames.csv,False
/mnt/hdd16T/ToqeerHomeBackup/mujoco_project/outputs/_highrate_overnight/campaign_highrate_truth_v3_rne_corrected396/runs/P015/task_38/scenario38_age23_h1p74_sex_female_w68p0_20260826_120134/fall_scenario38_age23_20260826_120134_highrate_truth.csv,True,/mnt/hdd16T/ToqeerHomeBackup/mujoco_project/outputs/_highrate_overnight/campaign_highrate_truth_v3_rne_corrected396,/mnt/hdd16T/ToqeerHomeBackup/mujoco_project/outputs/_highrate_overnight/campaign_highrate_truth_v3_rne_corrected396/runs/P015/task_38/scenario38_age23_h1p74_sex_female_w68p0_20260826_120134/fall_scenario38_age23_20260826_120134_dynamics_frames.csv,False
/mnt/hdd16T/ToqeerHomeBackup/mujoco_project/outputs/_highrate_overnight/campaign_highrate_truth_v3_rne_corrected396/runs/P015/task_39/scenario39_age23_h1p74_sex_female_w68p0_20260826_120419/fall_scenario39_age23_20260826_120419_highrate_truth.csv,True,/mnt/hdd16T/ToqeerHomeBackup/mujoco_project/outputs/_highrate_overnight/campaign_highrate_truth_v3_rne_corrected396,/mnt/hdd16T/ToqeerHomeBackup/mujoco_project/outputs/_highrate_overnight/campaign_highrate_truth_v3_rne_corrected396/runs/P015/task_39/scenario39_age23_h1p74_sex_female_w68p0_20260826_120419/fall_scenario39_age23_20260826_120419_dynamics_frames.csv,False
/mnt/hdd16T/ToqeerHomeBackup/mujoco_project/outputs/_highrate_overnight/campaign_highrate_truth_v3_rne_corrected396/runs/P015/task_40/scenario40_age23_h1p74_sex_female_w68p0_20260826_120458/fall_scenario40_age23_20260826_120458_highrate_truth.csv,True,/mnt/hdd16T/ToqeerHomeBackup/mujoco_project/outputs/_highrate_overnight/campaign_highrate_truth_v3_rne_corrected396,/mnt/hdd16T/ToqeerHomeBackup/mujoco_project/outputs/_highrate_overnight/campaign_highrate_truth_v3_rne_corrected396/runs/P015/task_40/scenario40_age23_h1p74_sex_female_w68p0_20260826_120458/fall_scenario40_age23_20260826_120458_dynamics_frames.csv,False
/mnt/hdd16T/ToqeerHomeBackup/mujoco_project/outputs/_highrate_overnight/campaign_highrate_truth_v3_rne_corrected396/runs/P015/task_41/scenario41_age23_h1p74_sex_female_w68p0_20260826_120537/fall_scenario41_age23_20260826_120537_highrate_truth.csv,True,/mnt/hdd16T/ToqeerHomeBackup/mujoco_project/outputs/_highrate_overnight/campaign_highrate_truth_v3_rne_corrected396,/mnt/hdd16T/ToqeerHomeBackup/mujoco_project/outputs/_highrate_overnight/campaign_highrate_truth_v3_rne_corrected396/runs/P015/task_41/scenario41_age23_h1p74_sex_female_w68p0_20260826_120537/fall_scenario41_age23_20260826_120537_dynamics_frames.csv,False
/mnt/hdd16T/ToqeerHomeBackup/mujoco_project/outputs/_highrate_overnight/campaign_highrate_truth_v3_rne_corrected396/runs/P015/task_42/scenario42_age23_h1p74_sex_female_w68p0_20260826_120617/fall_scenario42_age23_20260826_120617_highrate_truth.csv,True,/mnt/hdd16T/ToqeerHomeBackup/mujoco_project/outputs/_highrate_overnight/campaign_highrate_truth_v3_rne_corrected396,/mnt/hdd16T/ToqeerHomeBackup/mujoco_project/outputs/_highrate_overnight/campaign_highrate_truth_v3_rne_corrected396/runs/P015/task_42/scenario42_age23_h1p74_sex_female_w68p0_20260826_120617/fall_scenario42_age23_20260826_120617_dynamics_frames.csv,False
/mnt/hdd16T/ToqeerHomeBackup/mujoco_project/outputs/_highrate_overnight/campaign_highrate_truth_v3_rne_corrected396/runs/P016/task_20/scenario20_age30_h1p60_sex_female_w72p0_20260826_120657/fall_scenario20_age30_20260826_120657_highrate_truth.csv,True,/mnt/hdd16T/ToqeerHomeBackup/mujoco_project/outputs/_highrate_overnight/campaign_highrate_truth_v3_rne_corrected396,/mnt/hdd16T/ToqeerHomeBackup/mujoco_project/outputs/_highrate_overnight/campaign_highrate_truth_v3_rne_corrected396/runs/P016/task_20/scenario20_age30_h1p60_sex_female_w72p0_20260826_120657/fall_scenario20_age30_20260826_120657_dynamics_frames.csv,False
/mnt/hdd16T/ToqeerHomeBackup/mujoco_project/outputs/_highrate_overnight/campaign_highrate_truth_v3_rne_corrected396/runs/P016/task_21/scenario21_age30_h1p60_sex_female_w72p0_20260826_120806/fall_scenario21_age30_20260826_120806_highrate_truth.csv,True,/mnt/hdd16T/ToqeerHomeBackup/mujoco_project/outputs/_highrate_overnight/campaign_highrate_truth_v3_rne_corrected396,/mnt/hdd16T/ToqeerHomeBackup/mujoco_project/outputs/_highrate_overnight/campaign_highrate_truth_v3_rne_corrected396/runs/P016/task_21/scenario21_age30_h1p60_sex_female_w72p0_20260826_120806/fall_scenario21_age30_20260826_120806_dynamics_frames.csv,False
/mnt/hdd16T/ToqeerHomeBackup/mujoco_project/outputs/_highrate_overnight/campaign_highrate_truth_v3_rne_corrected396/runs/P016/task_22/scenario22_age30_h1p60_sex_female_w72p0_20260826_120845/fall_scenario22_age30_20260826_120845_highrate_truth.csv,True,/mnt/hdd16T/ToqeerHomeBackup/mujoco_project/outputs/_highrate_overnight/campaign_highrate_truth_v3_rne_corrected396,/mnt/hdd16T/ToqeerHomeBackup/mujoco_project/outputs/_highrate_overnight/campaign_highrate_truth_v3_rne_corrected396/runs/P016/task_22/scenario22_age30_h1p60_sex_female_w72p0_20260826_120845/fall_scenario22_age30_20260826_120845_dynamics_frames.csv,False
/mnt/hdd16T/ToqeerHomeBackup/mujoco_project/outputs/_highrate_overnight/campaign_highrate_truth_v3_rne_corrected396/runs/P016/task_23/scenario23_age30_h1p60_sex_female_w72p0_20260826_120924/fall_scenario23_age30_20260826_120924_highrate_truth.csv,True,/mnt/hdd16T/ToqeerHomeBackup/mujoco_project/outputs/_highrate_overnight/campaign_highrate_truth_v3_rne_corrected396,/mnt/hdd16T/ToqeerHomeBackup/mujoco_project/outputs/_highrate_overnight/campaign_highrate_truth_v3_rne_corrected396/runs/P016/task_23/scenario23_age30_h1p60_sex_female_w72p0_20260826_120924/fall_scenario23_age30_20260826_120924_dynamics_frames.csv,False
/mnt/hdd16T/ToqeerHomeBackup/mujoco_project/outputs/_highrate_overnight/campaign_highrate_truth_v3_rne_corrected396/runs/P016/task_24/scenario24_age30_h1p60_sex_female_w72p0_20260826_121033/fall_scenario24_age30_20260826_121033_highrate_truth.csv,True,/mnt/hdd16T/ToqeerHomeBackup/mujoco_project/outputs/_highrate_overnight/campaign_highrate_truth_v3_rne_corrected396,/mnt/hdd16T/ToqeerHomeBackup/mujoco_project/outputs/_highrate_overnight/campaign_highrate_truth_v3_rne_corrected396/runs/P016/task_24/scenario24_age30_h1p60_sex_female_w72p0_20260826_121033/fall_scenario24_age30_20260826_121033_dynamics_frames.csv,False
/mnt/hdd16T/ToqeerHomeBackup/mujoco_project/outputs/_highrate_overnight/campaign_highrate_truth_v3_rne_corrected396/runs/P016/task_28/scenario28_age30_h1p60_sex_female_w72p0_20260826_121112/fall_scenario28_age30_20260826_121112_highrate_truth.csv,True,/mnt/hdd16T/ToqeerHomeBackup/mujoco_project/outputs/_highrate_overnight/campaign_highrate_truth_v3_rne_corrected396,/mnt/hdd16T/ToqeerHomeBackup/mujoco_project/outputs/_highrate_overnight/campaign_highrate_truth_v3_rne_corrected396/runs/P016/task_28/scenario28_age30_h1p60_sex_female_w72p0_20260826_121112/fall_scenario28_age30_20260826_121112_dynamics_frames.csv,False
/mnt/hdd16T/ToqeerHomeBackup/mujoco_project/outputs/_highrate_overnight/campaign_highrate_truth_v3_rne_corrected396/runs/P016/task_29/scenario29_age30_h1p60_sex_female_w72p0_20260826_121358/fall_scenario29_age30_20260826_121358_highrate_truth.csv,True,/mnt/hdd16T/ToqeerHomeBackup/mujoco_project/outputs/_highrate_overnight/campaign_highrate_truth_v3_rne_corrected396,/mnt/hdd16T/ToqeerHomeBackup/mujoco_project/outputs/_highrate_overnight/campaign_highrate_truth_v3_rne_corrected396/runs/P016/task_29/scenario29_age30_h1p60_sex_female_w72p0_20260826_121358/fall_scenario29_age30_20260826_121358_dynamics_frames.csv,False
/mnt/hdd16T/ToqeerHomeBackup/mujoco_project/outputs/_highrate_overnight/campaign_highrate_truth_v3_rne_corrected396/runs/P016/task_30/scenario30_age30_h1p60_sex_female_w72p0_20260826_121644/fall_scenario30_age30_20260826_121644_highrate_truth.csv,True,/mnt/hdd16T/ToqeerHomeBackup/mujoco_project/outputs/_highrate_overnight/campaign_highrate_truth_v3_rne_corrected396,/mnt/hdd16T/ToqeerHomeBackup/mujoco_project/outputs/_highrate_overnight/campaign_highrate_truth_v3_rne_corrected396/runs/P016/task_30/scenario30_age30_h1p60_sex_female_w72p0_20260826_121644/fall_scenario30_age30_20260826_121644_dynamics_frames.csv,False
/mnt/hdd16T/ToqeerHomeBackup/mujoco_project/outputs/_highrate_overnight/campaign_highrate_truth_v3_rne_corrected396/runs/P016/task_31/scenario31_age30_h1p60_sex_female_w72p0_20260826_121930/fall_scenario31_age30_20260826_121930_highrate_truth.csv,True,/mnt/hdd16T/ToqeerHomeBackup/mujoco_project/outputs/_highrate_overnight/campaign_highrate_truth_v3_rne_corrected396,/mnt/hdd16T/ToqeerHomeBackup/mujoco_project/outputs/_highrate_overnight/campaign_highrate_truth_v3_rne_corrected396/runs/P016/task_31/scenario31_age30_h1p60_sex_female_w72p0_20260826_121930/fall_scenario31_age30_20260826_121930_dynamics_frames.csv,False
/mnt/hdd16T/ToqeerHomeBackup/mujoco_project/outputs/_highrate_overnight/campaign_highrate_truth_v3_rne_corrected396/runs/P016/task_32/scenario32_age30_h1p60_sex_female_w72p0_20260826_122212/fall_scenario32_age30_20260826_122212_highrate_truth.csv,True,/mnt/hdd16T/ToqeerHomeBackup/mujoco_project/outputs/_highrate_overnight/campaign_highrate_truth_v3_rne_corrected396,/mnt/hdd16T/ToqeerHomeBackup/mujoco_project/outputs/_highrate_overnight/campaign_highrate_truth_v3_rne_corrected396/runs/P016/task_32/scenario32_age30_h1p60_sex_female_w72p0_20260826_122212/fall_scenario32_age30_20260826_122212_dynamics_frames.csv,False
/mnt/hdd16T/ToqeerHomeBackup/mujoco_project/outputs/_highrate_overnight/campaign_highrate_truth_v3_rne_corrected396/runs/P016/task_33/scenario33_age30_h1p60_sex_female_w72p0_20260826_122455/fall_scenario33_age30_20260826_122455_highrate_truth.csv,True,/mnt/hdd16T/ToqeerHomeBackup/mujoco_project/outputs/_highrate_overnight/campaign_highrate_truth_v3_rne_corrected396,/mnt/hdd16T/ToqeerHomeBackup/mujoco_project/outputs/_highrate_overnight/campaign_highrate_truth_v3_rne_corrected396/runs/P016/task_33/scenario33_age30_h1p60_sex_female_w72p0_20260826_122455/fall_scenario33_age30_20260826_122455_dynamics_frames.csv,False
/mnt/hdd16T/ToqeerHomeBackup/mujoco_project/outputs/_highrate_overnight/campaign_highrate_truth_v3_rne_corrected396/runs/P016/task_34/scenario34_age30_h1p60_sex_female_w72p0_20260826_122737/fall_scenario34_age30_20260826_122737_highrate_truth.csv,True,/mnt/hdd16T/ToqeerHomeBackup/mujoco_project/outputs/_highrate_overnight/campaign_highrate_truth_v3_rne_corrected396,/mnt/hdd16T/ToqeerHomeBackup/mujoco_project/outputs/_highrate_overnight/campaign_highrate_truth_v3_rne_corrected396/runs/P016/task_34/scenario34_age30_h1p60_sex_female_w72p0_20260826_122737/fall_scenario34_age30_20260826_122737_dynamics_frames.csv,False
/mnt/hdd16T/ToqeerHomeBackup/mujoco_project/outputs/_highrate_overnight/campaign_highrate_truth_v3_rne_corrected396/runs/P016/task_37/scenario37_age30_h1p60_sex_female_w72p0_20260826_123020/fall_scenario37_age30_20260826_123020_highrate_truth.csv,True,/mnt/hdd16T/ToqeerHomeBackup/mujoco_project/outputs/_highrate_overnight/campaign_highrate_truth_v3_rne_corrected396,/mnt/hdd16T/ToqeerHomeBackup/mujoco_project/outputs/_highrate_overnight/campaign_highrate_truth_v3_rne_corrected396/runs/P016/task_37/scenario37_age30_h1p60_sex_female_w72p0_20260826_123020/fall_scenario37_age30_20260826_123020_dynamics_frames.csv,False
/mnt/hdd16T/ToqeerHomeBackup/mujoco_project/outputs/_highrate_overnight/campaign_highrate_truth_v3_rne_corrected396/runs/P016/task_38/scenario38_age30_h1p60_sex_female_w72p0_20260826_123302/fall_scenario38_age30_20260826_123302_highrate_truth.csv,True,/mnt/hdd16T/ToqeerHomeBackup/mujoco_project/outputs/_highrate_overnight/campaign_highrate_truth_v3_rne_corrected396,/mnt/hdd16T/ToqeerHomeBackup/mujoco_project/outputs/_highrate_overnight/campaign_highrate_truth_v3_rne_corrected396/runs/P016/task_38/scenario38_age30_h1p60_sex_female_w72p0_20260826_123302/fall_scenario38_age30_20260826_123302_dynamics_frames.csv,False
/mnt/hdd16T/ToqeerHomeBackup/mujoco_project/outputs/_highrate_overnight/campaign_highrate_truth_v3_rne_corrected396/runs/P016/task_39/scenario39_age30_h1p60_sex_female_w72p0_20260826_123544/fall_scenario39_age30_20260826_123544_highrate_truth.csv,True,/mnt/hdd16T/ToqeerHomeBackup/mujoco_project/outputs/_highrate_overnight/campaign_highrate_truth_v3_rne_corrected396,/mnt/hdd16T/ToqeerHomeBackup/mujoco_project/outputs/_highrate_overnight/campaign_highrate_truth_v3_rne_corrected396/runs/P016/task_39/scenario39_age30_h1p60_sex_female_w72p0_20260826_123544/fall_scenario39_age30_20260826_123544_dynamics_frames.csv,False
/mnt/hdd16T/ToqeerHomeBackup/mujoco_project/outputs/_highrate_overnight/campaign_highrate_truth_v3_rne_corrected396/runs/P016/task_40/scenario40_age30_h1p60_sex_female_w72p0_20260826_123623/fall_scenario40_age30_20260826_123623_highrate_truth.csv,True,/mnt/hdd16T/ToqeerHomeBackup/mujoco_project/outputs/_highrate_overnight/campaign_highrate_truth_v3_rne_corrected396,/mnt/hdd16T/ToqeerHomeBackup/mujoco_project/outputs/_highrate_overnight/campaign_highrate_truth_v3_rne_corrected396/runs/P016/task_40/scenario40_age30_h1p60_sex_female_w72p0_20260826_123623/fall_scenario40_age30_20260826_123623_dynamics_frames.csv,False
/mnt/hdd16T/ToqeerHomeBackup/mujoco_project/outputs/_highrate_overnight/campaign_highrate_truth_v3_rne_corrected396/runs/P016/task_41/scenario41_age30_h1p60_sex_female_w72p0_20260826_123702/fall_scenario41_age30_20260826_123702_highrate_truth.csv,True,/mnt/hdd16T/ToqeerHomeBackup/mujoco_project/outputs/_highrate_overnight/campaign_highrate_truth_v3_rne_corrected396,/mnt/hdd16T/ToqeerHomeBackup/mujoco_project/outputs/_highrate_overnight/campaign_highrate_truth_v3_rne_corrected396/runs/P016/task_41/scenario41_age30_h1p60_sex_female_w72p0_20260826_123702/fall_scenario41_age30_20260826_123702_dynamics_frames.csv,False
/mnt/hdd16T/ToqeerHomeBackup/mujoco_project/outputs/_highrate_overnight/campaign_highrate_truth_v3_rne_corrected396/runs/P016/task_42/scenario42_age30_h1p60_sex_female_w72p0_20260826_123741/fall_scenario42_age30_20260826_123741_highrate_truth.csv,True,/mnt/hdd16T/ToqeerHomeBackup/mujoco_project/outputs/_highrate_overnight/campaign_highrate_truth_v3_rne_corrected396,/mnt/hdd16T/ToqeerHomeBackup/mujoco_project/outputs/_highrate_overnight/campaign_highrate_truth_v3_rne_corrected396/runs/P016/task_42/scenario42_age30_h1p60_sex_female_w72p0_20260826_123741/fall_scenario42_age30_20260826_123741_dynamics_frames.csv,False
/mnt/hdd16T/ToqeerHomeBackup/mujoco_project/outputs/_highrate_overnight/campaign_highrate_truth_v3_rne_corrected396/runs/P017/task_20/scenario20_age34_h1p88_sex_male_w95p0_20260826_123821/fall_scenario20_age34_20260826_123821_highrate_truth.csv,True,/mnt/hdd16T/ToqeerHomeBackup/mujoco_project/outputs/_highrate_overnight/campaign_highrate_truth_v3_rne_corrected396,/mnt/hdd16T/ToqeerHomeBackup/mujoco_project/outputs/_highrate_overnight/campaign_highrate_truth_v3_rne_corrected396/runs/P017/task_20/scenario20_age34_h1p88_sex_male_w95p0_20260826_123821/fall_scenario20_age34_20260826_123821_dynamics_frames.csv,False
/mnt/hdd16T/ToqeerHomeBackup/mujoco_project/outputs/_highrate_overnight/campaign_highrate_truth_v3_rne_corrected396/runs/P017/task_21/scenario21_age34_h1p88_sex_male_w95p0_20260826_123929/fall_scenario21_age34_20260826_123929_highrate_truth.csv,True,/mnt/hdd16T/ToqeerHomeBackup/mujoco_project/outputs/_highrate_overnight/campaign_highrate_truth_v3_rne_corrected396,/mnt/hdd16T/ToqeerHomeBackup/mujoco_project/outputs/_highrate_overnight/campaign_highrate_truth_v3_rne_corrected396/runs/P017/task_21/scenario21_age34_h1p88_sex_male_w95p0_20260826_123929/fall_scenario21_age34_20260826_123929_dynamics_frames.csv,False
/mnt/hdd16T/ToqeerHomeBackup/mujoco_project/outputs/_highrate_overnight/campaign_highrate_truth_v3_rne_corrected396/runs/P017/task_22/scenario22_age34_h1p88_sex_male_w95p0_20260826_124008/fall_scenario22_age34_20260826_124008_highrate_truth.csv,True,/mnt/hdd16T/ToqeerHomeBackup/mujoco_project/outputs/_highrate_overnight/campaign_highrate_truth_v3_rne_corrected396,/mnt/hdd16T/ToqeerHomeBackup/mujoco_project/outputs/_highrate_overnight/campaign_highrate_truth_v3_rne_corrected396/runs/P017/task_22/scenario22_age34_h1p88_sex_male_w95p0_20260826_124008/fall_scenario22_age34_20260826_124008_dynamics_frames.csv,False
/mnt/hdd16T/ToqeerHomeBackup/mujoco_project/outputs/_highrate_overnight/campaign_highrate_truth_v3_rne_corrected396/runs/P017/task_23/scenario23_age34_h1p88_sex_male_w95p0_20260826_124046/fall_scenario23_age34_20260826_124046_highrate_truth.csv,True,/mnt/hdd16T/ToqeerHomeBackup/mujoco_project/outputs/_highrate_overnight/campaign_highrate_truth_v3_rne_corrected396,/mnt/hdd16T/ToqeerHomeBackup/mujoco_project/outputs/_highrate_overnight/campaign_highrate_truth_v3_rne_corrected396/runs/P017/task_23/scenario23_age34_h1p88_sex_male_w95p0_20260826_124046/fall_scenario23_age34_20260826_124046_dynamics_frames.csv,False
/mnt/hdd16T/ToqeerHomeBackup/mujoco_project/outputs/_highrate_overnight/campaign_highrate_truth_v3_rne_corrected396/runs/P017/task_24/scenario24_age34_h1p88_sex_male_w95p0_20260826_124155/fall_scenario24_age34_20260826_124155_highrate_truth.csv,True,/mnt/hdd16T/ToqeerHomeBackup/mujoco_project/outputs/_highrate_overnight/campaign_highrate_truth_v3_rne_corrected396,/mnt/hdd16T/ToqeerHomeBackup/mujoco_project/outputs/_highrate_overnight/campaign_highrate_truth_v3_rne_corrected396/runs/P017/task_24/scenario24_age34_h1p88_sex_male_w95p0_20260826_124155/fall_scenario24_age34_20260826_124155_dynamics_frames.csv,False
/mnt/hdd16T/ToqeerHomeBackup/mujoco_project/outputs/_highrate_overnight/campaign_highrate_truth_v3_rne_corrected396/runs/P017/task_28/scenario28_age34_h1p88_sex_male_w95p0_20260826_124233/fall_scenario28_age34_20260826_124233_highrate_truth.csv,True,/mnt/hdd16T/ToqeerHomeBackup/mujoco_project/outputs/_highrate_overnight/campaign_highrate_truth_v3_rne_corrected396,/mnt/hdd16T/ToqeerHomeBackup/mujoco_project/outputs/_highrate_overnight/campaign_highrate_truth_v3_rne_corrected396/runs/P017/task_28/scenario28_age34_h1p88_sex_male_w95p0_20260826_124233/fall_scenario28_age34_20260826_124233_dynamics_frames.csv,False
/mnt/hdd16T/ToqeerHomeBackup/mujoco_project/outputs/_highrate_overnight/campaign_highrate_truth_v3_rne_corrected396/runs/P017/task_29/scenario29_age34_h1p88_sex_male_w95p0_20260826_124518/fall_scenario29_age34_20260826_124518_highrate_truth.csv,True,/mnt/hdd16T/ToqeerHomeBackup/mujoco_project/outputs/_highrate_overnight/campaign_highrate_truth_v3_rne_corrected396,/mnt/hdd16T/ToqeerHomeBackup/mujoco_project/outputs/_highrate_overnight/campaign_highrate_truth_v3_rne_corrected396/runs/P017/task_29/scenario29_age34_h1p88_sex_male_w95p0_20260826_124518/fall_scenario29_age34_20260826_124518_dynamics_frames.csv,False
/mnt/hdd16T/ToqeerHomeBackup/mujoco_project/outputs/_highrate_overnight/campaign_highrate_truth_v3_rne_corrected396/runs/P017/task_30/scenario30_age34_h1p88_sex_male_w95p0_20260826_124801/fall_scenario30_age34_20260826_124801_highrate_truth.csv,True,/mnt/hdd16T/ToqeerHomeBackup/mujoco_project/outputs/_highrate_overnight/campaign_highrate_truth_v3_rne_corrected396,/mnt/hdd16T/ToqeerHomeBackup/mujoco_project/outputs/_highrate_overnight/campaign_highrate_truth_v3_rne_corrected396/runs/P017/task_30/scenario30_age34_h1p88_sex_male_w95p0_20260826_124801/fall_scenario30_age34_20260826_124801_dynamics_frames.csv,False
/mnt/hdd16T/ToqeerHomeBackup/mujoco_project/outputs/_highrate_overnight/campaign_highrate_truth_v3_rne_corrected396/runs/P017/task_31/scenario31_age34_h1p88_sex_male_w95p0_20260826_125044/fall_scenario31_age34_20260826_125044_highrate_truth.csv,True,/mnt/hdd16T/ToqeerHomeBackup/mujoco_project/outputs/_highrate_overnight/campaign_highrate_truth_v3_rne_corrected396,/mnt/hdd16T/ToqeerHomeBackup/mujoco_project/outputs/_highrate_overnight/campaign_highrate_truth_v3_rne_corrected396/runs/P017/task_31/scenario31_age34_h1p88_sex_male_w95p0_20260826_125044/fall_scenario31_age34_20260826_125044_dynamics_frames.csv,False
/mnt/hdd16T/ToqeerHomeBackup/mujoco_project/outputs/_highrate_overnight/campaign_highrate_truth_v3_rne_corrected396/runs/P017/task_32/scenario32_age34_h1p88_sex_male_w95p0_20260826_125327/fall_scenario32_age34_20260826_125327_highrate_truth.csv,True,/mnt/hdd16T/ToqeerHomeBackup/mujoco_project/outputs/_highrate_overnight/campaign_highrate_truth_v3_rne_corrected396,/mnt/hdd16T/ToqeerHomeBackup/mujoco_project/outputs/_highrate_overnight/campaign_highrate_truth_v3_rne_corrected396/runs/P017/task_32/scenario32_age34_h1p88_sex_male_w95p0_20260826_125327/fall_scenario32_age34_20260826_125327_dynamics_frames.csv,False
/mnt/hdd16T/ToqeerHomeBackup/mujoco_project/outputs/_highrate_overnight/campaign_highrate_truth_v3_rne_corrected396/runs/P017/task_33/scenario33_age34_h1p88_sex_male_w95p0_20260826_125611/fall_scenario33_age34_20260826_125611_highrate_truth.csv,True,/mnt/hdd16T/ToqeerHomeBackup/mujoco_project/outputs/_highrate_overnight/campaign_highrate_truth_v3_rne_corrected396,/mnt/hdd16T/ToqeerHomeBackup/mujoco_project/outputs/_highrate_overnight/campaign_highrate_truth_v3_rne_corrected396/runs/P017/task_33/scenario33_age34_h1p88_sex_male_w95p0_20260826_125611/fall_scenario33_age34_20260826_125611_dynamics_frames.csv,False
/mnt/hdd16T/ToqeerHomeBackup/mujoco_project/outputs/_highrate_overnight/campaign_highrate_truth_v3_rne_corrected396/runs/P017/task_34/scenario34_age34_h1p88_sex_male_w95p0_20260826_125854/fall_scenario34_age34_20260826_125854_highrate_truth.csv,True,/mnt/hdd16T/ToqeerHomeBackup/mujoco_project/outputs/_highrate_overnight/campaign_highrate_truth_v3_rne_corrected396,/mnt/hdd16T/ToqeerHomeBackup/mujoco_project/outputs/_highrate_overnight/campaign_highrate_truth_v3_rne_corrected396/runs/P017/task_34/scenario34_age34_h1p88_sex_male_w95p0_20260826_125854/fall_scenario34_age34_20260826_125854_dynamics_frames.csv,False
/mnt/hdd16T/ToqeerHomeBackup/mujoco_project/outputs/_highrate_overnight/campaign_highrate_truth_v3_rne_corrected396/runs/P017/task_37/scenario37_age34_h1p88_sex_male_w95p0_20260826_130137/fall_scenario37_age34_20260826_130137_highrate_truth.csv,True,/mnt/hdd16T/ToqeerHomeBackup/mujoco_project/outputs/_highrate_overnight/campaign_highrate_truth_v3_rne_corrected396,/mnt/hdd16T/ToqeerHomeBackup/mujoco_project/outputs/_highrate_overnight/campaign_highrate_truth_v3_rne_corrected396/runs/P017/task_37/scenario37_age34_h1p88_sex_male_w95p0_20260826_130137/fall_scenario37_age34_20260826_130137_dynamics_frames.csv,False
/mnt/hdd16T/ToqeerHomeBackup/mujoco_project/outputs/_highrate_overnight/campaign_highrate_truth_v3_rne_corrected396/runs/P017/task_38/scenario38_age34_h1p88_sex_male_w95p0_20260826_130420/fall_scenario38_age34_20260826_130420_highrate_truth.csv,True,/mnt/hdd16T/ToqeerHomeBackup/mujoco_project/outputs/_highrate_overnight/campaign_highrate_truth_v3_rne_corrected396,/mnt/hdd16T/ToqeerHomeBackup/mujoco_project/outputs/_highrate_overnight/campaign_highrate_truth_v3_rne_corrected396/runs/P017/task_38/scenario38_age34_h1p88_sex_male_w95p0_20260826_130420/fall_scenario38_age34_20260826_130420_dynamics_frames.csv,False
/mnt/hdd16T/ToqeerHomeBackup/mujoco_project/outputs/_highrate_overnight/campaign_highrate_truth_v3_rne_corrected396/runs/P017/task_39/scenario39_age34_h1p88_sex_male_w95p0_20260826_130704/fall_scenario39_age34_20260826_130704_highrate_truth.csv,True,/mnt/hdd16T/ToqeerHomeBackup/mujoco_project/outputs/_highrate_overnight/campaign_highrate_truth_v3_rne_corrected396,/mnt/hdd16T/ToqeerHomeBackup/mujoco_project/outputs/_highrate_overnight/campaign_highrate_truth_v3_rne_corrected396/runs/P017/task_39/scenario39_age34_h1p88_sex_male_w95p0_20260826_130704/fall_scenario39_age34_20260826_130704_dynamics_frames.csv,False
/mnt/hdd16T/ToqeerHomeBackup/mujoco_project/outputs/_highrate_overnight/campaign_highrate_truth_v3_rne_corrected396/runs/P017/task_40/scenario40_age34_h1p88_sex_male_w95p0_20260826_130743/fall_scenario40_age34_20260826_130743_highrate_truth.csv,True,/mnt/hdd16T/ToqeerHomeBackup/mujoco_project/outputs/_highrate_overnight/campaign_highrate_truth_v3_rne_corrected396,/mnt/hdd16T/ToqeerHomeBackup/mujoco_project/outputs/_highrate_overnight/campaign_highrate_truth_v3_rne_corrected396/runs/P017/task_40/scenario40_age34_h1p88_sex_male_w95p0_20260826_130743/fall_scenario40_age34_20260826_130743_dynamics_frames.csv,False
/mnt/hdd16T/ToqeerHomeBackup/mujoco_project/outputs/_highrate_overnight/campaign_highrate_truth_v3_rne_corrected396/runs/P017/task_41/scenario41_age34_h1p88_sex_male_w95p0_20260826_130822/fall_scenario41_age34_20260826_130822_highrate_truth.csv,True,/mnt/hdd16T/ToqeerHomeBackup/mujoco_project/outputs/_highrate_overnight/campaign_highrate_truth_v3_rne_corrected396,/mnt/hdd16T/ToqeerHomeBackup/mujoco_project/outputs/_highrate_overnight/campaign_highrate_truth_v3_rne_corrected396/runs/P017/task_41/scenario41_age34_h1p88_sex_male_w95p0_20260826_130822/fall_scenario41_age34_20260826_130822_dynamics_frames.csv,False
/mnt/hdd16T/ToqeerHomeBackup/mujoco_project/outputs/_highrate_overnight/campaign_highrate_truth_v3_rne_corrected396/runs/P017/task_42/scenario42_age34_h1p88_sex_male_w95p0_20260826_130901/fall_scenario42_age34_20260826_130901_highrate_truth.csv,True,/mnt/hdd16T/ToqeerHomeBackup/mujoco_project/outputs/_highrate_overnight/campaign_highrate_truth_v3_rne_corrected396,/mnt/hdd16T/ToqeerHomeBackup/mujoco_project/outputs/_highrate_overnight/campaign_highrate_truth_v3_rne_corrected396/runs/P017/task_42/scenario42_age34_h1p88_sex_male_w95p0_20260826_130901/fall_scenario42_age34_20260826_130901_dynamics_frames.csv,False
/mnt/hdd16T/ToqeerHomeBackup/mujoco_project/outputs/_highrate_overnight/campaign_highrate_truth_v3_rne_corrected396/runs/P018/task_20/scenario20_age36_h1p55_sex_female_w55p0_20260826_130941/fall_scenario20_age36_20260826_130941_highrate_truth.csv,True,/mnt/hdd16T/ToqeerHomeBackup/mujoco_project/outputs/_highrate_overnight/campaign_highrate_truth_v3_rne_corrected396,/mnt/hdd16T/ToqeerHomeBackup/mujoco_project/outputs/_highrate_overnight/campaign_highrate_truth_v3_rne_corrected396/runs/P018/task_20/scenario20_age36_h1p55_sex_female_w55p0_20260826_130941/fall_scenario20_age36_20260826_130941_dynamics_frames.csv,False
/mnt/hdd16T/ToqeerHomeBackup/mujoco_project/outputs/_highrate_overnight/campaign_highrate_truth_v3_rne_corrected396/runs/P018/task_21/scenario21_age36_h1p55_sex_female_w55p0_20260826_131050/fall_scenario21_age36_20260826_131050_highrate_truth.csv,True,/mnt/hdd16T/ToqeerHomeBackup/mujoco_project/outputs/_highrate_overnight/campaign_highrate_truth_v3_rne_corrected396,/mnt/hdd16T/ToqeerHomeBackup/mujoco_project/outputs/_highrate_overnight/campaign_highrate_truth_v3_rne_corrected396/runs/P018/task_21/scenario21_age36_h1p55_sex_female_w55p0_20260826_131050/fall_scenario21_age36_20260826_131050_dynamics_frames.csv,False
/mnt/hdd16T/ToqeerHomeBackup/mujoco_project/outputs/_highrate_overnight/campaign_highrate_truth_v3_rne_corrected396/runs/P018/task_22/scenario22_age36_h1p55_sex_female_w55p0_20260826_131128/fall_scenario22_age36_20260826_131128_highrate_truth.csv,True,/mnt/hdd16T/ToqeerHomeBackup/mujoco_project/outputs/_highrate_overnight/campaign_highrate_truth_v3_rne_corrected396,/mnt/hdd16T/ToqeerHomeBackup/mujoco_project/outputs/_highrate_overnight/campaign_highrate_truth_v3_rne_corrected396/runs/P018/task_22/scenario22_age36_h1p55_sex_female_w55p0_20260826_131128/fall_scenario22_age36_20260826_131128_dynamics_frames.csv,False
/mnt/hdd16T/ToqeerHomeBackup/mujoco_project/outputs/_highrate_overnight/campaign_highrate_truth_v3_rne_corrected396/runs/P018/task_23/scenario23_age36_h1p55_sex_female_w55p0_20260826_131206/fall_scenario23_age36_20260826_131206_highrate_truth.csv,True,/mnt/hdd16T/ToqeerHomeBackup/mujoco_project/outputs/_highrate_overnight/campaign_highrate_truth_v3_rne_corrected396,/mnt/hdd16T/ToqeerHomeBackup/mujoco_project/outputs/_highrate_overnight/campaign_highrate_truth_v3_rne_corrected396/runs/P018/task_23/scenario23_age36_h1p55_sex_female_w55p0_20260826_131206/fall_scenario23_age36_20260826_131206_dynamics_frames.csv,False
/mnt/hdd16T/ToqeerHomeBackup/mujoco_project/outputs/_highrate_overnight/campaign_highrate_truth_v3_rne_corrected396/runs/P018/task_24/scenario24_age36_h1p55_sex_female_w55p0_20260826_131314/fall_scenario24_age36_20260826_131314_highrate_truth.csv,True,/mnt/hdd16T/ToqeerHomeBackup/mujoco_project/outputs/_highrate_overnight/campaign_highrate_truth_v3_rne_corrected396,/mnt/hdd16T/ToqeerHomeBackup/mujoco_project/outputs/_highrate_overnight/campaign_highrate_truth_v3_rne_corrected396/runs/P018/task_24/scenario24_age36_h1p55_sex_female_w55p0_20260826_131314/fall_scenario24_age36_20260826_131314_dynamics_frames.csv,False
/mnt/hdd16T/ToqeerHomeBackup/mujoco_project/outputs/_highrate_overnight/campaign_highrate_truth_v3_rne_corrected396/runs/P018/task_28/scenario28_age36_h1p55_sex_female_w55p0_20260826_131352/fall_scenario28_age36_20260826_131352_highrate_truth.csv,True,/mnt/hdd16T/ToqeerHomeBackup/mujoco_project/outputs/_highrate_overnight/campaign_highrate_truth_v3_rne_corrected396,/mnt/hdd16T/ToqeerHomeBackup/mujoco_project/outputs/_highrate_overnight/campaign_highrate_truth_v3_rne_corrected396/runs/P018/task_28/scenario28_age36_h1p55_sex_female_w55p0_20260826_131352/fall_scenario28_age36_20260826_131352_dynamics_frames.csv,False
/mnt/hdd16T/ToqeerHomeBackup/mujoco_project/outputs/_highrate_overnight/campaign_highrate_truth_v3_rne_corrected396/runs/P018/task_29/scenario29_age36_h1p55_sex_female_w55p0_20260826_131634/fall_scenario29_age36_20260826_131634_highrate_truth.csv,True,/mnt/hdd16T/ToqeerHomeBackup/mujoco_project/outputs/_highrate_overnight/campaign_highrate_truth_v3_rne_corrected396,/mnt/hdd16T/ToqeerHomeBackup/mujoco_project/outputs/_highrate_overnight/campaign_highrate_truth_v3_rne_corrected396/runs/P018/task_29/scenario29_age36_h1p55_sex_female_w55p0_20260826_131634/fall_scenario29_age36_20260826_131634_dynamics_frames.csv,False
/mnt/hdd16T/ToqeerHomeBackup/mujoco_project/outputs/_highrate_overnight/campaign_highrate_truth_v3_rne_corrected396/runs/P018/task_30/scenario30_age36_h1p55_sex_female_w55p0_20260826_131917/fall_scenario30_age36_20260826_131917_highrate_truth.csv,True,/mnt/hdd16T/ToqeerHomeBackup/mujoco_project/outputs/_highrate_overnight/campaign_highrate_truth_v3_rne_corrected396,/mnt/hdd16T/ToqeerHomeBackup/mujoco_project/outputs/_highrate_overnight/campaign_highrate_truth_v3_rne_corrected396/runs/P018/task_30/scenario30_age36_h1p55_sex_female_w55p0_20260826_131917/fall_scenario30_age36_20260826_131917_dynamics_frames.csv,False
/mnt/hdd16T/ToqeerHomeBackup/mujoco_project/outputs/_highrate_overnight/campaign_highrate_truth_v3_rne_corrected396/runs/P018/task_31/scenario31_age36_h1p55_sex_female_w55p0_20260826_132159/fall_scenario31_age36_20260826_132159_highrate_truth.csv,True,/mnt/hdd16T/ToqeerHomeBackup/mujoco_project/outputs/_highrate_overnight/campaign_highrate_truth_v3_rne_corrected396,/mnt/hdd16T/ToqeerHomeBackup/mujoco_project/outputs/_highrate_overnight/campaign_highrate_truth_v3_rne_corrected396/runs/P018/task_31/scenario31_age36_h1p55_sex_female_w55p0_20260826_132159/fall_scenario31_age36_20260826_132159_dynamics_frames.csv,False
/mnt/hdd16T/ToqeerHomeBackup/mujoco_project/outputs/_highrate_overnight/campaign_highrate_truth_v3_rne_corrected396/runs/P018/task_32/scenario32_age36_h1p55_sex_female_w55p0_20260826_132441/fall_scenario32_age36_20260826_132441_highrate_truth.csv,True,/mnt/hdd16T/ToqeerHomeBackup/mujoco_project/outputs/_highrate_overnight/campaign_highrate_truth_v3_rne_corrected396,/mnt/hdd16T/ToqeerHomeBackup/mujoco_project/outputs/_highrate_overnight/campaign_highrate_truth_v3_rne_corrected396/runs/P018/task_32/scenario32_age36_h1p55_sex_female_w55p0_20260826_132441/fall_scenario32_age36_20260826_132441_dynamics_frames.csv,False
/mnt/hdd16T/ToqeerHomeBackup/mujoco_project/outputs/_highrate_overnight/campaign_highrate_truth_v3_rne_corrected396/runs/P018/task_33/scenario33_age36_h1p55_sex_female_w55p0_20260826_132723/fall_scenario33_age36_20260826_132723_highrate_truth.csv,True,/mnt/hdd16T/ToqeerHomeBackup/mujoco_project/outputs/_highrate_overnight/campaign_highrate_truth_v3_rne_corrected396,/mnt/hdd16T/ToqeerHomeBackup/mujoco_project/outputs/_highrate_overnight/campaign_highrate_truth_v3_rne_corrected396/runs/P018/task_33/scenario33_age36_h1p55_sex_female_w55p0_20260826_132723/fall_scenario33_age36_20260826_132723_dynamics_frames.csv,False
/mnt/hdd16T/ToqeerHomeBackup/mujoco_project/outputs/_highrate_overnight/campaign_highrate_truth_v3_rne_corrected396/runs/P018/task_34/scenario34_age36_h1p55_sex_female_w55p0_20260826_133006/fall_scenario34_age36_20260826_133006_highrate_truth.csv,True,/mnt/hdd16T/ToqeerHomeBackup/mujoco_project/outputs/_highrate_overnight/campaign_highrate_truth_v3_rne_corrected396,/mnt/hdd16T/ToqeerHomeBackup/mujoco_project/outputs/_highrate_overnight/campaign_highrate_truth_v3_rne_corrected396/runs/P018/task_34/scenario34_age36_h1p55_sex_female_w55p0_20260826_133006/fall_scenario34_age36_20260826_133006_dynamics_frames.csv,False
/mnt/hdd16T/ToqeerHomeBackup/mujoco_project/outputs/_highrate_overnight/campaign_highrate_truth_v3_rne_corrected396/runs/P018/task_37/scenario37_age36_h1p55_sex_female_w55p0_20260826_133248/fall_scenario37_age36_20260826_133248_highrate_truth.csv,True,/mnt/hdd16T/ToqeerHomeBackup/mujoco_project/outputs/_highrate_overnight/campaign_highrate_truth_v3_rne_corrected396,/mnt/hdd16T/ToqeerHomeBackup/mujoco_project/outputs/_highrate_overnight/campaign_highrate_truth_v3_rne_corrected396/runs/P018/task_37/scenario37_age36_h1p55_sex_female_w55p0_20260826_133248/fall_scenario37_age36_20260826_133248_dynamics_frames.csv,False
/mnt/hdd16T/ToqeerHomeBackup/mujoco_project/outputs/_highrate_overnight/campaign_highrate_truth_v3_rne_corrected396/runs/P018/task_38/scenario38_age36_h1p55_sex_female_w55p0_20260826_133530/fall_scenario38_age36_20260826_133530_highrate_truth.csv,True,/mnt/hdd16T/ToqeerHomeBackup/mujoco_project/outputs/_highrate_overnight/campaign_highrate_truth_v3_rne_corrected396,/mnt/hdd16T/ToqeerHomeBackup/mujoco_project/outputs/_highrate_overnight/campaign_highrate_truth_v3_rne_corrected396/runs/P018/task_38/scenario38_age36_h1p55_sex_female_w55p0_20260826_133530/fall_scenario38_age36_20260826_133530_dynamics_frames.csv,False
/mnt/hdd16T/ToqeerHomeBackup/mujoco_project/outputs/_highrate_overnight/campaign_highrate_truth_v3_rne_corrected396/runs/P018/task_39/scenario39_age36_h1p55_sex_female_w55p0_20260826_133812/fall_scenario39_age36_20260826_133812_highrate_truth.csv,True,/mnt/hdd16T/ToqeerHomeBackup/mujoco_project/outputs/_highrate_overnight/campaign_highrate_truth_v3_rne_corrected396,/mnt/hdd16T/ToqeerHomeBackup/mujoco_project/outputs/_highrate_overnight/campaign_highrate_truth_v3_rne_corrected396/runs/P018/task_39/scenario39_age36_h1p55_sex_female_w55p0_20260826_133812/fall_scenario39_age36_20260826_133812_dynamics_frames.csv,False
/mnt/hdd16T/ToqeerHomeBackup/mujoco_project/outputs/_highrate_overnight/campaign_highrate_truth_v3_rne_corrected396/runs/P018/task_40/scenario40_age36_h1p55_sex_female_w55p0_20260826_133850/fall_scenario40_age36_20260826_133850_highrate_truth.csv,True,/mnt/hdd16T/ToqeerHomeBackup/mujoco_project/outputs/_highrate_overnight/campaign_highrate_truth_v3_rne_corrected396,/mnt/hdd16T/ToqeerHomeBackup/mujoco_project/outputs/_highrate_overnight/campaign_highrate_truth_v3_rne_corrected396/runs/P018/task_40/scenario40_age36_h1p55_sex_female_w55p0_20260826_133850/fall_scenario40_age36_20260826_133850_dynamics_frames.csv,False
/mnt/hdd16T/ToqeerHomeBackup/mujoco_project/outputs/_highrate_overnight/campaign_highrate_truth_v3_rne_corrected396/runs/P018/task_41/scenario41_age36_h1p55_sex_female_w55p0_20260826_133929/fall_scenario41_age36_20260826_133929_highrate_truth.csv,True,/mnt/hdd16T/ToqeerHomeBackup/mujoco_project/outputs/_highrate_overnight/campaign_highrate_truth_v3_rne_corrected396,/mnt/hdd16T/ToqeerHomeBackup/mujoco_project/outputs/_highrate_overnight/campaign_highrate_truth_v3_rne_corrected396/runs/P018/task_41/scenario41_age36_h1p55_sex_female_w55p0_20260826_133929/fall_scenario41_age36_20260826_133929_dynamics_frames.csv,False
/mnt/hdd16T/ToqeerHomeBackup/mujoco_project/outputs/_highrate_overnight/campaign_highrate_truth_v3_rne_corrected396/runs/P018/task_42/scenario42_age36_h1p55_sex_female_w55p0_20260826_134008/fall_scenario42_age36_20260826_134008_highrate_truth.csv,True,/mnt/hdd16T/ToqeerHomeBackup/mujoco_project/outputs/_highrate_overnight/campaign_highrate_truth_v3_rne_corrected396,/mnt/hdd16T/ToqeerHomeBackup/mujoco_project/outputs/_highrate_overnight/campaign_highrate_truth_v3_rne_corrected396/runs/P018/task_42/scenario42_age36_h1p55_sex_female_w55p0_20260826_134008/fall_scenario42_age36_20260826_134008_dynamics_frames.csv,False
/mnt/hdd16T/ToqeerHomeBackup/mujoco_project/outputs/_highrate_overnight/campaign_highrate_truth_v3_rne_corrected396/runs/P019/task_20/scenario20_age42_h1p76_sex_female_w78p0_20260826_134048/fall_scenario20_age42_20260826_134048_highrate_truth.csv,True,/mnt/hdd16T/ToqeerHomeBackup/mujoco_project/outputs/_highrate_overnight/campaign_highrate_truth_v3_rne_corrected396,/mnt/hdd16T/ToqeerHomeBackup/mujoco_project/outputs/_highrate_overnight/campaign_highrate_truth_v3_rne_corrected396/runs/P019/task_20/scenario20_age42_h1p76_sex_female_w78p0_20260826_134048/fall_scenario20_age42_20260826_134048_dynamics_frames.csv,False
/mnt/hdd16T/ToqeerHomeBackup/mujoco_project/outputs/_highrate_overnight/campaign_highrate_truth_v3_rne_corrected396/runs/P019/task_21/scenario21_age42_h1p76_sex_female_w78p0_20260826_134156/fall_scenario21_age42_20260826_134156_highrate_truth.csv,True,/mnt/hdd16T/ToqeerHomeBackup/mujoco_project/outputs/_highrate_overnight/campaign_highrate_truth_v3_rne_corrected396,/mnt/hdd16T/ToqeerHomeBackup/mujoco_project/outputs/_highrate_overnight/campaign_highrate_truth_v3_rne_corrected396/runs/P019/task_21/scenario21_age42_h1p76_sex_female_w78p0_20260826_134156/fall_scenario21_age42_20260826_134156_dynamics_frames.csv,False
/mnt/hdd16T/ToqeerHomeBackup/mujoco_project/outputs/_highrate_overnight/campaign_highrate_truth_v3_rne_corrected396/runs/P019/task_22/scenario22_age42_h1p76_sex_female_w78p0_20260826_134234/fall_scenario22_age42_20260826_134234_highrate_truth.csv,True,/mnt/hdd16T/ToqeerHomeBackup/mujoco_project/outputs/_highrate_overnight/campaign_highrate_truth_v3_rne_corrected396,/mnt/hdd16T/ToqeerHomeBackup/mujoco_project/outputs/_highrate_overnight/campaign_highrate_truth_v3_rne_corrected396/runs/P019/task_22/scenario22_age42_h1p76_sex_female_w78p0_20260826_134234/fall_scenario22_age42_20260826_134234_dynamics_frames.csv,False
/mnt/hdd16T/ToqeerHomeBackup/mujoco_project/outputs/_highrate_overnight/campaign_highrate_truth_v3_rne_corrected396/runs/P019/task_23/scenario23_age42_h1p76_sex_female_w78p0_20260826_134313/fall_scenario23_age42_20260826_134313_highrate_truth.csv,True,/mnt/hdd16T/ToqeerHomeBackup/mujoco_project/outputs/_highrate_overnight/campaign_highrate_truth_v3_rne_corrected396,/mnt/hdd16T/ToqeerHomeBackup/mujoco_project/outputs/_highrate_overnight/campaign_highrate_truth_v3_rne_corrected396/runs/P019/task_23/scenario23_age42_h1p76_sex_female_w78p0_20260826_134313/fall_scenario23_age42_20260826_134313_dynamics_frames.csv,False
/mnt/hdd16T/ToqeerHomeBackup/mujoco_project/outputs/_highrate_overnight/campaign_highrate_truth_v3_rne_corrected396/runs/P019/task_24/scenario24_age42_h1p76_sex_female_w78p0_20260826_134421/fall_scenario24_age42_20260826_134421_highrate_truth.csv,True,/mnt/hdd16T/ToqeerHomeBackup/mujoco_project/outputs/_highrate_overnight/campaign_highrate_truth_v3_rne_corrected396,/mnt/hdd16T/ToqeerHomeBackup/mujoco_project/outputs/_highrate_overnight/campaign_highrate_truth_v3_rne_corrected396/runs/P019/task_24/scenario24_age42_h1p76_sex_female_w78p0_20260826_134421/fall_scenario24_age42_20260826_134421_dynamics_frames.csv,False
/mnt/hdd16T/ToqeerHomeBackup/mujoco_project/outputs/_highrate_overnight/campaign_highrate_truth_v3_rne_corrected396/runs/P019/task_28/scenario28_age42_h1p76_sex_female_w78p0_20260826_134500/fall_scenario28_age42_20260826_134500_highrate_truth.csv,True,/mnt/hdd16T/ToqeerHomeBackup/mujoco_project/outputs/_highrate_overnight/campaign_highrate_truth_v3_rne_corrected396,/mnt/hdd16T/ToqeerHomeBackup/mujoco_project/outputs/_highrate_overnight/campaign_highrate_truth_v3_rne_corrected396/runs/P019/task_28/scenario28_age42_h1p76_sex_female_w78p0_20260826_134500/fall_scenario28_age42_20260826_134500_dynamics_frames.csv,False
/mnt/hdd16T/ToqeerHomeBackup/mujoco_project/outputs/_highrate_overnight/campaign_highrate_truth_v3_rne_corrected396/runs/P019/task_29/scenario29_age42_h1p76_sex_female_w78p0_20260826_134743/fall_scenario29_age42_20260826_134743_highrate_truth.csv,True,/mnt/hdd16T/ToqeerHomeBackup/mujoco_project/outputs/_highrate_overnight/campaign_highrate_truth_v3_rne_corrected396,/mnt/hdd16T/ToqeerHomeBackup/mujoco_project/outputs/_highrate_overnight/campaign_highrate_truth_v3_rne_corrected396/runs/P019/task_29/scenario29_age42_h1p76_sex_female_w78p0_20260826_134743/fall_scenario29_age42_20260826_134743_dynamics_frames.csv,False
/mnt/hdd16T/ToqeerHomeBackup/mujoco_project/outputs/_highrate_overnight/campaign_highrate_truth_v3_rne_corrected396/runs/P019/task_30/scenario30_age42_h1p76_sex_female_w78p0_20260826_135026/fall_scenario30_age42_20260826_135026_highrate_truth.csv,True,/mnt/hdd16T/ToqeerHomeBackup/mujoco_project/outputs/_highrate_overnight/campaign_highrate_truth_v3_rne_corrected396,/mnt/hdd16T/ToqeerHomeBackup/mujoco_project/outputs/_highrate_overnight/campaign_highrate_truth_v3_rne_corrected396/runs/P019/task_30/scenario30_age42_h1p76_sex_female_w78p0_20260826_135026/fall_scenario30_age42_20260826_135026_dynamics_frames.csv,False
/mnt/hdd16T/ToqeerHomeBackup/mujoco_project/outputs/_highrate_overnight/campaign_highrate_truth_v3_rne_corrected396/runs/P019/task_31/scenario31_age42_h1p76_sex_female_w78p0_20260826_135310/fall_scenario31_age42_20260826_135310_highrate_truth.csv,True,/mnt/hdd16T/ToqeerHomeBackup/mujoco_project/outputs/_highrate_overnight/campaign_highrate_truth_v3_rne_corrected396,/mnt/hdd16T/ToqeerHomeBackup/mujoco_project/outputs/_highrate_overnight/campaign_highrate_truth_v3_rne_corrected396/runs/P019/task_31/scenario31_age42_h1p76_sex_female_w78p0_20260826_135310/fall_scenario31_age42_20260826_135310_dynamics_frames.csv,False
/mnt/hdd16T/ToqeerHomeBackup/mujoco_project/outputs/_highrate_overnight/campaign_highrate_truth_v3_rne_corrected396/runs/P019/task_32/scenario32_age42_h1p76_sex_female_w78p0_20260826_135554/fall_scenario32_age42_20260826_135554_highrate_truth.csv,True,/mnt/hdd16T/ToqeerHomeBackup/mujoco_project/outputs/_highrate_overnight/campaign_highrate_truth_v3_rne_corrected396,/mnt/hdd16T/ToqeerHomeBackup/mujoco_project/outputs/_highrate_overnight/campaign_highrate_truth_v3_rne_corrected396/runs/P019/task_32/scenario32_age42_h1p76_sex_female_w78p0_20260826_135554/fall_scenario32_age42_20260826_135554_dynamics_frames.csv,False
/mnt/hdd16T/ToqeerHomeBackup/mujoco_project/outputs/_highrate_overnight/campaign_highrate_truth_v3_rne_corrected396/runs/P019/task_33/scenario33_age42_h1p76_sex_female_w78p0_20260826_135838/fall_scenario33_age42_20260826_135838_highrate_truth.csv,True,/mnt/hdd16T/ToqeerHomeBackup/mujoco_project/outputs/_highrate_overnight/campaign_highrate_truth_v3_rne_corrected396,/mnt/hdd16T/ToqeerHomeBackup/mujoco_project/outputs/_highrate_overnight/campaign_highrate_truth_v3_rne_corrected396/runs/P019/task_33/scenario33_age42_h1p76_sex_female_w78p0_20260826_135838/fall_scenario33_age42_20260826_135838_dynamics_frames.csv,False
/mnt/hdd16T/ToqeerHomeBackup/mujoco_project/outputs/_highrate_overnight/campaign_highrate_truth_v3_rne_corrected396/runs/P019/task_34/scenario34_age42_h1p76_sex_female_w78p0_20260826_140122/fall_scenario34_age42_20260826_140122_highrate_truth.csv,True,/mnt/hdd16T/ToqeerHomeBackup/mujoco_project/outputs/_highrate_overnight/campaign_highrate_truth_v3_rne_corrected396,/mnt/hdd16T/ToqeerHomeBackup/mujoco_project/outputs/_highrate_overnight/campaign_highrate_truth_v3_rne_corrected396/runs/P019/task_34/scenario34_age42_h1p76_sex_female_w78p0_20260826_140122/fall_scenario34_age42_20260826_140122_dynamics_frames.csv,False
/mnt/hdd16T/ToqeerHomeBackup/mujoco_project/outputs/_highrate_overnight/campaign_highrate_truth_v3_rne_corrected396/runs/P019/task_37/scenario37_age42_h1p76_sex_female_w78p0_20260826_140404/fall_scenario37_age42_20260826_140404_highrate_truth.csv,True,/mnt/hdd16T/ToqeerHomeBackup/mujoco_project/outputs/_highrate_overnight/campaign_highrate_truth_v3_rne_corrected396,/mnt/hdd16T/ToqeerHomeBackup/mujoco_project/outputs/_highrate_overnight/campaign_highrate_truth_v3_rne_corrected396/runs/P019/task_37/scenario37_age42_h1p76_sex_female_w78p0_20260826_140404/fall_scenario37_age42_20260826_140404_dynamics_frames.csv,False
/mnt/hdd16T/ToqeerHomeBackup/mujoco_project/outputs/_highrate_overnight/campaign_highrate_truth_v3_rne_corrected396/runs/P019/task_38/scenario38_age42_h1p76_sex_female_w78p0_20260826_140648/fall_scenario38_age42_20260826_140648_highrate_truth.csv,True,/mnt/hdd16T/ToqeerHomeBackup/mujoco_project/outputs/_highrate_overnight/campaign_highrate_truth_v3_rne_corrected396,/mnt/hdd16T/ToqeerHomeBackup/mujoco_project/outputs/_highrate_overnight/campaign_highrate_truth_v3_rne_corrected396/runs/P019/task_38/scenario38_age42_h1p76_sex_female_w78p0_20260826_140648/fall_scenario38_age42_20260826_140648_dynamics_frames.csv,False
/mnt/hdd16T/ToqeerHomeBackup/mujoco_project/outputs/_highrate_overnight/campaign_highrate_truth_v3_rne_corrected396/runs/P019/task_39/scenario39_age42_h1p76_sex_female_w78p0_20260826_140930/fall_scenario39_age42_20260826_140930_highrate_truth.csv,True,/mnt/hdd16T/ToqeerHomeBackup/mujoco_project/outputs/_highrate_overnight/campaign_highrate_truth_v3_rne_corrected396,/mnt/hdd16T/ToqeerHomeBackup/mujoco_project/outputs/_highrate_overnight/campaign_highrate_truth_v3_rne_corrected396/runs/P019/task_39/scenario39_age42_h1p76_sex_female_w78p0_20260826_140930/fall_scenario39_age42_20260826_140930_dynamics_frames.csv,False
/mnt/hdd16T/ToqeerHomeBackup/mujoco_project/outputs/_highrate_overnight/campaign_highrate_truth_v3_rne_corrected396/runs/P019/task_40/scenario40_age42_h1p76_sex_female_w78p0_20260826_141009/fall_scenario40_age42_20260826_141009_highrate_truth.csv,True,/mnt/hdd16T/ToqeerHomeBackup/mujoco_project/outputs/_highrate_overnight/campaign_highrate_truth_v3_rne_corrected396,/mnt/hdd16T/ToqeerHomeBackup/mujoco_project/outputs/_highrate_overnight/campaign_highrate_truth_v3_rne_corrected396/runs/P019/task_40/scenario40_age42_h1p76_sex_female_w78p0_20260826_141009/fall_scenario40_age42_20260826_141009_dynamics_frames.csv,False
/mnt/hdd16T/ToqeerHomeBackup/mujoco_project/outputs/_highrate_overnight/campaign_highrate_truth_v3_rne_corrected396/runs/P019/task_41/scenario41_age42_h1p76_sex_female_w78p0_20260826_141049/fall_scenario41_age42_20260826_141049_highrate_truth.csv,True,/mnt/hdd16T/ToqeerHomeBackup/mujoco_project/outputs/_highrate_overnight/campaign_highrate_truth_v3_rne_corrected396,/mnt/hdd16T/ToqeerHomeBackup/mujoco_project/outputs/_highrate_overnight/campaign_highrate_truth_v3_rne_corrected396/runs/P019/task_41/scenario41_age42_h1p76_sex_female_w78p0_20260826_141049/fall_scenario41_age42_20260826_141049_dynamics_frames.csv,False
/mnt/hdd16T/ToqeerHomeBackup/mujoco_project/outputs/_highrate_overnight/campaign_highrate_truth_v3_rne_corrected396/runs/P019/task_42/scenario42_age42_h1p76_sex_female_w78p0_20260826_141128/fall_scenario42_age42_20260826_141128_highrate_truth.csv,True,/mnt/hdd16T/ToqeerHomeBackup/mujoco_project/outputs/_highrate_overnight/campaign_highrate_truth_v3_rne_corrected396,/mnt/hdd16T/ToqeerHomeBackup/mujoco_project/outputs/_highrate_overnight/campaign_highrate_truth_v3_rne_corrected396/runs/P019/task_42/scenario42_age42_h1p76_sex_female_w78p0_20260826_141128/fall_scenario42_age42_20260826_141128_dynamics_frames.csv,False
/mnt/hdd16T/ToqeerHomeBackup/mujoco_project/outputs/_highrate_overnight/campaign_highrate_truth_v3_rne_corrected396/runs/P020/task_20/scenario20_age49_h1p63_sex_female_w73p0_20260826_141208/fall_scenario20_age49_20260826_141208_highrate_truth.csv,True,/mnt/hdd16T/ToqeerHomeBackup/mujoco_project/outputs/_highrate_overnight/campaign_highrate_truth_v3_rne_corrected396,/mnt/hdd16T/ToqeerHomeBackup/mujoco_project/outputs/_highrate_overnight/campaign_highrate_truth_v3_rne_corrected396/runs/P020/task_20/scenario20_age49_h1p63_sex_female_w73p0_20260826_141208/fall_scenario20_age49_20260826_141208_dynamics_frames.csv,False
/mnt/hdd16T/ToqeerHomeBackup/mujoco_project/outputs/_highrate_overnight/campaign_highrate_truth_v3_rne_corrected396/runs/P020/task_21/scenario21_age49_h1p63_sex_female_w73p0_20260826_141316/fall_scenario21_age49_20260826_141316_highrate_truth.csv,True,/mnt/hdd16T/ToqeerHomeBackup/mujoco_project/outputs/_highrate_overnight/campaign_highrate_truth_v3_rne_corrected396,/mnt/hdd16T/ToqeerHomeBackup/mujoco_project/outputs/_highrate_overnight/campaign_highrate_truth_v3_rne_corrected396/runs/P020/task_21/scenario21_age49_h1p63_sex_female_w73p0_20260826_141316/fall_scenario21_age49_20260826_141316_dynamics_frames.csv,False
/mnt/hdd16T/ToqeerHomeBackup/mujoco_project/outputs/_highrate_overnight/campaign_highrate_truth_v3_rne_corrected396/runs/P020/task_22/scenario22_age49_h1p63_sex_female_w73p0_20260826_141354/fall_scenario22_age49_20260826_141354_highrate_truth.csv,True,/mnt/hdd16T/ToqeerHomeBackup/mujoco_project/outputs/_highrate_overnight/campaign_highrate_truth_v3_rne_corrected396,/mnt/hdd16T/ToqeerHomeBackup/mujoco_project/outputs/_highrate_overnight/campaign_highrate_truth_v3_rne_corrected396/runs/P020/task_22/scenario22_age49_h1p63_sex_female_w73p0_20260826_141354/fall_scenario22_age49_20260826_141354_dynamics_frames.csv,False
/mnt/hdd16T/ToqeerHomeBackup/mujoco_project/outputs/_highrate_overnight/campaign_highrate_truth_v3_rne_corrected396/runs/P020/task_23/scenario23_age49_h1p63_sex_female_w73p0_20260826_141432/fall_scenario23_age49_20260826_141432_highrate_truth.csv,True,/mnt/hdd16T/ToqeerHomeBackup/mujoco_project/outputs/_highrate_overnight/campaign_highrate_truth_v3_rne_corrected396,/mnt/hdd16T/ToqeerHomeBackup/mujoco_project/outputs/_highrate_overnight/campaign_highrate_truth_v3_rne_corrected396/runs/P020/task_23/scenario23_age49_h1p63_sex_female_w73p0_20260826_141432/fall_scenario23_age49_20260826_141432_dynamics_frames.csv,False
/mnt/hdd16T/ToqeerHomeBackup/mujoco_project/outputs/_highrate_overnight/campaign_highrate_truth_v3_rne_corrected396/runs/P020/task_24/scenario24_age49_h1p63_sex_female_w73p0_20260826_141541/fall_scenario24_age49_20260826_141541_highrate_truth.csv,True,/mnt/hdd16T/ToqeerHomeBackup/mujoco_project/outputs/_highrate_overnight/campaign_highrate_truth_v3_rne_corrected396,/mnt/hdd16T/ToqeerHomeBackup/mujoco_project/outputs/_highrate_overnight/campaign_highrate_truth_v3_rne_corrected396/runs/P020/task_24/scenario24_age49_h1p63_sex_female_w73p0_20260826_141541/fall_scenario24_age49_20260826_141541_dynamics_frames.csv,False
/mnt/hdd16T/ToqeerHomeBackup/mujoco_project/outputs/_highrate_overnight/campaign_highrate_truth_v3_rne_corrected396/runs/P020/task_28/scenario28_age49_h1p63_sex_female_w73p0_20260826_141619/fall_scenario28_age49_20260826_141619_highrate_truth.csv,True,/mnt/hdd16T/ToqeerHomeBackup/mujoco_project/outputs/_highrate_overnight/campaign_highrate_truth_v3_rne_corrected396,/mnt/hdd16T/ToqeerHomeBackup/mujoco_project/outputs/_highrate_overnight/campaign_highrate_truth_v3_rne_corrected396/runs/P020/task_28/scenario28_age49_h1p63_sex_female_w73p0_20260826_141619/fall_scenario28_age49_20260826_141619_dynamics_frames.csv,False
/mnt/hdd16T/ToqeerHomeBackup/mujoco_project/outputs/_highrate_overnight/campaign_highrate_truth_v3_rne_corrected396/runs/P020/task_29/scenario29_age49_h1p63_sex_female_w73p0_20260826_141902/fall_scenario29_age49_20260826_141902_highrate_truth.csv,True,/mnt/hdd16T/ToqeerHomeBackup/mujoco_project/outputs/_highrate_overnight/campaign_highrate_truth_v3_rne_corrected396,/mnt/hdd16T/ToqeerHomeBackup/mujoco_project/outputs/_highrate_overnight/campaign_highrate_truth_v3_rne_corrected396/runs/P020/task_29/scenario29_age49_h1p63_sex_female_w73p0_20260826_141902/fall_scenario29_age49_20260826_141902_dynamics_frames.csv,False
/mnt/hdd16T/ToqeerHomeBackup/mujoco_project/outputs/_highrate_overnight/campaign_highrate_truth_v3_rne_corrected396/runs/P020/task_30/scenario30_age49_h1p63_sex_female_w73p0_20260826_142145/fall_scenario30_age49_20260826_142145_highrate_truth.csv,True,/mnt/hdd16T/ToqeerHomeBackup/mujoco_project/outputs/_highrate_overnight/campaign_highrate_truth_v3_rne_corrected396,/mnt/hdd16T/ToqeerHomeBackup/mujoco_project/outputs/_highrate_overnight/campaign_highrate_truth_v3_rne_corrected396/runs/P020/task_30/scenario30_age49_h1p63_sex_female_w73p0_20260826_142145/fall_scenario30_age49_20260826_142145_dynamics_frames.csv,False
/mnt/hdd16T/ToqeerHomeBackup/mujoco_project/outputs/_highrate_overnight/campaign_highrate_truth_v3_rne_corrected396/runs/P020/task_31/scenario31_age49_h1p63_sex_female_w73p0_20260826_142427/fall_scenario31_age49_20260826_142427_highrate_truth.csv,True,/mnt/hdd16T/ToqeerHomeBackup/mujoco_project/outputs/_highrate_overnight/campaign_highrate_truth_v3_rne_corrected396,/mnt/hdd16T/ToqeerHomeBackup/mujoco_project/outputs/_highrate_overnight/campaign_highrate_truth_v3_rne_corrected396/runs/P020/task_31/scenario31_age49_h1p63_sex_female_w73p0_20260826_142427/fall_scenario31_age49_20260826_142427_dynamics_frames.csv,False
/mnt/hdd16T/ToqeerHomeBackup/mujoco_project/outputs/_highrate_overnight/campaign_highrate_truth_v3_rne_corrected396/runs/P020/task_32/scenario32_age49_h1p63_sex_female_w73p0_20260826_142711/fall_scenario32_age49_20260826_142711_highrate_truth.csv,True,/mnt/hdd16T/ToqeerHomeBackup/mujoco_project/outputs/_highrate_overnight/campaign_highrate_truth_v3_rne_corrected396,/mnt/hdd16T/ToqeerHomeBackup/mujoco_project/outputs/_highrate_overnight/campaign_highrate_truth_v3_rne_corrected396/runs/P020/task_32/scenario32_age49_h1p63_sex_female_w73p0_20260826_142711/fall_scenario32_age49_20260826_142711_dynamics_frames.csv,False
/mnt/hdd16T/ToqeerHomeBackup/mujoco_project/outputs/_highrate_overnight/campaign_highrate_truth_v3_rne_corrected396/runs/P020/task_33/scenario33_age49_h1p63_sex_female_w73p0_20260826_142954/fall_scenario33_age49_20260826_142954_highrate_truth.csv,True,/mnt/hdd16T/ToqeerHomeBackup/mujoco_project/outputs/_highrate_overnight/campaign_highrate_truth_v3_rne_corrected396,/mnt/hdd16T/ToqeerHomeBackup/mujoco_project/outputs/_highrate_overnight/campaign_highrate_truth_v3_rne_corrected396/runs/P020/task_33/scenario33_age49_h1p63_sex_female_w73p0_20260826_142954/fall_scenario33_age49_20260826_142954_dynamics_frames.csv,False
/mnt/hdd16T/ToqeerHomeBackup/mujoco_project/outputs/_highrate_overnight/campaign_highrate_truth_v3_rne_corrected396/runs/P020/task_34/scenario34_age49_h1p63_sex_female_w73p0_20260826_143237/fall_scenario34_age49_20260826_143237_highrate_truth.csv,True,/mnt/hdd16T/ToqeerHomeBackup/mujoco_project/outputs/_highrate_overnight/campaign_highrate_truth_v3_rne_corrected396,/mnt/hdd16T/ToqeerHomeBackup/mujoco_project/outputs/_highrate_overnight/campaign_highrate_truth_v3_rne_corrected396/runs/P020/task_34/scenario34_age49_h1p63_sex_female_w73p0_20260826_143237/fall_scenario34_age49_20260826_143237_dynamics_frames.csv,False
/mnt/hdd16T/ToqeerHomeBackup/mujoco_project/outputs/_highrate_overnight/campaign_highrate_truth_v3_rne_corrected396/runs/P020/task_37/scenario37_age49_h1p63_sex_female_w73p0_20260826_143520/fall_scenario37_age49_20260826_143520_highrate_truth.csv,True,/mnt/hdd16T/ToqeerHomeBackup/mujoco_project/outputs/_highrate_overnight/campaign_highrate_truth_v3_rne_corrected396,/mnt/hdd16T/ToqeerHomeBackup/mujoco_project/outputs/_highrate_overnight/campaign_highrate_truth_v3_rne_corrected396/runs/P020/task_37/scenario37_age49_h1p63_sex_female_w73p0_20260826_143520/fall_scenario37_age49_20260826_143520_dynamics_frames.csv,False
/mnt/hdd16T/ToqeerHomeBackup/mujoco_project/outputs/_highrate_overnight/campaign_highrate_truth_v3_rne_corrected396/runs/P020/task_38/scenario38_age49_h1p63_sex_female_w73p0_20260826_143805/fall_scenario38_age49_20260826_143805_highrate_truth.csv,True,/mnt/hdd16T/ToqeerHomeBackup/mujoco_project/outputs/_highrate_overnight/campaign_highrate_truth_v3_rne_corrected396,/mnt/hdd16T/ToqeerHomeBackup/mujoco_project/outputs/_highrate_overnight/campaign_highrate_truth_v3_rne_corrected396/runs/P020/task_38/scenario38_age49_h1p63_sex_female_w73p0_20260826_143805/fall_scenario38_age49_20260826_143805_dynamics_frames.csv,False
/mnt/hdd16T/ToqeerHomeBackup/mujoco_project/outputs/_highrate_overnight/campaign_highrate_truth_v3_rne_corrected396/runs/P020/task_39/scenario39_age49_h1p63_sex_female_w73p0_20260826_144048/fall_scenario39_age49_20260826_144048_highrate_truth.csv,True,/mnt/hdd16T/ToqeerHomeBackup/mujoco_project/outputs/_highrate_overnight/campaign_highrate_truth_v3_rne_corrected396,/mnt/hdd16T/ToqeerHomeBackup/mujoco_project/outputs/_highrate_overnight/campaign_highrate_truth_v3_rne_corrected396/runs/P020/task_39/scenario39_age49_h1p63_sex_female_w73p0_20260826_144048/fall_scenario39_age49_20260826_144048_dynamics_frames.csv,False
/mnt/hdd16T/ToqeerHomeBackup/mujoco_project/outputs/_highrate_overnight/campaign_highrate_truth_v3_rne_corrected396/runs/P020/task_40/scenario40_age49_h1p63_sex_female_w73p0_20260826_144127/fall_scenario40_age49_20260826_144127_highrate_truth.csv,True,/mnt/hdd16T/ToqeerHomeBackup/mujoco_project/outputs/_highrate_overnight/campaign_highrate_truth_v3_rne_corrected396,/mnt/hdd16T/ToqeerHomeBackup/mujoco_project/outputs/_highrate_overnight/campaign_highrate_truth_v3_rne_corrected396/runs/P020/task_40/scenario40_age49_h1p63_sex_female_w73p0_20260826_144127/fall_scenario40_age49_20260826_144127_dynamics_frames.csv,False
/mnt/hdd16T/ToqeerHomeBackup/mujoco_project/outputs/_highrate_overnight/campaign_highrate_truth_v3_rne_corrected396/runs/P020/task_41/scenario41_age49_h1p63_sex_female_w73p0_20260826_144207/fall_scenario41_age49_20260826_144207_highrate_truth.csv,True,/mnt/hdd16T/ToqeerHomeBackup/mujoco_project/outputs/_highrate_overnight/campaign_highrate_truth_v3_rne_corrected396,/mnt/hdd16T/ToqeerHomeBackup/mujoco_project/outputs/_highrate_overnight/campaign_highrate_truth_v3_rne_corrected396/runs/P020/task_41/scenario41_age49_h1p63_sex_female_w73p0_20260826_144207/fall_scenario41_age49_20260826_144207_dynamics_frames.csv,False
/mnt/hdd16T/ToqeerHomeBackup/mujoco_project/outputs/_highrate_overnight/campaign_highrate_truth_v3_rne_corrected396/runs/P020/task_42/scenario42_age49_h1p63_sex_female_w73p0_20260826_144247/fall_scenario42_age49_20260826_144247_highrate_truth.csv,True,/mnt/hdd16T/ToqeerHomeBackup/mujoco_project/outputs/_highrate_overnight/campaign_highrate_truth_v3_rne_corrected396,/mnt/hdd16T/ToqeerHomeBackup/mujoco_project/outputs/_highrate_overnight/campaign_highrate_truth_v3_rne_corrected396/runs/P020/task_42/scenario42_age49_h1p63_sex_female_w73p0_20260826_144247/fall_scenario42_age49_20260826_144247_dynamics_frames.csv,False
/mnt/hdd16T/ToqeerHomeBackup/mujoco_project/outputs/_highrate_overnight/campaign_highrate_truth_v3_rne_corrected396/runs/P021/task_20/scenario20_age53_h1p90_sex_male_w96p0_20260826_144327/fall_scenario20_age53_20260826_144327_highrate_truth.csv,True,/mnt/hdd16T/ToqeerHomeBackup/mujoco_project/outputs/_highrate_overnight/campaign_highrate_truth_v3_rne_corrected396,/mnt/hdd16T/ToqeerHomeBackup/mujoco_project/outputs/_highrate_overnight/campaign_highrate_truth_v3_rne_corrected396/runs/P021/task_20/scenario20_age53_h1p90_sex_male_w96p0_20260826_144327/fall_scenario20_age53_20260826_144327_dynamics_frames.csv,False
/mnt/hdd16T/ToqeerHomeBackup/mujoco_project/outputs/_highrate_overnight/campaign_highrate_truth_v3_rne_corrected396/runs/P021/task_21/scenario21_age53_h1p90_sex_male_w96p0_20260826_144435/fall_scenario21_age53_20260826_144435_highrate_truth.csv,True,/mnt/hdd16T/ToqeerHomeBackup/mujoco_project/outputs/_highrate_overnight/campaign_highrate_truth_v3_rne_corrected396,/mnt/hdd16T/ToqeerHomeBackup/mujoco_project/outputs/_highrate_overnight/campaign_highrate_truth_v3_rne_corrected396/runs/P021/task_21/scenario21_age53_h1p90_sex_male_w96p0_20260826_144435/fall_scenario21_age53_20260826_144435_dynamics_frames.csv,False
/mnt/hdd16T/ToqeerHomeBackup/mujoco_project/outputs/_highrate_overnight/campaign_highrate_truth_v3_rne_corrected396/runs/P021/task_22/scenario22_age53_h1p90_sex_male_w96p0_20260826_144514/fall_scenario22_age53_20260826_144514_highrate_truth.csv,True,/mnt/hdd16T/ToqeerHomeBackup/mujoco_project/outputs/_highrate_overnight/campaign_highrate_truth_v3_rne_corrected396,/mnt/hdd16T/ToqeerHomeBackup/mujoco_project/outputs/_highrate_overnight/campaign_highrate_truth_v3_rne_corrected396/runs/P021/task_22/scenario22_age53_h1p90_sex_male_w96p0_20260826_144514/fall_scenario22_age53_20260826_144514_dynamics_frames.csv,False
/mnt/hdd16T/ToqeerHomeBackup/mujoco_project/outputs/_highrate_overnight/campaign_highrate_truth_v3_rne_corrected396/runs/P021/task_23/scenario23_age53_h1p90_sex_male_w96p0_20260826_144552/fall_scenario23_age53_20260826_144552_highrate_truth.csv,True,/mnt/hdd16T/ToqeerHomeBackup/mujoco_project/outputs/_highrate_overnight/campaign_highrate_truth_v3_rne_corrected396,/mnt/hdd16T/ToqeerHomeBackup/mujoco_project/outputs/_highrate_overnight/campaign_highrate_truth_v3_rne_corrected396/runs/P021/task_23/scenario23_age53_h1p90_sex_male_w96p0_20260826_144552/fall_scenario23_age53_20260826_144552_dynamics_frames.csv,False
/mnt/hdd16T/ToqeerHomeBackup/mujoco_project/outputs/_highrate_overnight/campaign_highrate_truth_v3_rne_corrected396/runs/P021/task_24/scenario24_age53_h1p90_sex_male_w96p0_20260826_144700/fall_scenario24_age53_20260826_144700_highrate_truth.csv,True,/mnt/hdd16T/ToqeerHomeBackup/mujoco_project/outputs/_highrate_overnight/campaign_highrate_truth_v3_rne_corrected396,/mnt/hdd16T/ToqeerHomeBackup/mujoco_project/outputs/_highrate_overnight/campaign_highrate_truth_v3_rne_corrected396/runs/P021/task_24/scenario24_age53_h1p90_sex_male_w96p0_20260826_144700/fall_scenario24_age53_20260826_144700_dynamics_frames.csv,False
/mnt/hdd16T/ToqeerHomeBackup/mujoco_project/outputs/_highrate_overnight/campaign_highrate_truth_v3_rne_corrected396/runs/P021/task_28/scenario28_age53_h1p90_sex_male_w96p0_20260826_144739/fall_scenario28_age53_20260826_144739_highrate_truth.csv,True,/mnt/hdd16T/ToqeerHomeBackup/mujoco_project/outputs/_highrate_overnight/campaign_highrate_truth_v3_rne_corrected396,/mnt/hdd16T/ToqeerHomeBackup/mujoco_project/outputs/_highrate_overnight/campaign_highrate_truth_v3_rne_corrected396/runs/P021/task_28/scenario28_age53_h1p90_sex_male_w96p0_20260826_144739/fall_scenario28_age53_20260826_144739_dynamics_frames.csv,False
/mnt/hdd16T/ToqeerHomeBackup/mujoco_project/outputs/_highrate_overnight/campaign_highrate_truth_v3_rne_corrected396/runs/P021/task_29/scenario29_age53_h1p90_sex_male_w96p0_20260826_145022/fall_scenario29_age53_20260826_145022_highrate_truth.csv,True,/mnt/hdd16T/ToqeerHomeBackup/mujoco_project/outputs/_highrate_overnight/campaign_highrate_truth_v3_rne_corrected396,/mnt/hdd16T/ToqeerHomeBackup/mujoco_project/outputs/_highrate_overnight/campaign_highrate_truth_v3_rne_corrected396/runs/P021/task_29/scenario29_age53_h1p90_sex_male_w96p0_20260826_145022/fall_scenario29_age53_20260826_145022_dynamics_frames.csv,False
/mnt/hdd16T/ToqeerHomeBackup/mujoco_project/outputs/_highrate_overnight/campaign_highrate_truth_v3_rne_corrected396/runs/P021/task_30/scenario30_age53_h1p90_sex_male_w96p0_20260826_145307/fall_scenario30_age53_20260826_145307_highrate_truth.csv,True,/mnt/hdd16T/ToqeerHomeBackup/mujoco_project/outputs/_highrate_overnight/campaign_highrate_truth_v3_rne_corrected396,/mnt/hdd16T/ToqeerHomeBackup/mujoco_project/outputs/_highrate_overnight/campaign_highrate_truth_v3_rne_corrected396/runs/P021/task_30/scenario30_age53_h1p90_sex_male_w96p0_20260826_145307/fall_scenario30_age53_20260826_145307_dynamics_frames.csv,False
/mnt/hdd16T/ToqeerHomeBackup/mujoco_project/outputs/_highrate_overnight/campaign_highrate_truth_v3_rne_corrected396/runs/P021/task_31/scenario31_age53_h1p90_sex_male_w96p0_20260826_145551/fall_scenario31_age53_20260826_145551_highrate_truth.csv,True,/mnt/hdd16T/ToqeerHomeBackup/mujoco_project/outputs/_highrate_overnight/campaign_highrate_truth_v3_rne_corrected396,/mnt/hdd16T/ToqeerHomeBackup/mujoco_project/outputs/_highrate_overnight/campaign_highrate_truth_v3_rne_corrected396/runs/P021/task_31/scenario31_age53_h1p90_sex_male_w96p0_20260826_145551/fall_scenario31_age53_20260826_145551_dynamics_frames.csv,False
/mnt/hdd16T/ToqeerHomeBackup/mujoco_project/outputs/_highrate_overnight/campaign_highrate_truth_v3_rne_corrected396/runs/P021/task_32/scenario32_age53_h1p90_sex_male_w96p0_20260826_145835/fall_scenario32_age53_20260826_145835_highrate_truth.csv,True,/mnt/hdd16T/ToqeerHomeBackup/mujoco_project/outputs/_highrate_overnight/campaign_highrate_truth_v3_rne_corrected396,/mnt/hdd16T/ToqeerHomeBackup/mujoco_project/outputs/_highrate_overnight/campaign_highrate_truth_v3_rne_corrected396/runs/P021/task_32/scenario32_age53_h1p90_sex_male_w96p0_20260826_145835/fall_scenario32_age53_20260826_145835_dynamics_frames.csv,False
/mnt/hdd16T/ToqeerHomeBackup/mujoco_project/outputs/_highrate_overnight/campaign_highrate_truth_v3_rne_corrected396/runs/P021/task_33/scenario33_age53_h1p90_sex_male_w96p0_20260826_150119/fall_scenario33_age53_20260826_150119_highrate_truth.csv,True,/mnt/hdd16T/ToqeerHomeBackup/mujoco_project/outputs/_highrate_overnight/campaign_highrate_truth_v3_rne_corrected396,/mnt/hdd16T/ToqeerHomeBackup/mujoco_project/outputs/_highrate_overnight/campaign_highrate_truth_v3_rne_corrected396/runs/P021/task_33/scenario33_age53_h1p90_sex_male_w96p0_20260826_150119/fall_scenario33_age53_20260826_150119_dynamics_frames.csv,False
/mnt/hdd16T/ToqeerHomeBackup/mujoco_project/outputs/_highrate_overnight/campaign_highrate_truth_v3_rne_corrected396/runs/P021/task_34/scenario34_age53_h1p90_sex_male_w96p0_20260826_150403/fall_scenario34_age53_20260826_150403_highrate_truth.csv,True,/mnt/hdd16T/ToqeerHomeBackup/mujoco_project/outputs/_highrate_overnight/campaign_highrate_truth_v3_rne_corrected396,/mnt/hdd16T/ToqeerHomeBackup/mujoco_project/outputs/_highrate_overnight/campaign_highrate_truth_v3_rne_corrected396/runs/P021/task_34/scenario34_age53_h1p90_sex_male_w96p0_20260826_150403/fall_scenario34_age53_20260826_150403_dynamics_frames.csv,False
/mnt/hdd16T/ToqeerHomeBackup/mujoco_project/outputs/_highrate_overnight/campaign_highrate_truth_v3_rne_corrected396/runs/P021/task_37/scenario37_age53_h1p90_sex_male_w96p0_20260826_150648/fall_scenario37_age53_20260826_150648_highrate_truth.csv,True,/mnt/hdd16T/ToqeerHomeBackup/mujoco_project/outputs/_highrate_overnight/campaign_highrate_truth_v3_rne_corrected396,/mnt/hdd16T/ToqeerHomeBackup/mujoco_project/outputs/_highrate_overnight/campaign_highrate_truth_v3_rne_corrected396/runs/P021/task_37/scenario37_age53_h1p90_sex_male_w96p0_20260826_150648/fall_scenario37_age53_20260826_150648_dynamics_frames.csv,False
/mnt/hdd16T/ToqeerHomeBackup/mujoco_project/outputs/_highrate_overnight/campaign_highrate_truth_v3_rne_corrected396/runs/P021/task_38/scenario38_age53_h1p90_sex_male_w96p0_20260826_150934/fall_scenario38_age53_20260826_150934_highrate_truth.csv,True,/mnt/hdd16T/ToqeerHomeBackup/mujoco_project/outputs/_highrate_overnight/campaign_highrate_truth_v3_rne_corrected396,/mnt/hdd16T/ToqeerHomeBackup/mujoco_project/outputs/_highrate_overnight/campaign_highrate_truth_v3_rne_corrected396/runs/P021/task_38/scenario38_age53_h1p90_sex_male_w96p0_20260826_150934/fall_scenario38_age53_20260826_150934_dynamics_frames.csv,False
/mnt/hdd16T/ToqeerHomeBackup/mujoco_project/outputs/_highrate_overnight/campaign_highrate_truth_v3_rne_corrected396/runs/P021/task_39/scenario39_age53_h1p90_sex_male_w96p0_20260826_151219/fall_scenario39_age53_20260826_151219_highrate_truth.csv,True,/mnt/hdd16T/ToqeerHomeBackup/mujoco_project/outputs/_highrate_overnight/campaign_highrate_truth_v3_rne_corrected396,/mnt/hdd16T/ToqeerHomeBackup/mujoco_project/outputs/_highrate_overnight/campaign_highrate_truth_v3_rne_corrected396/runs/P021/task_39/scenario39_age53_h1p90_sex_male_w96p0_20260826_151219/fall_scenario39_age53_20260826_151219_dynamics_frames.csv,False
/mnt/hdd16T/ToqeerHomeBackup/mujoco_project/outputs/_highrate_overnight/campaign_highrate_truth_v3_rne_corrected396/runs/P021/task_40/scenario40_age53_h1p90_sex_male_w96p0_20260826_151257/fall_scenario40_age53_20260826_151257_highrate_truth.csv,True,/mnt/hdd16T/ToqeerHomeBackup/mujoco_project/outputs/_highrate_overnight/campaign_highrate_truth_v3_rne_corrected396,/mnt/hdd16T/ToqeerHomeBackup/mujoco_project/outputs/_highrate_overnight/campaign_highrate_truth_v3_rne_corrected396/runs/P021/task_40/scenario40_age53_h1p90_sex_male_w96p0_20260826_151257/fall_scenario40_age53_20260826_151257_dynamics_frames.csv,False
/mnt/hdd16T/ToqeerHomeBackup/mujoco_project/outputs/_highrate_overnight/campaign_highrate_truth_v3_rne_corrected396/runs/P021/task_41/scenario41_age53_h1p90_sex_male_w96p0_20260826_151337/fall_scenario41_age53_20260826_151337_highrate_truth.csv,True,/mnt/hdd16T/ToqeerHomeBackup/mujoco_project/outputs/_highrate_overnight/campaign_highrate_truth_v3_rne_corrected396,/mnt/hdd16T/ToqeerHomeBackup/mujoco_project/outputs/_highrate_overnight/campaign_highrate_truth_v3_rne_corrected396/runs/P021/task_41/scenario41_age53_h1p90_sex_male_w96p0_20260826_151337/fall_scenario41_age53_20260826_151337_dynamics_frames.csv,False
/mnt/hdd16T/ToqeerHomeBackup/mujoco_project/outputs/_highrate_overnight/campaign_highrate_truth_v3_rne_corrected396/runs/P021/task_42/scenario42_age53_h1p90_sex_male_w96p0_20260826_151417/fall_scenario42_age53_20260826_151417_highrate_truth.csv,True,/mnt/hdd16T/ToqeerHomeBackup/mujoco_project/outputs/_highrate_overnight/campaign_highrate_truth_v3_rne_corrected396,/mnt/hdd16T/ToqeerHomeBackup/mujoco_project/outputs/_highrate_overnight/campaign_highrate_truth_v3_rne_corrected396/runs/P021/task_42/scenario42_age53_h1p90_sex_male_w96p0_20260826_151417/fall_scenario42_age53_20260826_151417_dynamics_frames.csv,False
/mnt/hdd16T/ToqeerHomeBackup/mujoco_project/outputs/_highrate_overnight/campaign_highrate_truth_v3_rne_corrected396/runs/P022/task_20/scenario20_age56_h1p53_sex_female_w61p0_20260826_151457/fall_scenario20_age56_20260826_151457_highrate_truth.csv,True,/mnt/hdd16T/ToqeerHomeBackup/mujoco_project/outputs/_highrate_overnight/campaign_highrate_truth_v3_rne_corrected396,/mnt/hdd16T/ToqeerHomeBackup/mujoco_project/outputs/_highrate_overnight/campaign_highrate_truth_v3_rne_corrected396/runs/P022/task_20/scenario20_age56_h1p53_sex_female_w61p0_20260826_151457/fall_scenario20_age56_20260826_151457_dynamics_frames.csv,False
/mnt/hdd16T/ToqeerHomeBackup/mujoco_project/outputs/_highrate_overnight/campaign_highrate_truth_v3_rne_corrected396/runs/P022/task_21/scenario21_age56_h1p53_sex_female_w61p0_20260826_151605/fall_scenario21_age56_20260826_151605_highrate_truth.csv,True,/mnt/hdd16T/ToqeerHomeBackup/mujoco_project/outputs/_highrate_overnight/campaign_highrate_truth_v3_rne_corrected396,/mnt/hdd16T/ToqeerHomeBackup/mujoco_project/outputs/_highrate_overnight/campaign_highrate_truth_v3_rne_corrected396/runs/P022/task_21/scenario21_age56_h1p53_sex_female_w61p0_20260826_151605/fall_scenario21_age56_20260826_151605_dynamics_frames.csv,False
/mnt/hdd16T/ToqeerHomeBackup/mujoco_project/outputs/_highrate_overnight/campaign_highrate_truth_v3_rne_corrected396/runs/P022/task_22/scenario22_age56_h1p53_sex_female_w61p0_20260826_151643/fall_scenario22_age56_20260826_151643_highrate_truth.csv,True,/mnt/hdd16T/ToqeerHomeBackup/mujoco_project/outputs/_highrate_overnight/campaign_highrate_truth_v3_rne_corrected396,/mnt/hdd16T/ToqeerHomeBackup/mujoco_project/outputs/_highrate_overnight/campaign_highrate_truth_v3_rne_corrected396/runs/P022/task_22/scenario22_age56_h1p53_sex_female_w61p0_20260826_151643/fall_scenario22_age56_20260826_151643_dynamics_frames.csv,False
/mnt/hdd16T/ToqeerHomeBackup/mujoco_project/outputs/_highrate_overnight/campaign_highrate_truth_v3_rne_corrected396/runs/P022/task_23/scenario23_age56_h1p53_sex_female_w61p0_20260826_151721/fall_scenario23_age56_20260826_151721_highrate_truth.csv,True,/mnt/hdd16T/ToqeerHomeBackup/mujoco_project/outputs/_highrate_overnight/campaign_highrate_truth_v3_rne_corrected396,/mnt/hdd16T/ToqeerHomeBackup/mujoco_project/outputs/_highrate_overnight/campaign_highrate_truth_v3_rne_corrected396/runs/P022/task_23/scenario23_age56_h1p53_sex_female_w61p0_20260826_151721/fall_scenario23_age56_20260826_151721_dynamics_frames.csv,False
/mnt/hdd16T/ToqeerHomeBackup/mujoco_project/outputs/_highrate_overnight/campaign_highrate_truth_v3_rne_corrected396/runs/P022/task_24/scenario24_age56_h1p53_sex_female_w61p0_20260826_151830/fall_scenario24_age56_20260826_151830_highrate_truth.csv,True,/mnt/hdd16T/ToqeerHomeBackup/mujoco_project/outputs/_highrate_overnight/campaign_highrate_truth_v3_rne_corrected396,/mnt/hdd16T/ToqeerHomeBackup/mujoco_project/outputs/_highrate_overnight/campaign_highrate_truth_v3_rne_corrected396/runs/P022/task_24/scenario24_age56_h1p53_sex_female_w61p0_20260826_151830/fall_scenario24_age56_20260826_151830_dynamics_frames.csv,False
/mnt/hdd16T/ToqeerHomeBackup/mujoco_project/outputs/_highrate_overnight/campaign_highrate_truth_v3_rne_corrected396/runs/P022/task_28/scenario28_age56_h1p53_sex_female_w61p0_20260826_151908/fall_scenario28_age56_20260826_151908_highrate_truth.csv,True,/mnt/hdd16T/ToqeerHomeBackup/mujoco_project/outputs/_highrate_overnight/campaign_highrate_truth_v3_rne_corrected396,/mnt/hdd16T/ToqeerHomeBackup/mujoco_project/outputs/_highrate_overnight/campaign_highrate_truth_v3_rne_corrected396/runs/P022/task_28/scenario28_age56_h1p53_sex_female_w61p0_20260826_151908/fall_scenario28_age56_20260826_151908_dynamics_frames.csv,False
/mnt/hdd16T/ToqeerHomeBackup/mujoco_project/outputs/_highrate_overnight/campaign_highrate_truth_v3_rne_corrected396/runs/P022/task_29/scenario29_age56_h1p53_sex_female_w61p0_20260826_152151/fall_scenario29_age56_20260826_152151_highrate_truth.csv,True,/mnt/hdd16T/ToqeerHomeBackup/mujoco_project/outputs/_highrate_overnight/campaign_highrate_truth_v3_rne_corrected396,/mnt/hdd16T/ToqeerHomeBackup/mujoco_project/outputs/_highrate_overnight/campaign_highrate_truth_v3_rne_corrected396/runs/P022/task_29/scenario29_age56_h1p53_sex_female_w61p0_20260826_152151/fall_scenario29_age56_20260826_152151_dynamics_frames.csv,False
/mnt/hdd16T/ToqeerHomeBackup/mujoco_project/outputs/_highrate_overnight/campaign_highrate_truth_v3_rne_corrected396/runs/P022/task_30/scenario30_age56_h1p53_sex_female_w61p0_20260826_152436/fall_scenario30_age56_20260826_152436_highrate_truth.csv,True,/mnt/hdd16T/ToqeerHomeBackup/mujoco_project/outputs/_highrate_overnight/campaign_highrate_truth_v3_rne_corrected396,/mnt/hdd16T/ToqeerHomeBackup/mujoco_project/outputs/_highrate_overnight/campaign_highrate_truth_v3_rne_corrected396/runs/P022/task_30/scenario30_age56_h1p53_sex_female_w61p0_20260826_152436/fall_scenario30_age56_20260826_152436_dynamics_frames.csv,False
/mnt/hdd16T/ToqeerHomeBackup/mujoco_project/outputs/_highrate_overnight/campaign_highrate_truth_v3_rne_corrected396/runs/P022/task_31/scenario31_age56_h1p53_sex_female_w61p0_20260826_152721/fall_scenario31_age56_20260826_152721_highrate_truth.csv,True,/mnt/hdd16T/ToqeerHomeBackup/mujoco_project/outputs/_highrate_overnight/campaign_highrate_truth_v3_rne_corrected396,/mnt/hdd16T/ToqeerHomeBackup/mujoco_project/outputs/_highrate_overnight/campaign_highrate_truth_v3_rne_corrected396/runs/P022/task_31/scenario31_age56_h1p53_sex_female_w61p0_20260826_152721/fall_scenario31_age56_20260826_152721_dynamics_frames.csv,False
/mnt/hdd16T/ToqeerHomeBackup/mujoco_project/outputs/_highrate_overnight/campaign_highrate_truth_v3_rne_corrected396/runs/P022/task_32/scenario32_age56_h1p53_sex_female_w61p0_20260826_153003/fall_scenario32_age56_20260826_153003_highrate_truth.csv,True,/mnt/hdd16T/ToqeerHomeBackup/mujoco_project/outputs/_highrate_overnight/campaign_highrate_truth_v3_rne_corrected396,/mnt/hdd16T/ToqeerHomeBackup/mujoco_project/outputs/_highrate_overnight/campaign_highrate_truth_v3_rne_corrected396/runs/P022/task_32/scenario32_age56_h1p53_sex_female_w61p0_20260826_153003/fall_scenario32_age56_20260826_153003_dynamics_frames.csv,False
/mnt/hdd16T/ToqeerHomeBackup/mujoco_project/outputs/_highrate_overnight/campaign_highrate_truth_v3_rne_corrected396/runs/P022/task_33/scenario33_age56_h1p53_sex_female_w61p0_20260826_153247/fall_scenario33_age56_20260826_153247_highrate_truth.csv,True,/mnt/hdd16T/ToqeerHomeBackup/mujoco_project/outputs/_highrate_overnight/campaign_highrate_truth_v3_rne_corrected396,/mnt/hdd16T/ToqeerHomeBackup/mujoco_project/outputs/_highrate_overnight/campaign_highrate_truth_v3_rne_corrected396/runs/P022/task_33/scenario33_age56_h1p53_sex_female_w61p0_20260826_153247/fall_scenario33_age56_20260826_153247_dynamics_frames.csv,False
/mnt/hdd16T/ToqeerHomeBackup/mujoco_project/outputs/_highrate_overnight/campaign_highrate_truth_v3_rne_corrected396/runs/P022/task_34/scenario34_age56_h1p53_sex_female_w61p0_20260826_153540/fall_scenario34_age56_20260826_153540_highrate_truth.csv,True,/mnt/hdd16T/ToqeerHomeBackup/mujoco_project/outputs/_highrate_overnight/campaign_highrate_truth_v3_rne_corrected396,/mnt/hdd16T/ToqeerHomeBackup/mujoco_project/outputs/_highrate_overnight/campaign_highrate_truth_v3_rne_corrected396/runs/P022/task_34/scenario34_age56_h1p53_sex_female_w61p0_20260826_153540/fall_scenario34_age56_20260826_153540_dynamics_frames.csv,False
/mnt/hdd16T/ToqeerHomeBackup/mujoco_project/outputs/_highrate_overnight/campaign_highrate_truth_v3_rne_corrected396/runs/P022/task_37/scenario37_age56_h1p53_sex_female_w61p0_20260826_153830/fall_scenario37_age56_20260826_153830_highrate_truth.csv,True,/mnt/hdd16T/ToqeerHomeBackup/mujoco_project/outputs/_highrate_overnight/campaign_highrate_truth_v3_rne_corrected396,/mnt/hdd16T/ToqeerHomeBackup/mujoco_project/outputs/_highrate_overnight/campaign_highrate_truth_v3_rne_corrected396/runs/P022/task_37/scenario37_age56_h1p53_sex_female_w61p0_20260826_153830/fall_scenario37_age56_20260826_153830_dynamics_frames.csv,False
/mnt/hdd16T/ToqeerHomeBackup/mujoco_project/outputs/_highrate_overnight/campaign_highrate_truth_v3_rne_corrected396/runs/P022/task_38/scenario38_age56_h1p53_sex_female_w61p0_20260826_154117/fall_scenario38_age56_20260826_154117_highrate_truth.csv,True,/mnt/hdd16T/ToqeerHomeBackup/mujoco_project/outputs/_highrate_overnight/campaign_highrate_truth_v3_rne_corrected396,/mnt/hdd16T/ToqeerHomeBackup/mujoco_project/outputs/_highrate_overnight/campaign_highrate_truth_v3_rne_corrected396/runs/P022/task_38/scenario38_age56_h1p53_sex_female_w61p0_20260826_154117/fall_scenario38_age56_20260826_154117_dynamics_frames.csv,False
/mnt/hdd16T/ToqeerHomeBackup/mujoco_project/outputs/_highrate_overnight/campaign_highrate_truth_v3_rne_corrected396/runs/P022/task_39/scenario39_age56_h1p53_sex_female_w61p0_20260826_154404/fall_scenario39_age56_20260826_154404_highrate_truth.csv,True,/mnt/hdd16T/ToqeerHomeBackup/mujoco_project/outputs/_highrate_overnight/campaign_highrate_truth_v3_rne_corrected396,/mnt/hdd16T/ToqeerHomeBackup/mujoco_project/outputs/_highrate_overnight/campaign_highrate_truth_v3_rne_corrected396/runs/P022/task_39/scenario39_age56_h1p53_sex_female_w61p0_20260826_154404/fall_scenario39_age56_20260826_154404_dynamics_frames.csv,False
/mnt/hdd16T/ToqeerHomeBackup/mujoco_project/outputs/_highrate_overnight/campaign_highrate_truth_v3_rne_corrected396/runs/P022/task_40/scenario40_age56_h1p53_sex_female_w61p0_20260826_154442/fall_scenario40_age56_20260826_154442_highrate_truth.csv,True,/mnt/hdd16T/ToqeerHomeBackup/mujoco_project/outputs/_highrate_overnight/campaign_highrate_truth_v3_rne_corrected396,/mnt/hdd16T/ToqeerHomeBackup/mujoco_project/outputs/_highrate_overnight/campaign_highrate_truth_v3_rne_corrected396/runs/P022/task_40/scenario40_age56_h1p53_sex_female_w61p0_20260826_154442/fall_scenario40_age56_20260826_154442_dynamics_frames.csv,False
/mnt/hdd16T/ToqeerHomeBackup/mujoco_project/outputs/_highrate_overnight/campaign_highrate_truth_v3_rne_corrected396/runs/P022/task_41/scenario41_age56_h1p53_sex_female_w61p0_20260826_154520/fall_scenario41_age56_20260826_154520_highrate_truth.csv,True,/mnt/hdd16T/ToqeerHomeBackup/mujoco_project/outputs/_highrate_overnight/campaign_highrate_truth_v3_rne_corrected396,/mnt/hdd16T/ToqeerHomeBackup/mujoco_project/outputs/_highrate_overnight/campaign_highrate_truth_v3_rne_corrected396/runs/P022/task_41/scenario41_age56_h1p53_sex_female_w61p0_20260826_154520/fall_scenario41_age56_20260826_154520_dynamics_frames.csv,False
/mnt/hdd16T/ToqeerHomeBackup/mujoco_project/outputs/_highrate_overnight/campaign_highrate_truth_v3_rne_corrected396/runs/P022/task_42/scenario42_age56_h1p53_sex_female_w61p0_20260826_154559/fall_scenario42_age56_20260826_154559_highrate_truth.csv,True,/mnt/hdd16T/ToqeerHomeBackup/mujoco_project/outputs/_highrate_overnight/campaign_highrate_truth_v3_rne_corrected396,/mnt/hdd16T/ToqeerHomeBackup/mujoco_project/outputs/_highrate_overnight/campaign_highrate_truth_v3_rne_corrected396/runs/P022/task_42/scenario42_age56_h1p53_sex_female_w61p0_20260826_154559/fall_scenario42_age56_20260826_154559_dynamics_frames.csv,False
/mnt/hdd16T/ToqeerHomeBackup/mujoco_project/outputs/_highrate_overnight/campaign_highrate_truth_v3_rne_corrected396/runs/P023/task_20/scenario20_age59_h1p71_sex_female_w69p0_20260826_154638/fall_scenario20_age59_20260826_154638_highrate_truth.csv,True,/mnt/hdd16T/ToqeerHomeBackup/mujoco_project/outputs/_highrate_overnight/campaign_highrate_truth_v3_rne_corrected396,/mnt/hdd16T/ToqeerHomeBackup/mujoco_project/outputs/_highrate_overnight/campaign_highrate_truth_v3_rne_corrected396/runs/P023/task_20/scenario20_age59_h1p71_sex_female_w69p0_20260826_154638/fall_scenario20_age59_20260826_154638_dynamics_frames.csv,False
/mnt/hdd16T/ToqeerHomeBackup/mujoco_project/outputs/_highrate_overnight/campaign_highrate_truth_v3_rne_corrected396/runs/P023/task_21/scenario21_age59_h1p71_sex_female_w69p0_20260826_154746/fall_scenario21_age59_20260826_154746_highrate_truth.csv,True,/mnt/hdd16T/ToqeerHomeBackup/mujoco_project/outputs/_highrate_overnight/campaign_highrate_truth_v3_rne_corrected396,/mnt/hdd16T/ToqeerHomeBackup/mujoco_project/outputs/_highrate_overnight/campaign_highrate_truth_v3_rne_corrected396/runs/P023/task_21/scenario21_age59_h1p71_sex_female_w69p0_20260826_154746/fall_scenario21_age59_20260826_154746_dynamics_frames.csv,False
/mnt/hdd16T/ToqeerHomeBackup/mujoco_project/outputs/_highrate_overnight/campaign_highrate_truth_v3_rne_corrected396/runs/P023/task_22/scenario22_age59_h1p71_sex_female_w69p0_20260826_154823/fall_scenario22_age59_20260826_154823_highrate_truth.csv,True,/mnt/hdd16T/ToqeerHomeBackup/mujoco_project/outputs/_highrate_overnight/campaign_highrate_truth_v3_rne_corrected396,/mnt/hdd16T/ToqeerHomeBackup/mujoco_project/outputs/_highrate_overnight/campaign_highrate_truth_v3_rne_corrected396/runs/P023/task_22/scenario22_age59_h1p71_sex_female_w69p0_20260826_154823/fall_scenario22_age59_20260826_154823_dynamics_frames.csv,False
/mnt/hdd16T/ToqeerHomeBackup/mujoco_project/outputs/_highrate_overnight/campaign_highrate_truth_v3_rne_corrected396/runs/P023/task_23/scenario23_age59_h1p71_sex_female_w69p0_20260826_154901/fall_scenario23_age59_20260826_154901_highrate_truth.csv,True,/mnt/hdd16T/ToqeerHomeBackup/mujoco_project/outputs/_highrate_overnight/campaign_highrate_truth_v3_rne_corrected396,/mnt/hdd16T/ToqeerHomeBackup/mujoco_project/outputs/_highrate_overnight/campaign_highrate_truth_v3_rne_corrected396/runs/P023/task_23/scenario23_age59_h1p71_sex_female_w69p0_20260826_154901/fall_scenario23_age59_20260826_154901_dynamics_frames.csv,False
/mnt/hdd16T/ToqeerHomeBackup/mujoco_project/outputs/_highrate_overnight/campaign_highrate_truth_v3_rne_corrected396/runs/P023/task_24/scenario24_age59_h1p71_sex_female_w69p0_20260826_155008/fall_scenario24_age59_20260826_155008_highrate_truth.csv,True,/mnt/hdd16T/ToqeerHomeBackup/mujoco_project/outputs/_highrate_overnight/campaign_highrate_truth_v3_rne_corrected396,/mnt/hdd16T/ToqeerHomeBackup/mujoco_project/outputs/_highrate_overnight/campaign_highrate_truth_v3_rne_corrected396/runs/P023/task_24/scenario24_age59_h1p71_sex_female_w69p0_20260826_155008/fall_scenario24_age59_20260826_155008_dynamics_frames.csv,False
/mnt/hdd16T/ToqeerHomeBackup/mujoco_project/outputs/_highrate_overnight/campaign_highrate_truth_v3_rne_corrected396/runs/P023/task_28/scenario28_age59_h1p71_sex_female_w69p0_20260826_155046/fall_scenario28_age59_20260826_155046_highrate_truth.csv,True,/mnt/hdd16T/ToqeerHomeBackup/mujoco_project/outputs/_highrate_overnight/campaign_highrate_truth_v3_rne_corrected396,/mnt/hdd16T/ToqeerHomeBackup/mujoco_project/outputs/_highrate_overnight/campaign_highrate_truth_v3_rne_corrected396/runs/P023/task_28/scenario28_age59_h1p71_sex_female_w69p0_20260826_155046/fall_scenario28_age59_20260826_155046_dynamics_frames.csv,False
/mnt/hdd16T/ToqeerHomeBackup/mujoco_project/outputs/_highrate_overnight/campaign_highrate_truth_v3_rne_corrected396/runs/P023/task_29/scenario29_age59_h1p71_sex_female_w69p0_20260826_155328/fall_scenario29_age59_20260826_155328_highrate_truth.csv,True,/mnt/hdd16T/ToqeerHomeBackup/mujoco_project/outputs/_highrate_overnight/campaign_highrate_truth_v3_rne_corrected396,/mnt/hdd16T/ToqeerHomeBackup/mujoco_project/outputs/_highrate_overnight/campaign_highrate_truth_v3_rne_corrected396/runs/P023/task_29/scenario29_age59_h1p71_sex_female_w69p0_20260826_155328/fall_scenario29_age59_20260826_155328_dynamics_frames.csv,False
/mnt/hdd16T/ToqeerHomeBackup/mujoco_project/outputs/_highrate_overnight/campaign_highrate_truth_v3_rne_corrected396/runs/P023/task_30/scenario30_age59_h1p71_sex_female_w69p0_20260826_155607/fall_scenario30_age59_20260826_155607_highrate_truth.csv,True,/mnt/hdd16T/ToqeerHomeBackup/mujoco_project/outputs/_highrate_overnight/campaign_highrate_truth_v3_rne_corrected396,/mnt/hdd16T/ToqeerHomeBackup/mujoco_project/outputs/_highrate_overnight/campaign_highrate_truth_v3_rne_corrected396/runs/P023/task_30/scenario30_age59_h1p71_sex_female_w69p0_20260826_155607/fall_scenario30_age59_20260826_155607_dynamics_frames.csv,False
/mnt/hdd16T/ToqeerHomeBackup/mujoco_project/outputs/_highrate_overnight/campaign_highrate_truth_v3_rne_corrected396/runs/P023/task_31/scenario31_age59_h1p71_sex_female_w69p0_20260826_155844/fall_scenario31_age59_20260826_155844_highrate_truth.csv,True,/mnt/hdd16T/ToqeerHomeBackup/mujoco_project/outputs/_highrate_overnight/campaign_highrate_truth_v3_rne_corrected396,/mnt/hdd16T/ToqeerHomeBackup/mujoco_project/outputs/_highrate_overnight/campaign_highrate_truth_v3_rne_corrected396/runs/P023/task_31/scenario31_age59_h1p71_sex_female_w69p0_20260826_155844/fall_scenario31_age59_20260826_155844_dynamics_frames.csv,False
/mnt/hdd16T/ToqeerHomeBackup/mujoco_project/outputs/_highrate_overnight/campaign_highrate_truth_v3_rne_corrected396/runs/P023/task_32/scenario32_age59_h1p71_sex_female_w69p0_20260826_160119/fall_scenario32_age59_20260826_160119_highrate_truth.csv,True,/mnt/hdd16T/ToqeerHomeBackup/mujoco_project/outputs/_highrate_overnight/campaign_highrate_truth_v3_rne_corrected396,/mnt/hdd16T/ToqeerHomeBackup/mujoco_project/outputs/_highrate_overnight/campaign_highrate_truth_v3_rne_corrected396/runs/P023/task_32/scenario32_age59_h1p71_sex_female_w69p0_20260826_160119/fall_scenario32_age59_20260826_160119_dynamics_frames.csv,False
/mnt/hdd16T/ToqeerHomeBackup/mujoco_project/outputs/_highrate_overnight/campaign_highrate_truth_v3_rne_corrected396/runs/P023/task_33/scenario33_age59_h1p71_sex_female_w69p0_20260826_160353/fall_scenario33_age59_20260826_160353_highrate_truth.csv,True,/mnt/hdd16T/ToqeerHomeBackup/mujoco_project/outputs/_highrate_overnight/campaign_highrate_truth_v3_rne_corrected396,/mnt/hdd16T/ToqeerHomeBackup/mujoco_project/outputs/_highrate_overnight/campaign_highrate_truth_v3_rne_corrected396/runs/P023/task_33/scenario33_age59_h1p71_sex_female_w69p0_20260826_160353/fall_scenario33_age59_20260826_160353_dynamics_frames.csv,False
/mnt/hdd16T/ToqeerHomeBackup/mujoco_project/outputs/_highrate_overnight/campaign_highrate_truth_v3_rne_corrected396/runs/P023/task_34/scenario34_age59_h1p71_sex_female_w69p0_20260826_160629/fall_scenario34_age59_20260826_160629_highrate_truth.csv,True,/mnt/hdd16T/ToqeerHomeBackup/mujoco_project/outputs/_highrate_overnight/campaign_highrate_truth_v3_rne_corrected396,/mnt/hdd16T/ToqeerHomeBackup/mujoco_project/outputs/_highrate_overnight/campaign_highrate_truth_v3_rne_corrected396/runs/P023/task_34/scenario34_age59_h1p71_sex_female_w69p0_20260826_160629/fall_scenario34_age59_20260826_160629_dynamics_frames.csv,False
/mnt/hdd16T/ToqeerHomeBackup/mujoco_project/outputs/_highrate_overnight/campaign_highrate_truth_v3_rne_corrected396/runs/P023/task_37/scenario37_age59_h1p71_sex_female_w69p0_20260826_160904/fall_scenario37_age59_20260826_160904_highrate_truth.csv,True,/mnt/hdd16T/ToqeerHomeBackup/mujoco_project/outputs/_highrate_overnight/campaign_highrate_truth_v3_rne_corrected396,/mnt/hdd16T/ToqeerHomeBackup/mujoco_project/outputs/_highrate_overnight/campaign_highrate_truth_v3_rne_corrected396/runs/P023/task_37/scenario37_age59_h1p71_sex_female_w69p0_20260826_160904/fall_scenario37_age59_20260826_160904_dynamics_frames.csv,False
/mnt/hdd16T/ToqeerHomeBackup/mujoco_project/outputs/_highrate_overnight/campaign_highrate_truth_v3_rne_corrected396/runs/P023/task_38/scenario38_age59_h1p71_sex_female_w69p0_20260826_161139/fall_scenario38_age59_20260826_161139_highrate_truth.csv,True,/mnt/hdd16T/ToqeerHomeBackup/mujoco_project/outputs/_highrate_overnight/campaign_highrate_truth_v3_rne_corrected396,/mnt/hdd16T/ToqeerHomeBackup/mujoco_project/outputs/_highrate_overnight/campaign_highrate_truth_v3_rne_corrected396/runs/P023/task_38/scenario38_age59_h1p71_sex_female_w69p0_20260826_161139/fall_scenario38_age59_20260826_161139_dynamics_frames.csv,False
/mnt/hdd16T/ToqeerHomeBackup/mujoco_project/outputs/_highrate_overnight/campaign_highrate_truth_v3_rne_corrected396/runs/P023/task_39/scenario39_age59_h1p71_sex_female_w69p0_20260826_161413/fall_scenario39_age59_20260826_161413_highrate_truth.csv,True,/mnt/hdd16T/ToqeerHomeBackup/mujoco_project/outputs/_highrate_overnight/campaign_highrate_truth_v3_rne_corrected396,/mnt/hdd16T/ToqeerHomeBackup/mujoco_project/outputs/_highrate_overnight/campaign_highrate_truth_v3_rne_corrected396/runs/P023/task_39/scenario39_age59_h1p71_sex_female_w69p0_20260826_161413/fall_scenario39_age59_20260826_161413_dynamics_frames.csv,False
/mnt/hdd16T/ToqeerHomeBackup/mujoco_project/outputs/_highrate_overnight/campaign_highrate_truth_v3_rne_corrected396/runs/P023/task_40/scenario40_age59_h1p71_sex_female_w69p0_20260826_161449/fall_scenario40_age59_20260826_161449_highrate_truth.csv,True,/mnt/hdd16T/ToqeerHomeBackup/mujoco_project/outputs/_highrate_overnight/campaign_highrate_truth_v3_rne_corrected396,/mnt/hdd16T/ToqeerHomeBackup/mujoco_project/outputs/_highrate_overnight/campaign_highrate_truth_v3_rne_corrected396/runs/P023/task_40/scenario40_age59_h1p71_sex_female_w69p0_20260826_161449/fall_scenario40_age59_20260826_161449_dynamics_frames.csv,False
/mnt/hdd16T/ToqeerHomeBackup/mujoco_project/outputs/_highrate_overnight/campaign_highrate_truth_v3_rne_corrected396/runs/P023/task_41/scenario41_age59_h1p71_sex_female_w69p0_20260826_161526/fall_scenario41_age59_20260826_161526_highrate_truth.csv,True,/mnt/hdd16T/ToqeerHomeBackup/mujoco_project/outputs/_highrate_overnight/campaign_highrate_truth_v3_rne_corrected396,/mnt/hdd16T/ToqeerHomeBackup/mujoco_project/outputs/_highrate_overnight/campaign_highrate_truth_v3_rne_corrected396/runs/P023/task_41/scenario41_age59_h1p71_sex_female_w69p0_20260826_161526/fall_scenario41_age59_20260826_161526_dynamics_frames.csv,False
/mnt/hdd16T/ToqeerHomeBackup/mujoco_project/outputs/_highrate_overnight/campaign_highrate_truth_v3_rne_corrected396/runs/P023/task_42/scenario42_age59_h1p71_sex_female_w69p0_20260826_161603/fall_scenario42_age59_20260826_161603_highrate_truth.csv,True,/mnt/hdd16T/ToqeerHomeBackup/mujoco_project/outputs/_highrate_overnight/campaign_highrate_truth_v3_rne_corrected396,/mnt/hdd16T/ToqeerHomeBackup/mujoco_project/outputs/_highrate_overnight/campaign_highrate_truth_v3_rne_corrected396/runs/P023/task_42/scenario42_age59_h1p71_sex_female_w69p0_20260826_161603/fall_scenario42_age59_20260826_161603_dynamics_frames.csv,False
/mnt/hdd16T/ToqeerHomeBackup/mujoco_project/outputs/_highrate_overnight/campaign_highrate_truth_v3_rne_corrected396/runs/P024/task_20/scenario20_age63_h1p60_sex_female_w76p0_20260826_161641/fall_scenario20_age63_20260826_161641_highrate_truth.csv,True,/mnt/hdd16T/ToqeerHomeBackup/mujoco_project/outputs/_highrate_overnight/campaign_highrate_truth_v3_rne_corrected396,/mnt/hdd16T/ToqeerHomeBackup/mujoco_project/outputs/_highrate_overnight/campaign_highrate_truth_v3_rne_corrected396/runs/P024/task_20/scenario20_age63_h1p60_sex_female_w76p0_20260826_161641/fall_scenario20_age63_20260826_161641_dynamics_frames.csv,False
/mnt/hdd16T/ToqeerHomeBackup/mujoco_project/outputs/_highrate_overnight/campaign_highrate_truth_v3_rne_corrected396/runs/P024/task_21/scenario21_age63_h1p60_sex_female_w76p0_20260826_161745/fall_scenario21_age63_20260826_161745_highrate_truth.csv,True,/mnt/hdd16T/ToqeerHomeBackup/mujoco_project/outputs/_highrate_overnight/campaign_highrate_truth_v3_rne_corrected396,/mnt/hdd16T/ToqeerHomeBackup/mujoco_project/outputs/_highrate_overnight/campaign_highrate_truth_v3_rne_corrected396/runs/P024/task_21/scenario21_age63_h1p60_sex_female_w76p0_20260826_161745/fall_scenario21_age63_20260826_161745_dynamics_frames.csv,False
/mnt/hdd16T/ToqeerHomeBackup/mujoco_project/outputs/_highrate_overnight/campaign_highrate_truth_v3_rne_corrected396/runs/P024/task_22/scenario22_age63_h1p60_sex_female_w76p0_20260826_161821/fall_scenario22_age63_20260826_161821_highrate_truth.csv,True,/mnt/hdd16T/ToqeerHomeBackup/mujoco_project/outputs/_highrate_overnight/campaign_highrate_truth_v3_rne_corrected396,/mnt/hdd16T/ToqeerHomeBackup/mujoco_project/outputs/_highrate_overnight/campaign_highrate_truth_v3_rne_corrected396/runs/P024/task_22/scenario22_age63_h1p60_sex_female_w76p0_20260826_161821/fall_scenario22_age63_20260826_161821_dynamics_frames.csv,False
/mnt/hdd16T/ToqeerHomeBackup/mujoco_project/outputs/_highrate_overnight/campaign_highrate_truth_v3_rne_corrected396/runs/P024/task_23/scenario23_age63_h1p60_sex_female_w76p0_20260826_161857/fall_scenario23_age63_20260826_161857_highrate_truth.csv,True,/mnt/hdd16T/ToqeerHomeBackup/mujoco_project/outputs/_highrate_overnight/campaign_highrate_truth_v3_rne_corrected396,/mnt/hdd16T/ToqeerHomeBackup/mujoco_project/outputs/_highrate_overnight/campaign_highrate_truth_v3_rne_corrected396/runs/P024/task_23/scenario23_age63_h1p60_sex_female_w76p0_20260826_161857/fall_scenario23_age63_20260826_161857_dynamics_frames.csv,False
/mnt/hdd16T/ToqeerHomeBackup/mujoco_project/outputs/_highrate_overnight/campaign_highrate_truth_v3_rne_corrected396/runs/P024/task_24/scenario24_age63_h1p60_sex_female_w76p0_20260826_162002/fall_scenario24_age63_20260826_162002_highrate_truth.csv,True,/mnt/hdd16T/ToqeerHomeBackup/mujoco_project/outputs/_highrate_overnight/campaign_highrate_truth_v3_rne_corrected396,/mnt/hdd16T/ToqeerHomeBackup/mujoco_project/outputs/_highrate_overnight/campaign_highrate_truth_v3_rne_corrected396/runs/P024/task_24/scenario24_age63_h1p60_sex_female_w76p0_20260826_162002/fall_scenario24_age63_20260826_162002_dynamics_frames.csv,False
/mnt/hdd16T/ToqeerHomeBackup/mujoco_project/outputs/_highrate_overnight/campaign_highrate_truth_v3_rne_corrected396/runs/P024/task_28/scenario28_age63_h1p60_sex_female_w76p0_20260826_162039/fall_scenario28_age63_20260826_162039_highrate_truth.csv,True,/mnt/hdd16T/ToqeerHomeBackup/mujoco_project/outputs/_highrate_overnight/campaign_highrate_truth_v3_rne_corrected396,/mnt/hdd16T/ToqeerHomeBackup/mujoco_project/outputs/_highrate_overnight/campaign_highrate_truth_v3_rne_corrected396/runs/P024/task_28/scenario28_age63_h1p60_sex_female_w76p0_20260826_162039/fall_scenario28_age63_20260826_162039_dynamics_frames.csv,False
/mnt/hdd16T/ToqeerHomeBackup/mujoco_project/outputs/_highrate_overnight/campaign_highrate_truth_v3_rne_corrected396/runs/P024/task_29/scenario29_age63_h1p60_sex_female_w76p0_20260826_162313/fall_scenario29_age63_20260826_162313_highrate_truth.csv,True,/mnt/hdd16T/ToqeerHomeBackup/mujoco_project/outputs/_highrate_overnight/campaign_highrate_truth_v3_rne_corrected396,/mnt/hdd16T/ToqeerHomeBackup/mujoco_project/outputs/_highrate_overnight/campaign_highrate_truth_v3_rne_corrected396/runs/P024/task_29/scenario29_age63_h1p60_sex_female_w76p0_20260826_162313/fall_scenario29_age63_20260826_162313_dynamics_frames.csv,False
/mnt/hdd16T/ToqeerHomeBackup/mujoco_project/outputs/_highrate_overnight/campaign_highrate_truth_v3_rne_corrected396/runs/P024/task_30/scenario30_age63_h1p60_sex_female_w76p0_20260826_162548/fall_scenario30_age63_20260826_162548_highrate_truth.csv,True,/mnt/hdd16T/ToqeerHomeBackup/mujoco_project/outputs/_highrate_overnight/campaign_highrate_truth_v3_rne_corrected396,/mnt/hdd16T/ToqeerHomeBackup/mujoco_project/outputs/_highrate_overnight/campaign_highrate_truth_v3_rne_corrected396/runs/P024/task_30/scenario30_age63_h1p60_sex_female_w76p0_20260826_162548/fall_scenario30_age63_20260826_162548_dynamics_frames.csv,False
/mnt/hdd16T/ToqeerHomeBackup/mujoco_project/outputs/_highrate_overnight/campaign_highrate_truth_v3_rne_corrected396/runs/P024/task_31/scenario31_age63_h1p60_sex_female_w76p0_20260826_162823/fall_scenario31_age63_20260826_162823_highrate_truth.csv,True,/mnt/hdd16T/ToqeerHomeBackup/mujoco_project/outputs/_highrate_overnight/campaign_highrate_truth_v3_rne_corrected396,/mnt/hdd16T/ToqeerHomeBackup/mujoco_project/outputs/_highrate_overnight/campaign_highrate_truth_v3_rne_corrected396/runs/P024/task_31/scenario31_age63_h1p60_sex_female_w76p0_20260826_162823/fall_scenario31_age63_20260826_162823_dynamics_frames.csv,False
/mnt/hdd16T/ToqeerHomeBackup/mujoco_project/outputs/_highrate_overnight/campaign_highrate_truth_v3_rne_corrected396/runs/P024/task_32/scenario32_age63_h1p60_sex_female_w76p0_20260826_163057/fall_scenario32_age63_20260826_163057_highrate_truth.csv,True,/mnt/hdd16T/ToqeerHomeBackup/mujoco_project/outputs/_highrate_overnight/campaign_highrate_truth_v3_rne_corrected396,/mnt/hdd16T/ToqeerHomeBackup/mujoco_project/outputs/_highrate_overnight/campaign_highrate_truth_v3_rne_corrected396/runs/P024/task_32/scenario32_age63_h1p60_sex_female_w76p0_20260826_163057/fall_scenario32_age63_20260826_163057_dynamics_frames.csv,False
/mnt/hdd16T/ToqeerHomeBackup/mujoco_project/outputs/_highrate_overnight/campaign_highrate_truth_v3_rne_corrected396/runs/P024/task_33/scenario33_age63_h1p60_sex_female_w76p0_20260826_163331/fall_scenario33_age63_20260826_163331_highrate_truth.csv,True,/mnt/hdd16T/ToqeerHomeBackup/mujoco_project/outputs/_highrate_overnight/campaign_highrate_truth_v3_rne_corrected396,/mnt/hdd16T/ToqeerHomeBackup/mujoco_project/outputs/_highrate_overnight/campaign_highrate_truth_v3_rne_corrected396/runs/P024/task_33/scenario33_age63_h1p60_sex_female_w76p0_20260826_163331/fall_scenario33_age63_20260826_163331_dynamics_frames.csv,False
/mnt/hdd16T/ToqeerHomeBackup/mujoco_project/outputs/_highrate_overnight/campaign_highrate_truth_v3_rne_corrected396/runs/P024/task_34/scenario34_age63_h1p60_sex_female_w76p0_20260826_163606/fall_scenario34_age63_20260826_163606_highrate_truth.csv,True,/mnt/hdd16T/ToqeerHomeBackup/mujoco_project/outputs/_highrate_overnight/campaign_highrate_truth_v3_rne_corrected396,/mnt/hdd16T/ToqeerHomeBackup/mujoco_project/outputs/_highrate_overnight/campaign_highrate_truth_v3_rne_corrected396/runs/P024/task_34/scenario34_age63_h1p60_sex_female_w76p0_20260826_163606/fall_scenario34_age63_20260826_163606_dynamics_frames.csv,False
/mnt/hdd16T/ToqeerHomeBackup/mujoco_project/outputs/_highrate_overnight/campaign_highrate_truth_v3_rne_corrected396/runs/P024/task_37/scenario37_age63_h1p60_sex_female_w76p0_20260826_163841/fall_scenario37_age63_20260826_163841_highrate_truth.csv,True,/mnt/hdd16T/ToqeerHomeBackup/mujoco_project/outputs/_highrate_overnight/campaign_highrate_truth_v3_rne_corrected396,/mnt/hdd16T/ToqeerHomeBackup/mujoco_project/outputs/_highrate_overnight/campaign_highrate_truth_v3_rne_corrected396/runs/P024/task_37/scenario37_age63_h1p60_sex_female_w76p0_20260826_163841/fall_scenario37_age63_20260826_163841_dynamics_frames.csv,False
/mnt/hdd16T/ToqeerHomeBackup/mujoco_project/outputs/_highrate_overnight/campaign_highrate_truth_v3_rne_corrected396/runs/P024/task_38/scenario38_age63_h1p60_sex_female_w76p0_20260826_164116/fall_scenario38_age63_20260826_164116_highrate_truth.csv,True,/mnt/hdd16T/ToqeerHomeBackup/mujoco_project/outputs/_highrate_overnight/campaign_highrate_truth_v3_rne_corrected396,/mnt/hdd16T/ToqeerHomeBackup/mujoco_project/outputs/_highrate_overnight/campaign_highrate_truth_v3_rne_corrected396/runs/P024/task_38/scenario38_age63_h1p60_sex_female_w76p0_20260826_164116/fall_scenario38_age63_20260826_164116_dynamics_frames.csv,False
/mnt/hdd16T/ToqeerHomeBackup/mujoco_project/outputs/_highrate_overnight/campaign_highrate_truth_v3_rne_corrected396/runs/P024/task_39/scenario39_age63_h1p60_sex_female_w76p0_20260826_164350/fall_scenario39_age63_20260826_164350_highrate_truth.csv,True,/mnt/hdd16T/ToqeerHomeBackup/mujoco_project/outputs/_highrate_overnight/campaign_highrate_truth_v3_rne_corrected396,/mnt/hdd16T/ToqeerHomeBackup/mujoco_project/outputs/_highrate_overnight/campaign_highrate_truth_v3_rne_corrected396/runs/P024/task_39/scenario39_age63_h1p60_sex_female_w76p0_20260826_164350/fall_scenario39_age63_20260826_164350_dynamics_frames.csv,False
/mnt/hdd16T/ToqeerHomeBackup/mujoco_project/outputs/_highrate_overnight/campaign_highrate_truth_v3_rne_corrected396/runs/P024/task_40/scenario40_age63_h1p60_sex_female_w76p0_20260826_164427/fall_scenario40_age63_20260826_164427_highrate_truth.csv,True,/mnt/hdd16T/ToqeerHomeBackup/mujoco_project/outputs/_highrate_overnight/campaign_highrate_truth_v3_rne_corrected396,/mnt/hdd16T/ToqeerHomeBackup/mujoco_project/outputs/_highrate_overnight/campaign_highrate_truth_v3_rne_corrected396/runs/P024/task_40/scenario40_age63_h1p60_sex_female_w76p0_20260826_164427/fall_scenario40_age63_20260826_164427_dynamics_frames.csv,False
/mnt/hdd16T/ToqeerHomeBackup/mujoco_project/outputs/_highrate_overnight/campaign_highrate_truth_v3_rne_corrected396/runs/P024/task_41/scenario41_age63_h1p60_sex_female_w76p0_20260826_164504/fall_scenario41_age63_20260826_164504_highrate_truth.csv,True,/mnt/hdd16T/ToqeerHomeBackup/mujoco_project/outputs/_highrate_overnight/campaign_highrate_truth_v3_rne_corrected396,/mnt/hdd16T/ToqeerHomeBackup/mujoco_project/outputs/_highrate_overnight/campaign_highrate_truth_v3_rne_corrected396/runs/P024/task_41/scenario41_age63_h1p60_sex_female_w76p0_20260826_164504/fall_scenario41_age63_20260826_164504_dynamics_frames.csv,False
/mnt/hdd16T/ToqeerHomeBackup/mujoco_project/outputs/_highrate_overnight/campaign_highrate_truth_v3_rne_corrected396/runs/P024/task_42/scenario42_age63_h1p60_sex_female_w76p0_20260826_164541/fall_scenario42_age63_20260826_164541_highrate_truth.csv,True,/mnt/hdd16T/ToqeerHomeBackup/mujoco_project/outputs/_highrate_overnight/campaign_highrate_truth_v3_rne_corrected396,/mnt/hdd16T/ToqeerHomeBackup/mujoco_project/outputs/_highrate_overnight/campaign_highrate_truth_v3_rne_corrected396/runs/P024/task_42/scenario42_age63_h1p60_sex_female_w76p0_20260826_164541/fall_scenario42_age63_20260826_164541_dynamics_frames.csv,False
/mnt/hdd16T/ToqeerHomeBackup/mujoco_project/outputs/_highrate_overnight/campaign_highrate_truth_v3_rne_corrected396/runs/P025/task_20/scenario20_age67_h1p74_sex_female_w70p0_20260826_164619/fall_scenario20_age67_20260826_164619_highrate_truth.csv,True,/mnt/hdd16T/ToqeerHomeBackup/mujoco_project/outputs/_highrate_overnight/campaign_highrate_truth_v3_rne_corrected396,/mnt/hdd16T/ToqeerHomeBackup/mujoco_project/outputs/_highrate_overnight/campaign_highrate_truth_v3_rne_corrected396/runs/P025/task_20/scenario20_age67_h1p74_sex_female_w70p0_20260826_164619/fall_scenario20_age67_20260826_164619_dynamics_frames.csv,False
/mnt/hdd16T/ToqeerHomeBackup/mujoco_project/outputs/_highrate_overnight/campaign_highrate_truth_v3_rne_corrected396/runs/P025/task_21/scenario21_age67_h1p74_sex_female_w70p0_20260826_164724/fall_scenario21_age67_20260826_164724_highrate_truth.csv,True,/mnt/hdd16T/ToqeerHomeBackup/mujoco_project/outputs/_highrate_overnight/campaign_highrate_truth_v3_rne_corrected396,/mnt/hdd16T/ToqeerHomeBackup/mujoco_project/outputs/_highrate_overnight/campaign_highrate_truth_v3_rne_corrected396/runs/P025/task_21/scenario21_age67_h1p74_sex_female_w70p0_20260826_164724/fall_scenario21_age67_20260826_164724_dynamics_frames.csv,False
/mnt/hdd16T/ToqeerHomeBackup/mujoco_project/outputs/_highrate_overnight/campaign_highrate_truth_v3_rne_corrected396/runs/P025/task_22/scenario22_age67_h1p74_sex_female_w70p0_20260826_164800/fall_scenario22_age67_20260826_164800_highrate_truth.csv,True,/mnt/hdd16T/ToqeerHomeBackup/mujoco_project/outputs/_highrate_overnight/campaign_highrate_truth_v3_rne_corrected396,/mnt/hdd16T/ToqeerHomeBackup/mujoco_project/outputs/_highrate_overnight/campaign_highrate_truth_v3_rne_corrected396/runs/P025/task_22/scenario22_age67_h1p74_sex_female_w70p0_20260826_164800/fall_scenario22_age67_20260826_164800_dynamics_frames.csv,False
/mnt/hdd16T/ToqeerHomeBackup/mujoco_project/outputs/_highrate_overnight/campaign_highrate_truth_v3_rne_corrected396/runs/P025/task_23/scenario23_age67_h1p74_sex_female_w70p0_20260826_164836/fall_scenario23_age67_20260826_164836_highrate_truth.csv,True,/mnt/hdd16T/ToqeerHomeBackup/mujoco_project/outputs/_highrate_overnight/campaign_highrate_truth_v3_rne_corrected396,/mnt/hdd16T/ToqeerHomeBackup/mujoco_project/outputs/_highrate_overnight/campaign_highrate_truth_v3_rne_corrected396/runs/P025/task_23/scenario23_age67_h1p74_sex_female_w70p0_20260826_164836/fall_scenario23_age67_20260826_164836_dynamics_frames.csv,False
/mnt/hdd16T/ToqeerHomeBackup/mujoco_project/outputs/_highrate_overnight/campaign_highrate_truth_v3_rne_corrected396/runs/P025/task_24/scenario24_age67_h1p74_sex_female_w70p0_20260826_164941/fall_scenario24_age67_20260826_164941_highrate_truth.csv,True,/mnt/hdd16T/ToqeerHomeBackup/mujoco_project/outputs/_highrate_overnight/campaign_highrate_truth_v3_rne_corrected396,/mnt/hdd16T/ToqeerHomeBackup/mujoco_project/outputs/_highrate_overnight/campaign_highrate_truth_v3_rne_corrected396/runs/P025/task_24/scenario24_age67_h1p74_sex_female_w70p0_20260826_164941/fall_scenario24_age67_20260826_164941_dynamics_frames.csv,False
/mnt/hdd16T/ToqeerHomeBackup/mujoco_project/outputs/_highrate_overnight/campaign_highrate_truth_v3_rne_corrected396/runs/P025/task_28/scenario28_age67_h1p74_sex_female_w70p0_20260826_165017/fall_scenario28_age67_20260826_165017_highrate_truth.csv,True,/mnt/hdd16T/ToqeerHomeBackup/mujoco_project/outputs/_highrate_overnight/campaign_highrate_truth_v3_rne_corrected396,/mnt/hdd16T/ToqeerHomeBackup/mujoco_project/outputs/_highrate_overnight/campaign_highrate_truth_v3_rne_corrected396/runs/P025/task_28/scenario28_age67_h1p74_sex_female_w70p0_20260826_165017/fall_scenario28_age67_20260826_165017_dynamics_frames.csv,False
/mnt/hdd16T/ToqeerHomeBackup/mujoco_project/outputs/_highrate_overnight/campaign_highrate_truth_v3_rne_corrected396/runs/P025/task_29/scenario29_age67_h1p74_sex_female_w70p0_20260826_165253/fall_scenario29_age67_20260826_165253_highrate_truth.csv,True,/mnt/hdd16T/ToqeerHomeBackup/mujoco_project/outputs/_highrate_overnight/campaign_highrate_truth_v3_rne_corrected396,/mnt/hdd16T/ToqeerHomeBackup/mujoco_project/outputs/_highrate_overnight/campaign_highrate_truth_v3_rne_corrected396/runs/P025/task_29/scenario29_age67_h1p74_sex_female_w70p0_20260826_165253/fall_scenario29_age67_20260826_165253_dynamics_frames.csv,False
/mnt/hdd16T/ToqeerHomeBackup/mujoco_project/outputs/_highrate_overnight/campaign_highrate_truth_v3_rne_corrected396/runs/P025/task_30/scenario30_age67_h1p74_sex_female_w70p0_20260826_165528/fall_scenario30_age67_20260826_165528_highrate_truth.csv,True,/mnt/hdd16T/ToqeerHomeBackup/mujoco_project/outputs/_highrate_overnight/campaign_highrate_truth_v3_rne_corrected396,/mnt/hdd16T/ToqeerHomeBackup/mujoco_project/outputs/_highrate_overnight/campaign_highrate_truth_v3_rne_corrected396/runs/P025/task_30/scenario30_age67_h1p74_sex_female_w70p0_20260826_165528/fall_scenario30_age67_20260826_165528_dynamics_frames.csv,False
/mnt/hdd16T/ToqeerHomeBackup/mujoco_project/outputs/_highrate_overnight/campaign_highrate_truth_v3_rne_corrected396/runs/P025/task_31/scenario31_age67_h1p74_sex_female_w70p0_20260826_165802/fall_scenario31_age67_20260826_165802_highrate_truth.csv,True,/mnt/hdd16T/ToqeerHomeBackup/mujoco_project/outputs/_highrate_overnight/campaign_highrate_truth_v3_rne_corrected396,/mnt/hdd16T/ToqeerHomeBackup/mujoco_project/outputs/_highrate_overnight/campaign_highrate_truth_v3_rne_corrected396/runs/P025/task_31/scenario31_age67_h1p74_sex_female_w70p0_20260826_165802/fall_scenario31_age67_20260826_165802_dynamics_frames.csv,False
/mnt/hdd16T/ToqeerHomeBackup/mujoco_project/outputs/_highrate_overnight/campaign_highrate_truth_v3_rne_corrected396/runs/P025/task_32/scenario32_age67_h1p74_sex_female_w70p0_20260826_170038/fall_scenario32_age67_20260826_170038_highrate_truth.csv,True,/mnt/hdd16T/ToqeerHomeBackup/mujoco_project/outputs/_highrate_overnight/campaign_highrate_truth_v3_rne_corrected396,/mnt/hdd16T/ToqeerHomeBackup/mujoco_project/outputs/_highrate_overnight/campaign_highrate_truth_v3_rne_corrected396/runs/P025/task_32/scenario32_age67_h1p74_sex_female_w70p0_20260826_170038/fall_scenario32_age67_20260826_170038_dynamics_frames.csv,False
/mnt/hdd16T/ToqeerHomeBackup/mujoco_project/outputs/_highrate_overnight/campaign_highrate_truth_v3_rne_corrected396/runs/P025/task_33/scenario33_age67_h1p74_sex_female_w70p0_20260826_170313/fall_scenario33_age67_20260826_170313_highrate_truth.csv,True,/mnt/hdd16T/ToqeerHomeBackup/mujoco_project/outputs/_highrate_overnight/campaign_highrate_truth_v3_rne_corrected396,/mnt/hdd16T/ToqeerHomeBackup/mujoco_project/outputs/_highrate_overnight/campaign_highrate_truth_v3_rne_corrected396/runs/P025/task_33/scenario33_age67_h1p74_sex_female_w70p0_20260826_170313/fall_scenario33_age67_20260826_170313_dynamics_frames.csv,False
/mnt/hdd16T/ToqeerHomeBackup/mujoco_project/outputs/_highrate_overnight/campaign_highrate_truth_v3_rne_corrected396/runs/P025/task_34/scenario34_age67_h1p74_sex_female_w70p0_20260826_170548/fall_scenario34_age67_20260826_170548_highrate_truth.csv,True,/mnt/hdd16T/ToqeerHomeBackup/mujoco_project/outputs/_highrate_overnight/campaign_highrate_truth_v3_rne_corrected396,/mnt/hdd16T/ToqeerHomeBackup/mujoco_project/outputs/_highrate_overnight/campaign_highrate_truth_v3_rne_corrected396/runs/P025/task_34/scenario34_age67_h1p74_sex_female_w70p0_20260826_170548/fall_scenario34_age67_20260826_170548_dynamics_frames.csv,False
/mnt/hdd16T/ToqeerHomeBackup/mujoco_project/outputs/_highrate_overnight/campaign_highrate_truth_v3_rne_corrected396/runs/P025/task_37/scenario37_age67_h1p74_sex_female_w70p0_20260826_170824/fall_scenario37_age67_20260826_170824_highrate_truth.csv,True,/mnt/hdd16T/ToqeerHomeBackup/mujoco_project/outputs/_highrate_overnight/campaign_highrate_truth_v3_rne_corrected396,/mnt/hdd16T/ToqeerHomeBackup/mujoco_project/outputs/_highrate_overnight/campaign_highrate_truth_v3_rne_corrected396/runs/P025/task_37/scenario37_age67_h1p74_sex_female_w70p0_20260826_170824/fall_scenario37_age67_20260826_170824_dynamics_frames.csv,False
/mnt/hdd16T/ToqeerHomeBackup/mujoco_project/outputs/_highrate_overnight/campaign_highrate_truth_v3_rne_corrected396/runs/P025/task_38/scenario38_age67_h1p74_sex_female_w70p0_20260826_171059/fall_scenario38_age67_20260826_171059_highrate_truth.csv,True,/mnt/hdd16T/ToqeerHomeBackup/mujoco_project/outputs/_highrate_overnight/campaign_highrate_truth_v3_rne_corrected396,/mnt/hdd16T/ToqeerHomeBackup/mujoco_project/outputs/_highrate_overnight/campaign_highrate_truth_v3_rne_corrected396/runs/P025/task_38/scenario38_age67_h1p74_sex_female_w70p0_20260826_171059/fall_scenario38_age67_20260826_171059_dynamics_frames.csv,False
/mnt/hdd16T/ToqeerHomeBackup/mujoco_project/outputs/_highrate_overnight/campaign_highrate_truth_v3_rne_corrected396/runs/P025/task_39/scenario39_age67_h1p74_sex_female_w70p0_20260826_171334/fall_scenario39_age67_20260826_171334_highrate_truth.csv,True,/mnt/hdd16T/ToqeerHomeBackup/mujoco_project/outputs/_highrate_overnight/campaign_highrate_truth_v3_rne_corrected396,/mnt/hdd16T/ToqeerHomeBackup/mujoco_project/outputs/_highrate_overnight/campaign_highrate_truth_v3_rne_corrected396/runs/P025/task_39/scenario39_age67_h1p74_sex_female_w70p0_20260826_171334/fall_scenario39_age67_20260826_171334_dynamics_frames.csv,False
/mnt/hdd16T/ToqeerHomeBackup/mujoco_project/outputs/_highrate_overnight/campaign_highrate_truth_v3_rne_corrected396/runs/P025/task_40/scenario40_age67_h1p74_sex_female_w70p0_20260826_171410/fall_scenario40_age67_20260826_171410_highrate_truth.csv,True,/mnt/hdd16T/ToqeerHomeBackup/mujoco_project/outputs/_highrate_overnight/campaign_highrate_truth_v3_rne_corrected396,/mnt/hdd16T/ToqeerHomeBackup/mujoco_project/outputs/_highrate_overnight/campaign_highrate_truth_v3_rne_corrected396/runs/P025/task_40/scenario40_age67_h1p74_sex_female_w70p0_20260826_171410/fall_scenario40_age67_20260826_171410_dynamics_frames.csv,False
/mnt/hdd16T/ToqeerHomeBackup/mujoco_project/outputs/_highrate_overnight/campaign_highrate_truth_v3_rne_corrected396/runs/P025/task_41/scenario41_age67_h1p74_sex_female_w70p0_20260826_171447/fall_scenario41_age67_20260826_171447_highrate_truth.csv,True,/mnt/hdd16T/ToqeerHomeBackup/mujoco_project/outputs/_highrate_overnight/campaign_highrate_truth_v3_rne_corrected396,/mnt/hdd16T/ToqeerHomeBackup/mujoco_project/outputs/_highrate_overnight/campaign_highrate_truth_v3_rne_corrected396/runs/P025/task_41/scenario41_age67_h1p74_sex_female_w70p0_20260826_171447/fall_scenario41_age67_20260826_171447_dynamics_frames.csv,False
/mnt/hdd16T/ToqeerHomeBackup/mujoco_project/outputs/_highrate_overnight/campaign_highrate_truth_v3_rne_corrected396/runs/P025/task_42/scenario42_age67_h1p74_sex_female_w70p0_20260826_171524/fall_scenario42_age67_20260826_171524_highrate_truth.csv,True,/mnt/hdd16T/ToqeerHomeBackup/mujoco_project/outputs/_highrate_overnight/campaign_highrate_truth_v3_rne_corrected396,/mnt/hdd16T/ToqeerHomeBackup/mujoco_project/outputs/_highrate_overnight/campaign_highrate_truth_v3_rne_corrected396/runs/P025/task_42/scenario42_age67_h1p74_sex_female_w70p0_20260826_171524/fall_scenario42_age67_20260826_171524_dynamics_frames.csv,False
/mnt/hdd16T/ToqeerHomeBackup/mujoco_project/outputs/_highrate_overnight/campaign_highrate_truth_v3_rne_corrected396/runs/P026/task_20/scenario20_age69_h1p84_sex_male_w90p0_20260826_171602/fall_scenario20_age69_20260826_171602_highrate_truth.csv,True,/mnt/hdd16T/ToqeerHomeBackup/mujoco_project/outputs/_highrate_overnight/campaign_highrate_truth_v3_rne_corrected396,/mnt/hdd16T/ToqeerHomeBackup/mujoco_project/outputs/_highrate_overnight/campaign_highrate_truth_v3_rne_corrected396/runs/P026/task_20/scenario20_age69_h1p84_sex_male_w90p0_20260826_171602/fall_scenario20_age69_20260826_171602_dynamics_frames.csv,False
/mnt/hdd16T/ToqeerHomeBackup/mujoco_project/outputs/_highrate_overnight/campaign_highrate_truth_v3_rne_corrected396/runs/P026/task_21/scenario21_age69_h1p84_sex_male_w90p0_20260826_171706/fall_scenario21_age69_20260826_171706_highrate_truth.csv,True,/mnt/hdd16T/ToqeerHomeBackup/mujoco_project/outputs/_highrate_overnight/campaign_highrate_truth_v3_rne_corrected396,/mnt/hdd16T/ToqeerHomeBackup/mujoco_project/outputs/_highrate_overnight/campaign_highrate_truth_v3_rne_corrected396/runs/P026/task_21/scenario21_age69_h1p84_sex_male_w90p0_20260826_171706/fall_scenario21_age69_20260826_171706_dynamics_frames.csv,False
/mnt/hdd16T/ToqeerHomeBackup/mujoco_project/outputs/_highrate_overnight/campaign_highrate_truth_v3_rne_corrected396/runs/P026/task_22/scenario22_age69_h1p84_sex_male_w90p0_20260826_171743/fall_scenario22_age69_20260826_171743_highrate_truth.csv,True,/mnt/hdd16T/ToqeerHomeBackup/mujoco_project/outputs/_highrate_overnight/campaign_highrate_truth_v3_rne_corrected396,/mnt/hdd16T/ToqeerHomeBackup/mujoco_project/outputs/_highrate_overnight/campaign_highrate_truth_v3_rne_corrected396/runs/P026/task_22/scenario22_age69_h1p84_sex_male_w90p0_20260826_171743/fall_scenario22_age69_20260826_171743_dynamics_frames.csv,False
/mnt/hdd16T/ToqeerHomeBackup/mujoco_project/outputs/_highrate_overnight/campaign_highrate_truth_v3_rne_corrected396/runs/P026/task_23/scenario23_age69_h1p84_sex_male_w90p0_20260826_171820/fall_scenario23_age69_20260826_171820_highrate_truth.csv,True,/mnt/hdd16T/ToqeerHomeBackup/mujoco_project/outputs/_highrate_overnight/campaign_highrate_truth_v3_rne_corrected396,/mnt/hdd16T/ToqeerHomeBackup/mujoco_project/outputs/_highrate_overnight/campaign_highrate_truth_v3_rne_corrected396/runs/P026/task_23/scenario23_age69_h1p84_sex_male_w90p0_20260826_171820/fall_scenario23_age69_20260826_171820_dynamics_frames.csv,False
/mnt/hdd16T/ToqeerHomeBackup/mujoco_project/outputs/_highrate_overnight/campaign_highrate_truth_v3_rne_corrected396/runs/P026/task_24/scenario24_age69_h1p84_sex_male_w90p0_20260826_171924/fall_scenario24_age69_20260826_171924_highrate_truth.csv,True,/mnt/hdd16T/ToqeerHomeBackup/mujoco_project/outputs/_highrate_overnight/campaign_highrate_truth_v3_rne_corrected396,/mnt/hdd16T/ToqeerHomeBackup/mujoco_project/outputs/_highrate_overnight/campaign_highrate_truth_v3_rne_corrected396/runs/P026/task_24/scenario24_age69_h1p84_sex_male_w90p0_20260826_171924/fall_scenario24_age69_20260826_171924_dynamics_frames.csv,False
/mnt/hdd16T/ToqeerHomeBackup/mujoco_project/outputs/_highrate_overnight/campaign_highrate_truth_v3_rne_corrected396/runs/P026/task_28/scenario28_age69_h1p84_sex_male_w90p0_20260826_172001/fall_scenario28_age69_20260826_172001_highrate_truth.csv,True,/mnt/hdd16T/ToqeerHomeBackup/mujoco_project/outputs/_highrate_overnight/campaign_highrate_truth_v3_rne_corrected396,/mnt/hdd16T/ToqeerHomeBackup/mujoco_project/outputs/_highrate_overnight/campaign_highrate_truth_v3_rne_corrected396/runs/P026/task_28/scenario28_age69_h1p84_sex_male_w90p0_20260826_172001/fall_scenario28_age69_20260826_172001_dynamics_frames.csv,False
/mnt/hdd16T/ToqeerHomeBackup/mujoco_project/outputs/_highrate_overnight/campaign_highrate_truth_v3_rne_corrected396/runs/P026/task_29/scenario29_age69_h1p84_sex_male_w90p0_20260826_172237/fall_scenario29_age69_20260826_172237_highrate_truth.csv,True,/mnt/hdd16T/ToqeerHomeBackup/mujoco_project/outputs/_highrate_overnight/campaign_highrate_truth_v3_rne_corrected396,/mnt/hdd16T/ToqeerHomeBackup/mujoco_project/outputs/_highrate_overnight/campaign_highrate_truth_v3_rne_corrected396/runs/P026/task_29/scenario29_age69_h1p84_sex_male_w90p0_20260826_172237/fall_scenario29_age69_20260826_172237_dynamics_frames.csv,False
/mnt/hdd16T/ToqeerHomeBackup/mujoco_project/outputs/_highrate_overnight/campaign_highrate_truth_v3_rne_corrected396/runs/P026/task_30/scenario30_age69_h1p84_sex_male_w90p0_20260826_172512/fall_scenario30_age69_20260826_172512_highrate_truth.csv,True,/mnt/hdd16T/ToqeerHomeBackup/mujoco_project/outputs/_highrate_overnight/campaign_highrate_truth_v3_rne_corrected396,/mnt/hdd16T/ToqeerHomeBackup/mujoco_project/outputs/_highrate_overnight/campaign_highrate_truth_v3_rne_corrected396/runs/P026/task_30/scenario30_age69_h1p84_sex_male_w90p0_20260826_172512/fall_scenario30_age69_20260826_172512_dynamics_frames.csv,False
/mnt/hdd16T/ToqeerHomeBackup/mujoco_project/outputs/_highrate_overnight/campaign_highrate_truth_v3_rne_corrected396/runs/P026/task_31/scenario31_age69_h1p84_sex_male_w90p0_20260826_172748/fall_scenario31_age69_20260826_172748_highrate_truth.csv,True,/mnt/hdd16T/ToqeerHomeBackup/mujoco_project/outputs/_highrate_overnight/campaign_highrate_truth_v3_rne_corrected396,/mnt/hdd16T/ToqeerHomeBackup/mujoco_project/outputs/_highrate_overnight/campaign_highrate_truth_v3_rne_corrected396/runs/P026/task_31/scenario31_age69_h1p84_sex_male_w90p0_20260826_172748/fall_scenario31_age69_20260826_172748_dynamics_frames.csv,False
/mnt/hdd16T/ToqeerHomeBackup/mujoco_project/outputs/_highrate_overnight/campaign_highrate_truth_v3_rne_corrected396/runs/P026/task_32/scenario32_age69_h1p84_sex_male_w90p0_20260826_173025/fall_scenario32_age69_20260826_173025_highrate_truth.csv,True,/mnt/hdd16T/ToqeerHomeBackup/mujoco_project/outputs/_highrate_overnight/campaign_highrate_truth_v3_rne_corrected396,/mnt/hdd16T/ToqeerHomeBackup/mujoco_project/outputs/_highrate_overnight/campaign_highrate_truth_v3_rne_corrected396/runs/P026/task_32/scenario32_age69_h1p84_sex_male_w90p0_20260826_173025/fall_scenario32_age69_20260826_173025_dynamics_frames.csv,False
/mnt/hdd16T/ToqeerHomeBackup/mujoco_project/outputs/_highrate_overnight/campaign_highrate_truth_v3_rne_corrected396/runs/P026/task_33/scenario33_age69_h1p84_sex_male_w90p0_20260826_173301/fall_scenario33_age69_20260826_173301_highrate_truth.csv,True,/mnt/hdd16T/ToqeerHomeBackup/mujoco_project/outputs/_highrate_overnight/campaign_highrate_truth_v3_rne_corrected396,/mnt/hdd16T/ToqeerHomeBackup/mujoco_project/outputs/_highrate_overnight/campaign_highrate_truth_v3_rne_corrected396/runs/P026/task_33/scenario33_age69_h1p84_sex_male_w90p0_20260826_173301/fall_scenario33_age69_20260826_173301_dynamics_frames.csv,False
/mnt/hdd16T/ToqeerHomeBackup/mujoco_project/outputs/_highrate_overnight/campaign_highrate_truth_v3_rne_corrected396/runs/P026/task_34/scenario34_age69_h1p84_sex_male_w90p0_20260826_173537/fall_scenario34_age69_20260826_173537_highrate_truth.csv,True,/mnt/hdd16T/ToqeerHomeBackup/mujoco_project/outputs/_highrate_overnight/campaign_highrate_truth_v3_rne_corrected396,/mnt/hdd16T/ToqeerHomeBackup/mujoco_project/outputs/_highrate_overnight/campaign_highrate_truth_v3_rne_corrected396/runs/P026/task_34/scenario34_age69_h1p84_sex_male_w90p0_20260826_173537/fall_scenario34_age69_20260826_173537_dynamics_frames.csv,False
/mnt/hdd16T/ToqeerHomeBackup/mujoco_project/outputs/_highrate_overnight/campaign_highrate_truth_v3_rne_corrected396/runs/P026/task_37/scenario37_age69_h1p84_sex_male_w90p0_20260826_173812/fall_scenario37_age69_20260826_173812_highrate_truth.csv,True,/mnt/hdd16T/ToqeerHomeBackup/mujoco_project/outputs/_highrate_overnight/campaign_highrate_truth_v3_rne_corrected396,/mnt/hdd16T/ToqeerHomeBackup/mujoco_project/outputs/_highrate_overnight/campaign_highrate_truth_v3_rne_corrected396/runs/P026/task_37/scenario37_age69_h1p84_sex_male_w90p0_20260826_173812/fall_scenario37_age69_20260826_173812_dynamics_frames.csv,False
/mnt/hdd16T/ToqeerHomeBackup/mujoco_project/outputs/_highrate_overnight/campaign_highrate_truth_v3_rne_corrected396/runs/P026/task_38/scenario38_age69_h1p84_sex_male_w90p0_20260826_174047/fall_scenario38_age69_20260826_174047_highrate_truth.csv,True,/mnt/hdd16T/ToqeerHomeBackup/mujoco_project/outputs/_highrate_overnight/campaign_highrate_truth_v3_rne_corrected396,/mnt/hdd16T/ToqeerHomeBackup/mujoco_project/outputs/_highrate_overnight/campaign_highrate_truth_v3_rne_corrected396/runs/P026/task_38/scenario38_age69_h1p84_sex_male_w90p0_20260826_174047/fall_scenario38_age69_20260826_174047_dynamics_frames.csv,False
/mnt/hdd16T/ToqeerHomeBackup/mujoco_project/outputs/_highrate_overnight/campaign_highrate_truth_v3_rne_corrected396/runs/P026/task_39/scenario39_age69_h1p84_sex_male_w90p0_20260826_174323/fall_scenario39_age69_20260826_174323_highrate_truth.csv,True,/mnt/hdd16T/ToqeerHomeBackup/mujoco_project/outputs/_highrate_overnight/campaign_highrate_truth_v3_rne_corrected396,/mnt/hdd16T/ToqeerHomeBackup/mujoco_project/outputs/_highrate_overnight/campaign_highrate_truth_v3_rne_corrected396/runs/P026/task_39/scenario39_age69_h1p84_sex_male_w90p0_20260826_174323/fall_scenario39_age69_20260826_174323_dynamics_frames.csv,False
/mnt/hdd16T/ToqeerHomeBackup/mujoco_project/outputs/_highrate_overnight/campaign_highrate_truth_v3_rne_corrected396/runs/P026/task_40/scenario40_age69_h1p84_sex_male_w90p0_20260826_174359/fall_scenario40_age69_20260826_174359_highrate_truth.csv,True,/mnt/hdd16T/ToqeerHomeBackup/mujoco_project/outputs/_highrate_overnight/campaign_highrate_truth_v3_rne_corrected396,/mnt/hdd16T/ToqeerHomeBackup/mujoco_project/outputs/_highrate_overnight/campaign_highrate_truth_v3_rne_corrected396/runs/P026/task_40/scenario40_age69_h1p84_sex_male_w90p0_20260826_174359/fall_scenario40_age69_20260826_174359_dynamics_frames.csv,False
/mnt/hdd16T/ToqeerHomeBackup/mujoco_project/outputs/_highrate_overnight/campaign_highrate_truth_v3_rne_corrected396/runs/P026/task_41/scenario41_age69_h1p84_sex_male_w90p0_20260826_174436/fall_scenario41_age69_20260826_174436_highrate_truth.csv,True,/mnt/hdd16T/ToqeerHomeBackup/mujoco_project/outputs/_highrate_overnight/campaign_highrate_truth_v3_rne_corrected396,/mnt/hdd16T/ToqeerHomeBackup/mujoco_project/outputs/_highrate_overnight/campaign_highrate_truth_v3_rne_corrected396/runs/P026/task_41/scenario41_age69_h1p84_sex_male_w90p0_20260826_174436/fall_scenario41_age69_20260826_174436_dynamics_frames.csv,False
/mnt/hdd16T/ToqeerHomeBackup/mujoco_project/outputs/_highrate_overnight/campaign_highrate_truth_v3_rne_corrected396/runs/P026/task_42/scenario42_age69_h1p84_sex_male_w90p0_20260826_174514/fall_scenario42_age69_20260826_174514_highrate_truth.csv,True,/mnt/hdd16T/ToqeerHomeBackup/mujoco_project/outputs/_highrate_overnight/campaign_highrate_truth_v3_rne_corrected396,/mnt/hdd16T/ToqeerHomeBackup/mujoco_project/outputs/_highrate_overnight/campaign_highrate_truth_v3_rne_corrected396/runs/P026/task_42/scenario42_age69_h1p84_sex_male_w90p0_20260826_174514/fall_scenario42_age69_20260826_174514_dynamics_frames.csv,False
/mnt/hdd16T/ToqeerHomeBackup/mujoco_project/outputs/_highrate_overnight/campaign_highrate_truth_v3_rne_corrected396/runs/P027/task_20/scenario20_age70_h1p50_sex_female_w58p0_20260826_174552/fall_scenario20_age70_20260826_174552_highrate_truth.csv,True,/mnt/hdd16T/ToqeerHomeBackup/mujoco_project/outputs/_highrate_overnight/campaign_highrate_truth_v3_rne_corrected396,/mnt/hdd16T/ToqeerHomeBackup/mujoco_project/outputs/_highrate_overnight/campaign_highrate_truth_v3_rne_corrected396/runs/P027/task_20/scenario20_age70_h1p50_sex_female_w58p0_20260826_174552/fall_scenario20_age70_20260826_174552_dynamics_frames.csv,False
/mnt/hdd16T/ToqeerHomeBackup/mujoco_project/outputs/_highrate_overnight/campaign_highrate_truth_v3_rne_corrected396/runs/P027/task_21/scenario21_age70_h1p50_sex_female_w58p0_20260826_174656/fall_scenario21_age70_20260826_174656_highrate_truth.csv,True,/mnt/hdd16T/ToqeerHomeBackup/mujoco_project/outputs/_highrate_overnight/campaign_highrate_truth_v3_rne_corrected396,/mnt/hdd16T/ToqeerHomeBackup/mujoco_project/outputs/_highrate_overnight/campaign_highrate_truth_v3_rne_corrected396/runs/P027/task_21/scenario21_age70_h1p50_sex_female_w58p0_20260826_174656/fall_scenario21_age70_20260826_174656_dynamics_frames.csv,False
/mnt/hdd16T/ToqeerHomeBackup/mujoco_project/outputs/_highrate_overnight/campaign_highrate_truth_v3_rne_corrected396/runs/P027/task_22/scenario22_age70_h1p50_sex_female_w58p0_20260826_174733/fall_scenario22_age70_20260826_174733_highrate_truth.csv,True,/mnt/hdd16T/ToqeerHomeBackup/mujoco_project/outputs/_highrate_overnight/campaign_highrate_truth_v3_rne_corrected396,/mnt/hdd16T/ToqeerHomeBackup/mujoco_project/outputs/_highrate_overnight/campaign_highrate_truth_v3_rne_corrected396/runs/P027/task_22/scenario22_age70_h1p50_sex_female_w58p0_20260826_174733/fall_scenario22_age70_20260826_174733_dynamics_frames.csv,False
/mnt/hdd16T/ToqeerHomeBackup/mujoco_project/outputs/_highrate_overnight/campaign_highrate_truth_v3_rne_corrected396/runs/P027/task_23/scenario23_age70_h1p50_sex_female_w58p0_20260826_174809/fall_scenario23_age70_20260826_174809_highrate_truth.csv,True,/mnt/hdd16T/ToqeerHomeBackup/mujoco_project/outputs/_highrate_overnight/campaign_highrate_truth_v3_rne_corrected396,/mnt/hdd16T/ToqeerHomeBackup/mujoco_project/outputs/_highrate_overnight/campaign_highrate_truth_v3_rne_corrected396/runs/P027/task_23/scenario23_age70_h1p50_sex_female_w58p0_20260826_174809/fall_scenario23_age70_20260826_174809_dynamics_frames.csv,False
/mnt/hdd16T/ToqeerHomeBackup/mujoco_project/outputs/_highrate_overnight/campaign_highrate_truth_v3_rne_corrected396/runs/P027/task_24/scenario24_age70_h1p50_sex_female_w58p0_20260826_174912/fall_scenario24_age70_20260826_174912_highrate_truth.csv,True,/mnt/hdd16T/ToqeerHomeBackup/mujoco_project/outputs/_highrate_overnight/campaign_highrate_truth_v3_rne_corrected396,/mnt/hdd16T/ToqeerHomeBackup/mujoco_project/outputs/_highrate_overnight/campaign_highrate_truth_v3_rne_corrected396/runs/P027/task_24/scenario24_age70_h1p50_sex_female_w58p0_20260826_174912/fall_scenario24_age70_20260826_174912_dynamics_frames.csv,False
/mnt/hdd16T/ToqeerHomeBackup/mujoco_project/outputs/_highrate_overnight/campaign_highrate_truth_v3_rne_corrected396/runs/P027/task_28/scenario28_age70_h1p50_sex_female_w58p0_20260826_174948/fall_scenario28_age70_20260826_174948_highrate_truth.csv,True,/mnt/hdd16T/ToqeerHomeBackup/mujoco_project/outputs/_highrate_overnight/campaign_highrate_truth_v3_rne_corrected396,/mnt/hdd16T/ToqeerHomeBackup/mujoco_project/outputs/_highrate_overnight/campaign_highrate_truth_v3_rne_corrected396/runs/P027/task_28/scenario28_age70_h1p50_sex_female_w58p0_20260826_174948/fall_scenario28_age70_20260826_174948_dynamics_frames.csv,False
/mnt/hdd16T/ToqeerHomeBackup/mujoco_project/outputs/_highrate_overnight/campaign_highrate_truth_v3_rne_corrected396/runs/P027/task_29/scenario29_age70_h1p50_sex_female_w58p0_20260826_175222/fall_scenario29_age70_20260826_175222_highrate_truth.csv,True,/mnt/hdd16T/ToqeerHomeBackup/mujoco_project/outputs/_highrate_overnight/campaign_highrate_truth_v3_rne_corrected396,/mnt/hdd16T/ToqeerHomeBackup/mujoco_project/outputs/_highrate_overnight/campaign_highrate_truth_v3_rne_corrected396/runs/P027/task_29/scenario29_age70_h1p50_sex_female_w58p0_20260826_175222/fall_scenario29_age70_20260826_175222_dynamics_frames.csv,False
/mnt/hdd16T/ToqeerHomeBackup/mujoco_project/outputs/_highrate_overnight/campaign_highrate_truth_v3_rne_corrected396/runs/P027/task_30/scenario30_age70_h1p50_sex_female_w58p0_20260826_175455/fall_scenario30_age70_20260826_175455_highrate_truth.csv,True,/mnt/hdd16T/ToqeerHomeBackup/mujoco_project/outputs/_highrate_overnight/campaign_highrate_truth_v3_rne_corrected396,/mnt/hdd16T/ToqeerHomeBackup/mujoco_project/outputs/_highrate_overnight/campaign_highrate_truth_v3_rne_corrected396/runs/P027/task_30/scenario30_age70_h1p50_sex_female_w58p0_20260826_175455/fall_scenario30_age70_20260826_175455_dynamics_frames.csv,False
/mnt/hdd16T/ToqeerHomeBackup/mujoco_project/outputs/_highrate_overnight/campaign_highrate_truth_v3_rne_corrected396/runs/P027/task_31/scenario31_age70_h1p50_sex_female_w58p0_20260826_175729/fall_scenario31_age70_20260826_175729_highrate_truth.csv,True,/mnt/hdd16T/ToqeerHomeBackup/mujoco_project/outputs/_highrate_overnight/campaign_highrate_truth_v3_rne_corrected396,/mnt/hdd16T/ToqeerHomeBackup/mujoco_project/outputs/_highrate_overnight/campaign_highrate_truth_v3_rne_corrected396/runs/P027/task_31/scenario31_age70_h1p50_sex_female_w58p0_20260826_175729/fall_scenario31_age70_20260826_175729_dynamics_frames.csv,False
/mnt/hdd16T/ToqeerHomeBackup/mujoco_project/outputs/_highrate_overnight/campaign_highrate_truth_v3_rne_corrected396/runs/P027/task_32/scenario32_age70_h1p50_sex_female_w58p0_20260826_180003/fall_scenario32_age70_20260826_180003_highrate_truth.csv,True,/mnt/hdd16T/ToqeerHomeBackup/mujoco_project/outputs/_highrate_overnight/campaign_highrate_truth_v3_rne_corrected396,/mnt/hdd16T/ToqeerHomeBackup/mujoco_project/outputs/_highrate_overnight/campaign_highrate_truth_v3_rne_corrected396/runs/P027/task_32/scenario32_age70_h1p50_sex_female_w58p0_20260826_180003/fall_scenario32_age70_20260826_180003_dynamics_frames.csv,False
/mnt/hdd16T/ToqeerHomeBackup/mujoco_project/outputs/_highrate_overnight/campaign_highrate_truth_v3_rne_corrected396/runs/P027/task_33/scenario33_age70_h1p50_sex_female_w58p0_20260826_180236/fall_scenario33_age70_20260826_180236_highrate_truth.csv,True,/mnt/hdd16T/ToqeerHomeBackup/mujoco_project/outputs/_highrate_overnight/campaign_highrate_truth_v3_rne_corrected396,/mnt/hdd16T/ToqeerHomeBackup/mujoco_project/outputs/_highrate_overnight/campaign_highrate_truth_v3_rne_corrected396/runs/P027/task_33/scenario33_age70_h1p50_sex_female_w58p0_20260826_180236/fall_scenario33_age70_20260826_180236_dynamics_frames.csv,False
/mnt/hdd16T/ToqeerHomeBackup/mujoco_project/outputs/_highrate_overnight/campaign_highrate_truth_v3_rne_corrected396/runs/P027/task_34/scenario34_age70_h1p50_sex_female_w58p0_20260826_180510/fall_scenario34_age70_20260826_180510_highrate_truth.csv,True,/mnt/hdd16T/ToqeerHomeBackup/mujoco_project/outputs/_highrate_overnight/campaign_highrate_truth_v3_rne_corrected396,/mnt/hdd16T/ToqeerHomeBackup/mujoco_project/outputs/_highrate_overnight/campaign_highrate_truth_v3_rne_corrected396/runs/P027/task_34/scenario34_age70_h1p50_sex_female_w58p0_20260826_180510/fall_scenario34_age70_20260826_180510_dynamics_frames.csv,False
/mnt/hdd16T/ToqeerHomeBackup/mujoco_project/outputs/_highrate_overnight/campaign_highrate_truth_v3_rne_corrected396/runs/P027/task_37/scenario37_age70_h1p50_sex_female_w58p0_20260826_180744/fall_scenario37_age70_20260826_180744_highrate_truth.csv,True,/mnt/hdd16T/ToqeerHomeBackup/mujoco_project/outputs/_highrate_overnight/campaign_highrate_truth_v3_rne_corrected396,/mnt/hdd16T/ToqeerHomeBackup/mujoco_project/outputs/_highrate_overnight/campaign_highrate_truth_v3_rne_corrected396/runs/P027/task_37/scenario37_age70_h1p50_sex_female_w58p0_20260826_180744/fall_scenario37_age70_20260826_180744_dynamics_frames.csv,False
/mnt/hdd16T/ToqeerHomeBackup/mujoco_project/outputs/_highrate_overnight/campaign_highrate_truth_v3_rne_corrected396/runs/P027/task_38/scenario38_age70_h1p50_sex_female_w58p0_20260826_181019/fall_scenario38_age70_20260826_181019_highrate_truth.csv,True,/mnt/hdd16T/ToqeerHomeBackup/mujoco_project/outputs/_highrate_overnight/campaign_highrate_truth_v3_rne_corrected396,/mnt/hdd16T/ToqeerHomeBackup/mujoco_project/outputs/_highrate_overnight/campaign_highrate_truth_v3_rne_corrected396/runs/P027/task_38/scenario38_age70_h1p50_sex_female_w58p0_20260826_181019/fall_scenario38_age70_20260826_181019_dynamics_frames.csv,False
/mnt/hdd16T/ToqeerHomeBackup/mujoco_project/outputs/_highrate_overnight/campaign_highrate_truth_v3_rne_corrected396/runs/P027/task_39/scenario39_age70_h1p50_sex_female_w58p0_20260826_181252/fall_scenario39_age70_20260826_181252_highrate_truth.csv,True,/mnt/hdd16T/ToqeerHomeBackup/mujoco_project/outputs/_highrate_overnight/campaign_highrate_truth_v3_rne_corrected396,/mnt/hdd16T/ToqeerHomeBackup/mujoco_project/outputs/_highrate_overnight/campaign_highrate_truth_v3_rne_corrected396/runs/P027/task_39/scenario39_age70_h1p50_sex_female_w58p0_20260826_181252/fall_scenario39_age70_20260826_181252_dynamics_frames.csv,False
/mnt/hdd16T/ToqeerHomeBackup/mujoco_project/outputs/_highrate_overnight/campaign_highrate_truth_v3_rne_corrected396/runs/P027/task_40/scenario40_age70_h1p50_sex_female_w58p0_20260826_181328/fall_scenario40_age70_20260826_181328_highrate_truth.csv,True,/mnt/hdd16T/ToqeerHomeBackup/mujoco_project/outputs/_highrate_overnight/campaign_highrate_truth_v3_rne_corrected396,/mnt/hdd16T/ToqeerHomeBackup/mujoco_project/outputs/_highrate_overnight/campaign_highrate_truth_v3_rne_corrected396/runs/P027/task_40/scenario40_age70_h1p50_sex_female_w58p0_20260826_181328/fall_scenario40_age70_20260826_181328_dynamics_frames.csv,False
/mnt/hdd16T/ToqeerHomeBackup/mujoco_project/outputs/_highrate_overnight/campaign_highrate_truth_v3_rne_corrected396/runs/P027/task_41/scenario41_age70_h1p50_sex_female_w58p0_20260826_181405/fall_scenario41_age70_20260826_181405_highrate_truth.csv,True,/mnt/hdd16T/ToqeerHomeBackup/mujoco_project/outputs/_highrate_overnight/campaign_highrate_truth_v3_rne_corrected396,/mnt/hdd16T/ToqeerHomeBackup/mujoco_project/outputs/_highrate_overnight/campaign_highrate_truth_v3_rne_corrected396/runs/P027/task_41/scenario41_age70_h1p50_sex_female_w58p0_20260826_181405/fall_scenario41_age70_20260826_181405_dynamics_frames.csv,False
/mnt/hdd16T/ToqeerHomeBackup/mujoco_project/outputs/_highrate_overnight/campaign_highrate_truth_v3_rne_corrected396/runs/P027/task_42/scenario42_age70_h1p50_sex_female_w58p0_20260826_181442/fall_scenario42_age70_20260826_181442_highrate_truth.csv,True,/mnt/hdd16T/ToqeerHomeBackup/mujoco_project/outputs/_highrate_overnight/campaign_highrate_truth_v3_rne_corrected396,/mnt/hdd16T/ToqeerHomeBackup/mujoco_project/outputs/_highrate_overnight/campaign_highrate_truth_v3_rne_corrected396/runs/P027/task_42/scenario42_age70_h1p50_sex_female_w58p0_20260826_181442/fall_scenario42_age70_20260826_181442_dynamics_frames.csv,False
/mnt/hdd16T/ToqeerHomeBackup/mujoco_project/outputs/_highrate_overnight/campaign_highrate_truth_v3_rne_corrected396/runs/P028/task_20/scenario20_age71_h1p86_sex_male_w88p0_20260826_181519/fall_scenario20_age71_20260826_181519_highrate_truth.csv,True,/mnt/hdd16T/ToqeerHomeBackup/mujoco_project/outputs/_highrate_overnight/campaign_highrate_truth_v3_rne_corrected396,/mnt/hdd16T/ToqeerHomeBackup/mujoco_project/outputs/_highrate_overnight/campaign_highrate_truth_v3_rne_corrected396/runs/P028/task_20/scenario20_age71_h1p86_sex_male_w88p0_20260826_181519/fall_scenario20_age71_20260826_181519_dynamics_frames.csv,False
/mnt/hdd16T/ToqeerHomeBackup/mujoco_project/outputs/_highrate_overnight/campaign_highrate_truth_v3_rne_corrected396/runs/P028/task_21/scenario21_age71_h1p86_sex_male_w88p0_20260826_181623/fall_scenario21_age71_20260826_181623_highrate_truth.csv,True,/mnt/hdd16T/ToqeerHomeBackup/mujoco_project/outputs/_highrate_overnight/campaign_highrate_truth_v3_rne_corrected396,/mnt/hdd16T/ToqeerHomeBackup/mujoco_project/outputs/_highrate_overnight/campaign_highrate_truth_v3_rne_corrected396/runs/P028/task_21/scenario21_age71_h1p86_sex_male_w88p0_20260826_181623/fall_scenario21_age71_20260826_181623_dynamics_frames.csv,False
/mnt/hdd16T/ToqeerHomeBackup/mujoco_project/outputs/_highrate_overnight/campaign_highrate_truth_v3_rne_corrected396/runs/P028/task_22/scenario22_age71_h1p86_sex_male_w88p0_20260826_181700/fall_scenario22_age71_20260826_181700_highrate_truth.csv,True,/mnt/hdd16T/ToqeerHomeBackup/mujoco_project/outputs/_highrate_overnight/campaign_highrate_truth_v3_rne_corrected396,/mnt/hdd16T/ToqeerHomeBackup/mujoco_project/outputs/_highrate_overnight/campaign_highrate_truth_v3_rne_corrected396/runs/P028/task_22/scenario22_age71_h1p86_sex_male_w88p0_20260826_181700/fall_scenario22_age71_20260826_181700_dynamics_frames.csv,False
/mnt/hdd16T/ToqeerHomeBackup/mujoco_project/outputs/_highrate_overnight/campaign_highrate_truth_v3_rne_corrected396/runs/P028/task_23/scenario23_age71_h1p86_sex_male_w88p0_20260826_181736/fall_scenario23_age71_20260826_181736_highrate_truth.csv,True,/mnt/hdd16T/ToqeerHomeBackup/mujoco_project/outputs/_highrate_overnight/campaign_highrate_truth_v3_rne_corrected396,/mnt/hdd16T/ToqeerHomeBackup/mujoco_project/outputs/_highrate_overnight/campaign_highrate_truth_v3_rne_corrected396/runs/P028/task_23/scenario23_age71_h1p86_sex_male_w88p0_20260826_181736/fall_scenario23_age71_20260826_181736_dynamics_frames.csv,False
/mnt/hdd16T/ToqeerHomeBackup/mujoco_project/outputs/_highrate_overnight/campaign_highrate_truth_v3_rne_corrected396/runs/P028/task_24/scenario24_age71_h1p86_sex_male_w88p0_20260826_181841/fall_scenario24_age71_20260826_181841_highrate_truth.csv,True,/mnt/hdd16T/ToqeerHomeBackup/mujoco_project/outputs/_highrate_overnight/campaign_highrate_truth_v3_rne_corrected396,/mnt/hdd16T/ToqeerHomeBackup/mujoco_project/outputs/_highrate_overnight/campaign_highrate_truth_v3_rne_corrected396/runs/P028/task_24/scenario24_age71_h1p86_sex_male_w88p0_20260826_181841/fall_scenario24_age71_20260826_181841_dynamics_frames.csv,False
/mnt/hdd16T/ToqeerHomeBackup/mujoco_project/outputs/_highrate_overnight/campaign_highrate_truth_v3_rne_corrected396/runs/P028/task_28/scenario28_age71_h1p86_sex_male_w88p0_20260826_181917/fall_scenario28_age71_20260826_181917_highrate_truth.csv,True,/mnt/hdd16T/ToqeerHomeBackup/mujoco_project/outputs/_highrate_overnight/campaign_highrate_truth_v3_rne_corrected396,/mnt/hdd16T/ToqeerHomeBackup/mujoco_project/outputs/_highrate_overnight/campaign_highrate_truth_v3_rne_corrected396/runs/P028/task_28/scenario28_age71_h1p86_sex_male_w88p0_20260826_181917/fall_scenario28_age71_20260826_181917_dynamics_frames.csv,False
/mnt/hdd16T/ToqeerHomeBackup/mujoco_project/outputs/_highrate_overnight/campaign_highrate_truth_v3_rne_corrected396/runs/P028/task_29/scenario29_age71_h1p86_sex_male_w88p0_20260826_182153/fall_scenario29_age71_20260826_182153_highrate_truth.csv,True,/mnt/hdd16T/ToqeerHomeBackup/mujoco_project/outputs/_highrate_overnight/campaign_highrate_truth_v3_rne_corrected396,/mnt/hdd16T/ToqeerHomeBackup/mujoco_project/outputs/_highrate_overnight/campaign_highrate_truth_v3_rne_corrected396/runs/P028/task_29/scenario29_age71_h1p86_sex_male_w88p0_20260826_182153/fall_scenario29_age71_20260826_182153_dynamics_frames.csv,False
/mnt/hdd16T/ToqeerHomeBackup/mujoco_project/outputs/_highrate_overnight/campaign_highrate_truth_v3_rne_corrected396/runs/P028/task_30/scenario30_age71_h1p86_sex_male_w88p0_20260826_182429/fall_scenario30_age71_20260826_182429_highrate_truth.csv,True,/mnt/hdd16T/ToqeerHomeBackup/mujoco_project/outputs/_highrate_overnight/campaign_highrate_truth_v3_rne_corrected396,/mnt/hdd16T/ToqeerHomeBackup/mujoco_project/outputs/_highrate_overnight/campaign_highrate_truth_v3_rne_corrected396/runs/P028/task_30/scenario30_age71_h1p86_sex_male_w88p0_20260826_182429/fall_scenario30_age71_20260826_182429_dynamics_frames.csv,False
/mnt/hdd16T/ToqeerHomeBackup/mujoco_project/outputs/_highrate_overnight/campaign_highrate_truth_v3_rne_corrected396/runs/P028/task_31/scenario31_age71_h1p86_sex_male_w88p0_20260826_182704/fall_scenario31_age71_20260826_182704_highrate_truth.csv,True,/mnt/hdd16T/ToqeerHomeBackup/mujoco_project/outputs/_highrate_overnight/campaign_highrate_truth_v3_rne_corrected396,/mnt/hdd16T/ToqeerHomeBackup/mujoco_project/outputs/_highrate_overnight/campaign_highrate_truth_v3_rne_corrected396/runs/P028/task_31/scenario31_age71_h1p86_sex_male_w88p0_20260826_182704/fall_scenario31_age71_20260826_182704_dynamics_frames.csv,False
/mnt/hdd16T/ToqeerHomeBackup/mujoco_project/outputs/_highrate_overnight/campaign_highrate_truth_v3_rne_corrected396/runs/P028/task_32/scenario32_age71_h1p86_sex_male_w88p0_20260826_182939/fall_scenario32_age71_20260826_182939_highrate_truth.csv,True,/mnt/hdd16T/ToqeerHomeBackup/mujoco_project/outputs/_highrate_overnight/campaign_highrate_truth_v3_rne_corrected396,/mnt/hdd16T/ToqeerHomeBackup/mujoco_project/outputs/_highrate_overnight/campaign_highrate_truth_v3_rne_corrected396/runs/P028/task_32/scenario32_age71_h1p86_sex_male_w88p0_20260826_182939/fall_scenario32_age71_20260826_182939_dynamics_frames.csv,False
/mnt/hdd16T/ToqeerHomeBackup/mujoco_project/outputs/_highrate_overnight/campaign_highrate_truth_v3_rne_corrected396/runs/P028/task_33/scenario33_age71_h1p86_sex_male_w88p0_20260826_183214/fall_scenario33_age71_20260826_183214_highrate_truth.csv,True,/mnt/hdd16T/ToqeerHomeBackup/mujoco_project/outputs/_highrate_overnight/campaign_highrate_truth_v3_rne_corrected396,/mnt/hdd16T/ToqeerHomeBackup/mujoco_project/outputs/_highrate_overnight/campaign_highrate_truth_v3_rne_corrected396/runs/P028/task_33/scenario33_age71_h1p86_sex_male_w88p0_20260826_183214/fall_scenario33_age71_20260826_183214_dynamics_frames.csv,False
/mnt/hdd16T/ToqeerHomeBackup/mujoco_project/outputs/_highrate_overnight/campaign_highrate_truth_v3_rne_corrected396/runs/P028/task_34/scenario34_age71_h1p86_sex_male_w88p0_20260826_183449/fall_scenario34_age71_20260826_183449_highrate_truth.csv,True,/mnt/hdd16T/ToqeerHomeBackup/mujoco_project/outputs/_highrate_overnight/campaign_highrate_truth_v3_rne_corrected396,/mnt/hdd16T/ToqeerHomeBackup/mujoco_project/outputs/_highrate_overnight/campaign_highrate_truth_v3_rne_corrected396/runs/P028/task_34/scenario34_age71_h1p86_sex_male_w88p0_20260826_183449/fall_scenario34_age71_20260826_183449_dynamics_frames.csv,False
/mnt/hdd16T/ToqeerHomeBackup/mujoco_project/outputs/_highrate_overnight/campaign_highrate_truth_v3_rne_corrected396/runs/P028/task_37/scenario37_age71_h1p86_sex_male_w88p0_20260826_183725/fall_scenario37_age71_20260826_183725_highrate_truth.csv,True,/mnt/hdd16T/ToqeerHomeBackup/mujoco_project/outputs/_highrate_overnight/campaign_highrate_truth_v3_rne_corrected396,/mnt/hdd16T/ToqeerHomeBackup/mujoco_project/outputs/_highrate_overnight/campaign_highrate_truth_v3_rne_corrected396/runs/P028/task_37/scenario37_age71_h1p86_sex_male_w88p0_20260826_183725/fall_scenario37_age71_20260826_183725_dynamics_frames.csv,False
/mnt/hdd16T/ToqeerHomeBackup/mujoco_project/outputs/_highrate_overnight/campaign_highrate_truth_v3_rne_corrected396/runs/P028/task_38/scenario38_age71_h1p86_sex_male_w88p0_20260826_184001/fall_scenario38_age71_20260826_184001_highrate_truth.csv,True,/mnt/hdd16T/ToqeerHomeBackup/mujoco_project/outputs/_highrate_overnight/campaign_highrate_truth_v3_rne_corrected396,/mnt/hdd16T/ToqeerHomeBackup/mujoco_project/outputs/_highrate_overnight/campaign_highrate_truth_v3_rne_corrected396/runs/P028/task_38/scenario38_age71_h1p86_sex_male_w88p0_20260826_184001/fall_scenario38_age71_20260826_184001_dynamics_frames.csv,False
/mnt/hdd16T/ToqeerHomeBackup/mujoco_project/outputs/_highrate_overnight/campaign_highrate_truth_v3_rne_corrected396/runs/P028/task_39/scenario39_age71_h1p86_sex_male_w88p0_20260826_184235/fall_scenario39_age71_20260826_184235_highrate_truth.csv,True,/mnt/hdd16T/ToqeerHomeBackup/mujoco_project/outputs/_highrate_overnight/campaign_highrate_truth_v3_rne_corrected396,/mnt/hdd16T/ToqeerHomeBackup/mujoco_project/outputs/_highrate_overnight/campaign_highrate_truth_v3_rne_corrected396/runs/P028/task_39/scenario39_age71_h1p86_sex_male_w88p0_20260826_184235/fall_scenario39_age71_20260826_184235_dynamics_frames.csv,False
/mnt/hdd16T/ToqeerHomeBackup/mujoco_project/outputs/_highrate_overnight/campaign_highrate_truth_v3_rne_corrected396/runs/P028/task_40/scenario40_age71_h1p86_sex_male_w88p0_20260826_184312/fall_scenario40_age71_20260826_184312_highrate_truth.csv,True,/mnt/hdd16T/ToqeerHomeBackup/mujoco_project/outputs/_highrate_overnight/campaign_highrate_truth_v3_rne_corrected396,/mnt/hdd16T/ToqeerHomeBackup/mujoco_project/outputs/_highrate_overnight/campaign_highrate_truth_v3_rne_corrected396/runs/P028/task_40/scenario40_age71_h1p86_sex_male_w88p0_20260826_184312/fall_scenario40_age71_20260826_184312_dynamics_frames.csv,False
/mnt/hdd16T/ToqeerHomeBackup/mujoco_project/outputs/_highrate_overnight/campaign_highrate_truth_v3_rne_corrected396/runs/P028/task_41/scenario41_age71_h1p86_sex_male_w88p0_20260826_184349/fall_scenario41_age71_20260826_184349_highrate_truth.csv,True,/mnt/hdd16T/ToqeerHomeBackup/mujoco_project/outputs/_highrate_overnight/campaign_highrate_truth_v3_rne_corrected396,/mnt/hdd16T/ToqeerHomeBackup/mujoco_project/outputs/_highrate_overnight/campaign_highrate_truth_v3_rne_corrected396/runs/P028/task_41/scenario41_age71_h1p86_sex_male_w88p0_20260826_184349/fall_scenario41_age71_20260826_184349_dynamics_frames.csv,False
/mnt/hdd16T/ToqeerHomeBackup/mujoco_project/outputs/_highrate_overnight/campaign_highrate_truth_v3_rne_corrected396/runs/P028/task_42/scenario42_age71_h1p86_sex_male_w88p0_20260826_184427/fall_scenario42_age71_20260826_184427_highrate_truth.csv,True,/mnt/hdd16T/ToqeerHomeBackup/mujoco_project/outputs/_highrate_overnight/campaign_highrate_truth_v3_rne_corrected396,/mnt/hdd16T/ToqeerHomeBackup/mujoco_project/outputs/_highrate_overnight/campaign_highrate_truth_v3_rne_corrected396/runs/P028/task_42/scenario42_age71_h1p86_sex_male_w88p0_20260826_184427/fall_scenario42_age71_20260826_184427_dynamics_frames.csv,False
/mnt/hdd16T/ToqeerHomeBackup/mujoco_project/outputs/_highrate_overnight/campaign_highrate_truth_v3_rne_corrected396/runs/P029/task_20/scenario20_age72_h1p66_sex_female_w75p0_20260826_184505/fall_scenario20_age72_20260826_184505_highrate_truth.csv,True,/mnt/hdd16T/ToqeerHomeBackup/mujoco_project/outputs/_highrate_overnight/campaign_highrate_truth_v3_rne_corrected396,/mnt/hdd16T/ToqeerHomeBackup/mujoco_project/outputs/_highrate_overnight/campaign_highrate_truth_v3_rne_corrected396/runs/P029/task_20/scenario20_age72_h1p66_sex_female_w75p0_20260826_184505/fall_scenario20_age72_20260826_184505_dynamics_frames.csv,False
/mnt/hdd16T/ToqeerHomeBackup/mujoco_project/outputs/_highrate_overnight/campaign_highrate_truth_v3_rne_corrected396/runs/P029/task_21/scenario21_age72_h1p66_sex_female_w75p0_20260826_184609/fall_scenario21_age72_20260826_184609_highrate_truth.csv,True,/mnt/hdd16T/ToqeerHomeBackup/mujoco_project/outputs/_highrate_overnight/campaign_highrate_truth_v3_rne_corrected396,/mnt/hdd16T/ToqeerHomeBackup/mujoco_project/outputs/_highrate_overnight/campaign_highrate_truth_v3_rne_corrected396/runs/P029/task_21/scenario21_age72_h1p66_sex_female_w75p0_20260826_184609/fall_scenario21_age72_20260826_184609_dynamics_frames.csv,False
/mnt/hdd16T/ToqeerHomeBackup/mujoco_project/outputs/_highrate_overnight/campaign_highrate_truth_v3_rne_corrected396/runs/P029/task_22/scenario22_age72_h1p66_sex_female_w75p0_20260826_184645/fall_scenario22_age72_20260826_184645_highrate_truth.csv,True,/mnt/hdd16T/ToqeerHomeBackup/mujoco_project/outputs/_highrate_overnight/campaign_highrate_truth_v3_rne_corrected396,/mnt/hdd16T/ToqeerHomeBackup/mujoco_project/outputs/_highrate_overnight/campaign_highrate_truth_v3_rne_corrected396/runs/P029/task_22/scenario22_age72_h1p66_sex_female_w75p0_20260826_184645/fall_scenario22_age72_20260826_184645_dynamics_frames.csv,False
/mnt/hdd16T/ToqeerHomeBackup/mujoco_project/outputs/_highrate_overnight/campaign_highrate_truth_v3_rne_corrected396/runs/P029/task_23/scenario23_age72_h1p66_sex_female_w75p0_20260826_184721/fall_scenario23_age72_20260826_184721_highrate_truth.csv,True,/mnt/hdd16T/ToqeerHomeBackup/mujoco_project/outputs/_highrate_overnight/campaign_highrate_truth_v3_rne_corrected396,/mnt/hdd16T/ToqeerHomeBackup/mujoco_project/outputs/_highrate_overnight/campaign_highrate_truth_v3_rne_corrected396/runs/P029/task_23/scenario23_age72_h1p66_sex_female_w75p0_20260826_184721/fall_scenario23_age72_20260826_184721_dynamics_frames.csv,False
/mnt/hdd16T/ToqeerHomeBackup/mujoco_project/outputs/_highrate_overnight/campaign_highrate_truth_v3_rne_corrected396/runs/P029/task_24/scenario24_age72_h1p66_sex_female_w75p0_20260826_184825/fall_scenario24_age72_20260826_184825_highrate_truth.csv,True,/mnt/hdd16T/ToqeerHomeBackup/mujoco_project/outputs/_highrate_overnight/campaign_highrate_truth_v3_rne_corrected396,/mnt/hdd16T/ToqeerHomeBackup/mujoco_project/outputs/_highrate_overnight/campaign_highrate_truth_v3_rne_corrected396/runs/P029/task_24/scenario24_age72_h1p66_sex_female_w75p0_20260826_184825/fall_scenario24_age72_20260826_184825_dynamics_frames.csv,False
/mnt/hdd16T/ToqeerHomeBackup/mujoco_project/outputs/_highrate_overnight/campaign_highrate_truth_v3_rne_corrected396/runs/P029/task_28/scenario28_age72_h1p66_sex_female_w75p0_20260826_184901/fall_scenario28_age72_20260826_184901_highrate_truth.csv,True,/mnt/hdd16T/ToqeerHomeBackup/mujoco_project/outputs/_highrate_overnight/campaign_highrate_truth_v3_rne_corrected396,/mnt/hdd16T/ToqeerHomeBackup/mujoco_project/outputs/_highrate_overnight/campaign_highrate_truth_v3_rne_corrected396/runs/P029/task_28/scenario28_age72_h1p66_sex_female_w75p0_20260826_184901/fall_scenario28_age72_20260826_184901_dynamics_frames.csv,False
/mnt/hdd16T/ToqeerHomeBackup/mujoco_project/outputs/_highrate_overnight/campaign_highrate_truth_v3_rne_corrected396/runs/P029/task_29/scenario29_age72_h1p66_sex_female_w75p0_20260826_185137/fall_scenario29_age72_20260826_185137_highrate_truth.csv,True,/mnt/hdd16T/ToqeerHomeBackup/mujoco_project/outputs/_highrate_overnight/campaign_highrate_truth_v3_rne_corrected396,/mnt/hdd16T/ToqeerHomeBackup/mujoco_project/outputs/_highrate_overnight/campaign_highrate_truth_v3_rne_corrected396/runs/P029/task_29/scenario29_age72_h1p66_sex_female_w75p0_20260826_185137/fall_scenario29_age72_20260826_185137_dynamics_frames.csv,False
/mnt/hdd16T/ToqeerHomeBackup/mujoco_project/outputs/_highrate_overnight/campaign_highrate_truth_v3_rne_corrected396/runs/P029/task_30/scenario30_age72_h1p66_sex_female_w75p0_20260826_185411/fall_scenario30_age72_20260826_185411_highrate_truth.csv,True,/mnt/hdd16T/ToqeerHomeBackup/mujoco_project/outputs/_highrate_overnight/campaign_highrate_truth_v3_rne_corrected396,/mnt/hdd16T/ToqeerHomeBackup/mujoco_project/outputs/_highrate_overnight/campaign_highrate_truth_v3_rne_corrected396/runs/P029/task_30/scenario30_age72_h1p66_sex_female_w75p0_20260826_185411/fall_scenario30_age72_20260826_185411_dynamics_frames.csv,False
/mnt/hdd16T/ToqeerHomeBackup/mujoco_project/outputs/_highrate_overnight/campaign_highrate_truth_v3_rne_corrected396/runs/P029/task_31/scenario31_age72_h1p66_sex_female_w75p0_20260826_185647/fall_scenario31_age72_20260826_185647_highrate_truth.csv,True,/mnt/hdd16T/ToqeerHomeBackup/mujoco_project/outputs/_highrate_overnight/campaign_highrate_truth_v3_rne_corrected396,/mnt/hdd16T/ToqeerHomeBackup/mujoco_project/outputs/_highrate_overnight/campaign_highrate_truth_v3_rne_corrected396/runs/P029/task_31/scenario31_age72_h1p66_sex_female_w75p0_20260826_185647/fall_scenario31_age72_20260826_185647_dynamics_frames.csv,False
/mnt/hdd16T/ToqeerHomeBackup/mujoco_project/outputs/_highrate_overnight/campaign_highrate_truth_v3_rne_corrected396/runs/P029/task_32/scenario32_age72_h1p66_sex_female_w75p0_20260826_185921/fall_scenario32_age72_20260826_185921_highrate_truth.csv,True,/mnt/hdd16T/ToqeerHomeBackup/mujoco_project/outputs/_highrate_overnight/campaign_highrate_truth_v3_rne_corrected396,/mnt/hdd16T/ToqeerHomeBackup/mujoco_project/outputs/_highrate_overnight/campaign_highrate_truth_v3_rne_corrected396/runs/P029/task_32/scenario32_age72_h1p66_sex_female_w75p0_20260826_185921/fall_scenario32_age72_20260826_185921_dynamics_frames.csv,False
/mnt/hdd16T/ToqeerHomeBackup/mujoco_project/outputs/_highrate_overnight/campaign_highrate_truth_v3_rne_corrected396/runs/P029/task_33/scenario33_age72_h1p66_sex_female_w75p0_20260826_190156/fall_scenario33_age72_20260826_190156_highrate_truth.csv,True,/mnt/hdd16T/ToqeerHomeBackup/mujoco_project/outputs/_highrate_overnight/campaign_highrate_truth_v3_rne_corrected396,/mnt/hdd16T/ToqeerHomeBackup/mujoco_project/outputs/_highrate_overnight/campaign_highrate_truth_v3_rne_corrected396/runs/P029/task_33/scenario33_age72_h1p66_sex_female_w75p0_20260826_190156/fall_scenario33_age72_20260826_190156_dynamics_frames.csv,False
/mnt/hdd16T/ToqeerHomeBackup/mujoco_project/outputs/_highrate_overnight/campaign_highrate_truth_v3_rne_corrected396/runs/P029/task_34/scenario34_age72_h1p66_sex_female_w75p0_20260826_190431/fall_scenario34_age72_20260826_190431_highrate_truth.csv,True,/mnt/hdd16T/ToqeerHomeBackup/mujoco_project/outputs/_highrate_overnight/campaign_highrate_truth_v3_rne_corrected396,/mnt/hdd16T/ToqeerHomeBackup/mujoco_project/outputs/_highrate_overnight/campaign_highrate_truth_v3_rne_corrected396/runs/P029/task_34/scenario34_age72_h1p66_sex_female_w75p0_20260826_190431/fall_scenario34_age72_20260826_190431_dynamics_frames.csv,False
/mnt/hdd16T/ToqeerHomeBackup/mujoco_project/outputs/_highrate_overnight/campaign_highrate_truth_v3_rne_corrected396/runs/P029/task_37/scenario37_age72_h1p66_sex_female_w75p0_20260826_190707/fall_scenario37_age72_20260826_190707_highrate_truth.csv,True,/mnt/hdd16T/ToqeerHomeBackup/mujoco_project/outputs/_highrate_overnight/campaign_highrate_truth_v3_rne_corrected396,/mnt/hdd16T/ToqeerHomeBackup/mujoco_project/outputs/_highrate_overnight/campaign_highrate_truth_v3_rne_corrected396/runs/P029/task_37/scenario37_age72_h1p66_sex_female_w75p0_20260826_190707/fall_scenario37_age72_20260826_190707_dynamics_frames.csv,False
/mnt/hdd16T/ToqeerHomeBackup/mujoco_project/outputs/_highrate_overnight/campaign_highrate_truth_v3_rne_corrected396/runs/P029/task_38/scenario38_age72_h1p66_sex_female_w75p0_20260826_190942/fall_scenario38_age72_20260826_190942_highrate_truth.csv,True,/mnt/hdd16T/ToqeerHomeBackup/mujoco_project/outputs/_highrate_overnight/campaign_highrate_truth_v3_rne_corrected396,/mnt/hdd16T/ToqeerHomeBackup/mujoco_project/outputs/_highrate_overnight/campaign_highrate_truth_v3_rne_corrected396/runs/P029/task_38/scenario38_age72_h1p66_sex_female_w75p0_20260826_190942/fall_scenario38_age72_20260826_190942_dynamics_frames.csv,False
/mnt/hdd16T/ToqeerHomeBackup/mujoco_project/outputs/_highrate_overnight/campaign_highrate_truth_v3_rne_corrected396/runs/P029/task_39/scenario39_age72_h1p66_sex_female_w75p0_20260826_191217/fall_scenario39_age72_20260826_191217_highrate_truth.csv,True,/mnt/hdd16T/ToqeerHomeBackup/mujoco_project/outputs/_highrate_overnight/campaign_highrate_truth_v3_rne_corrected396,/mnt/hdd16T/ToqeerHomeBackup/mujoco_project/outputs/_highrate_overnight/campaign_highrate_truth_v3_rne_corrected396/runs/P029/task_39/scenario39_age72_h1p66_sex_female_w75p0_20260826_191217/fall_scenario39_age72_20260826_191217_dynamics_frames.csv,False
/mnt/hdd16T/ToqeerHomeBackup/mujoco_project/outputs/_highrate_overnight/campaign_highrate_truth_v3_rne_corrected396/runs/P029/task_40/scenario40_age72_h1p66_sex_female_w75p0_20260826_191253/fall_scenario40_age72_20260826_191253_highrate_truth.csv,True,/mnt/hdd16T/ToqeerHomeBackup/mujoco_project/outputs/_highrate_overnight/campaign_highrate_truth_v3_rne_corrected396,/mnt/hdd16T/ToqeerHomeBackup/mujoco_project/outputs/_highrate_overnight/campaign_highrate_truth_v3_rne_corrected396/runs/P029/task_40/scenario40_age72_h1p66_sex_female_w75p0_20260826_191253/fall_scenario40_age72_20260826_191253_dynamics_frames.csv,False
/mnt/hdd16T/ToqeerHomeBackup/mujoco_project/outputs/_highrate_overnight/campaign_highrate_truth_v3_rne_corrected396/runs/P029/task_41/scenario41_age72_h1p66_sex_female_w75p0_20260826_191330/fall_scenario41_age72_20260826_191330_highrate_truth.csv,True,/mnt/hdd16T/ToqeerHomeBackup/mujoco_project/outputs/_highrate_overnight/campaign_highrate_truth_v3_rne_corrected396,/mnt/hdd16T/ToqeerHomeBackup/mujoco_project/outputs/_highrate_overnight/campaign_highrate_truth_v3_rne_corrected396/runs/P029/task_41/scenario41_age72_h1p66_sex_female_w75p0_20260826_191330/fall_scenario41_age72_20260826_191330_dynamics_frames.csv,False
/mnt/hdd16T/ToqeerHomeBackup/mujoco_project/outputs/_highrate_overnight/campaign_highrate_truth_v3_rne_corrected396/runs/P029/task_42/scenario42_age72_h1p66_sex_female_w75p0_20260826_191407/fall_scenario42_age72_20260826_191407_highrate_truth.csv,True,/mnt/hdd16T/ToqeerHomeBackup/mujoco_project/outputs/_highrate_overnight/campaign_highrate_truth_v3_rne_corrected396,/mnt/hdd16T/ToqeerHomeBackup/mujoco_project/outputs/_highrate_overnight/campaign_highrate_truth_v3_rne_corrected396/runs/P029/task_42/scenario42_age72_h1p66_sex_female_w75p0_20260826_191407/fall_scenario42_age72_20260826_191407_dynamics_frames.csv,False
/mnt/hdd16T/ToqeerHomeBackup/mujoco_project/outputs/_highrate_overnight/campaign_highrate_truth_v3_rne_corrected396/runs/P030/task_20/scenario20_age73_h1p58_sex_female_w64p0_20260826_191445/fall_scenario20_age73_20260826_191445_highrate_truth.csv,True,/mnt/hdd16T/ToqeerHomeBackup/mujoco_project/outputs/_highrate_overnight/campaign_highrate_truth_v3_rne_corrected396,/mnt/hdd16T/ToqeerHomeBackup/mujoco_project/outputs/_highrate_overnight/campaign_highrate_truth_v3_rne_corrected396/runs/P030/task_20/scenario20_age73_h1p58_sex_female_w64p0_20260826_191445/fall_scenario20_age73_20260826_191445_dynamics_frames.csv,False
/mnt/hdd16T/ToqeerHomeBackup/mujoco_project/outputs/_highrate_overnight/campaign_highrate_truth_v3_rne_corrected396/runs/P030/task_21/scenario21_age73_h1p58_sex_female_w64p0_20260826_191549/fall_scenario21_age73_20260826_191549_highrate_truth.csv,True,/mnt/hdd16T/ToqeerHomeBackup/mujoco_project/outputs/_highrate_overnight/campaign_highrate_truth_v3_rne_corrected396,/mnt/hdd16T/ToqeerHomeBackup/mujoco_project/outputs/_highrate_overnight/campaign_highrate_truth_v3_rne_corrected396/runs/P030/task_21/scenario21_age73_h1p58_sex_female_w64p0_20260826_191549/fall_scenario21_age73_20260826_191549_dynamics_frames.csv,False
/mnt/hdd16T/ToqeerHomeBackup/mujoco_project/outputs/_highrate_overnight/campaign_highrate_truth_v3_rne_corrected396/runs/P030/task_22/scenario22_age73_h1p58_sex_female_w64p0_20260826_191625/fall_scenario22_age73_20260826_191625_highrate_truth.csv,True,/mnt/hdd16T/ToqeerHomeBackup/mujoco_project/outputs/_highrate_overnight/campaign_highrate_truth_v3_rne_corrected396,/mnt/hdd16T/ToqeerHomeBackup/mujoco_project/outputs/_highrate_overnight/campaign_highrate_truth_v3_rne_corrected396/runs/P030/task_22/scenario22_age73_h1p58_sex_female_w64p0_20260826_191625/fall_scenario22_age73_20260826_191625_dynamics_frames.csv,False
/mnt/hdd16T/ToqeerHomeBackup/mujoco_project/outputs/_highrate_overnight/campaign_highrate_truth_v3_rne_corrected396/runs/P030/task_23/scenario23_age73_h1p58_sex_female_w64p0_20260826_191701/fall_scenario23_age73_20260826_191701_highrate_truth.csv,True,/mnt/hdd16T/ToqeerHomeBackup/mujoco_project/outputs/_highrate_overnight/campaign_highrate_truth_v3_rne_corrected396,/mnt/hdd16T/ToqeerHomeBackup/mujoco_project/outputs/_highrate_overnight/campaign_highrate_truth_v3_rne_corrected396/runs/P030/task_23/scenario23_age73_h1p58_sex_female_w64p0_20260826_191701/fall_scenario23_age73_20260826_191701_dynamics_frames.csv,False
/mnt/hdd16T/ToqeerHomeBackup/mujoco_project/outputs/_highrate_overnight/campaign_highrate_truth_v3_rne_corrected396/runs/P030/task_24/scenario24_age73_h1p58_sex_female_w64p0_20260826_191806/fall_scenario24_age73_20260826_191806_highrate_truth.csv,True,/mnt/hdd16T/ToqeerHomeBackup/mujoco_project/outputs/_highrate_overnight/campaign_highrate_truth_v3_rne_corrected396,/mnt/hdd16T/ToqeerHomeBackup/mujoco_project/outputs/_highrate_overnight/campaign_highrate_truth_v3_rne_corrected396/runs/P030/task_24/scenario24_age73_h1p58_sex_female_w64p0_20260826_191806/fall_scenario24_age73_20260826_191806_dynamics_frames.csv,False
/mnt/hdd16T/ToqeerHomeBackup/mujoco_project/outputs/_highrate_overnight/campaign_highrate_truth_v3_rne_corrected396/runs/P030/task_28/scenario28_age73_h1p58_sex_female_w64p0_20260826_191842/fall_scenario28_age73_20260826_191842_highrate_truth.csv,True,/mnt/hdd16T/ToqeerHomeBackup/mujoco_project/outputs/_highrate_overnight/campaign_highrate_truth_v3_rne_corrected396,/mnt/hdd16T/ToqeerHomeBackup/mujoco_project/outputs/_highrate_overnight/campaign_highrate_truth_v3_rne_corrected396/runs/P030/task_28/scenario28_age73_h1p58_sex_female_w64p0_20260826_191842/fall_scenario28_age73_20260826_191842_dynamics_frames.csv,False
/mnt/hdd16T/ToqeerHomeBackup/mujoco_project/outputs/_highrate_overnight/campaign_highrate_truth_v3_rne_corrected396/runs/P030/task_29/scenario29_age73_h1p58_sex_female_w64p0_20260826_192115/fall_scenario29_age73_20260826_192115_highrate_truth.csv,True,/mnt/hdd16T/ToqeerHomeBackup/mujoco_project/outputs/_highrate_overnight/campaign_highrate_truth_v3_rne_corrected396,/mnt/hdd16T/ToqeerHomeBackup/mujoco_project/outputs/_highrate_overnight/campaign_highrate_truth_v3_rne_corrected396/runs/P030/task_29/scenario29_age73_h1p58_sex_female_w64p0_20260826_192115/fall_scenario29_age73_20260826_192115_dynamics_frames.csv,False
/mnt/hdd16T/ToqeerHomeBackup/mujoco_project/outputs/_highrate_overnight/campaign_highrate_truth_v3_rne_corrected396/runs/P030/task_30/scenario30_age73_h1p58_sex_female_w64p0_20260826_192349/fall_scenario30_age73_20260826_192349_highrate_truth.csv,True,/mnt/hdd16T/ToqeerHomeBackup/mujoco_project/outputs/_highrate_overnight/campaign_highrate_truth_v3_rne_corrected396,/mnt/hdd16T/ToqeerHomeBackup/mujoco_project/outputs/_highrate_overnight/campaign_highrate_truth_v3_rne_corrected396/runs/P030/task_30/scenario30_age73_h1p58_sex_female_w64p0_20260826_192349/fall_scenario30_age73_20260826_192349_dynamics_frames.csv,False
/mnt/hdd16T/ToqeerHomeBackup/mujoco_project/outputs/_highrate_overnight/campaign_highrate_truth_v3_rne_corrected396/runs/P030/task_31/scenario31_age73_h1p58_sex_female_w64p0_20260826_192623/fall_scenario31_age73_20260826_192623_highrate_truth.csv,True,/mnt/hdd16T/ToqeerHomeBackup/mujoco_project/outputs/_highrate_overnight/campaign_highrate_truth_v3_rne_corrected396,/mnt/hdd16T/ToqeerHomeBackup/mujoco_project/outputs/_highrate_overnight/campaign_highrate_truth_v3_rne_corrected396/runs/P030/task_31/scenario31_age73_h1p58_sex_female_w64p0_20260826_192623/fall_scenario31_age73_20260826_192623_dynamics_frames.csv,False
/mnt/hdd16T/ToqeerHomeBackup/mujoco_project/outputs/_highrate_overnight/campaign_highrate_truth_v3_rne_corrected396/runs/P030/task_32/scenario32_age73_h1p58_sex_female_w64p0_20260826_192857/fall_scenario32_age73_20260826_192857_highrate_truth.csv,True,/mnt/hdd16T/ToqeerHomeBackup/mujoco_project/outputs/_highrate_overnight/campaign_highrate_truth_v3_rne_corrected396,/mnt/hdd16T/ToqeerHomeBackup/mujoco_project/outputs/_highrate_overnight/campaign_highrate_truth_v3_rne_corrected396/runs/P030/task_32/scenario32_age73_h1p58_sex_female_w64p0_20260826_192857/fall_scenario32_age73_20260826_192857_dynamics_frames.csv,False
/mnt/hdd16T/ToqeerHomeBackup/mujoco_project/outputs/_highrate_overnight/campaign_highrate_truth_v3_rne_corrected396/runs/P030/task_33/scenario33_age73_h1p58_sex_female_w64p0_20260826_193130/fall_scenario33_age73_20260826_193130_highrate_truth.csv,True,/mnt/hdd16T/ToqeerHomeBackup/mujoco_project/outputs/_highrate_overnight/campaign_highrate_truth_v3_rne_corrected396,/mnt/hdd16T/ToqeerHomeBackup/mujoco_project/outputs/_highrate_overnight/campaign_highrate_truth_v3_rne_corrected396/runs/P030/task_33/scenario33_age73_h1p58_sex_female_w64p0_20260826_193130/fall_scenario33_age73_20260826_193130_dynamics_frames.csv,False
/mnt/hdd16T/ToqeerHomeBackup/mujoco_project/outputs/_highrate_overnight/campaign_highrate_truth_v3_rne_corrected396/runs/P030/task_34/scenario34_age73_h1p58_sex_female_w64p0_20260826_193404/fall_scenario34_age73_20260826_193404_highrate_truth.csv,True,/mnt/hdd16T/ToqeerHomeBackup/mujoco_project/outputs/_highrate_overnight/campaign_highrate_truth_v3_rne_corrected396,/mnt/hdd16T/ToqeerHomeBackup/mujoco_project/outputs/_highrate_overnight/campaign_highrate_truth_v3_rne_corrected396/runs/P030/task_34/scenario34_age73_h1p58_sex_female_w64p0_20260826_193404/fall_scenario34_age73_20260826_193404_dynamics_frames.csv,False
/mnt/hdd16T/ToqeerHomeBackup/mujoco_project/outputs/_highrate_overnight/campaign_highrate_truth_v3_rne_corrected396/runs/P030/task_37/scenario37_age73_h1p58_sex_female_w64p0_20260826_193638/fall_scenario37_age73_20260826_193638_highrate_truth.csv,True,/mnt/hdd16T/ToqeerHomeBackup/mujoco_project/outputs/_highrate_overnight/campaign_highrate_truth_v3_rne_corrected396,/mnt/hdd16T/ToqeerHomeBackup/mujoco_project/outputs/_highrate_overnight/campaign_highrate_truth_v3_rne_corrected396/runs/P030/task_37/scenario37_age73_h1p58_sex_female_w64p0_20260826_193638/fall_scenario37_age73_20260826_193638_dynamics_frames.csv,False
/mnt/hdd16T/ToqeerHomeBackup/mujoco_project/outputs/_highrate_overnight/campaign_highrate_truth_v3_rne_corrected396/runs/P030/task_38/scenario38_age73_h1p58_sex_female_w64p0_20260826_193912/fall_scenario38_age73_20260826_193912_highrate_truth.csv,True,/mnt/hdd16T/ToqeerHomeBackup/mujoco_project/outputs/_highrate_overnight/campaign_highrate_truth_v3_rne_corrected396,/mnt/hdd16T/ToqeerHomeBackup/mujoco_project/outputs/_highrate_overnight/campaign_highrate_truth_v3_rne_corrected396/runs/P030/task_38/scenario38_age73_h1p58_sex_female_w64p0_20260826_193912/fall_scenario38_age73_20260826_193912_dynamics_frames.csv,False
/mnt/hdd16T/ToqeerHomeBackup/mujoco_project/outputs/_highrate_overnight/campaign_highrate_truth_v3_rne_corrected396/runs/P030/task_39/scenario39_age73_h1p58_sex_female_w64p0_20260826_194146/fall_scenario39_age73_20260826_194146_highrate_truth.csv,True,/mnt/hdd16T/ToqeerHomeBackup/mujoco_project/outputs/_highrate_overnight/campaign_highrate_truth_v3_rne_corrected396,/mnt/hdd16T/ToqeerHomeBackup/mujoco_project/outputs/_highrate_overnight/campaign_highrate_truth_v3_rne_corrected396/runs/P030/task_39/scenario39_age73_h1p58_sex_female_w64p0_20260826_194146/fall_scenario39_age73_20260826_194146_dynamics_frames.csv,False
/mnt/hdd16T/ToqeerHomeBackup/mujoco_project/outputs/_highrate_overnight/campaign_highrate_truth_v3_rne_corrected396/runs/P030/task_40/scenario40_age73_h1p58_sex_female_w64p0_20260826_194222/fall_scenario40_age73_20260826_194222_highrate_truth.csv,True,/mnt/hdd16T/ToqeerHomeBackup/mujoco_project/outputs/_highrate_overnight/campaign_highrate_truth_v3_rne_corrected396,/mnt/hdd16T/ToqeerHomeBackup/mujoco_project/outputs/_highrate_overnight/campaign_highrate_truth_v3_rne_corrected396/runs/P030/task_40/scenario40_age73_h1p58_sex_female_w64p0_20260826_194222/fall_scenario40_age73_20260826_194222_dynamics_frames.csv,False
/mnt/hdd16T/ToqeerHomeBackup/mujoco_project/outputs/_highrate_overnight/campaign_highrate_truth_v3_rne_corrected396/runs/P030/task_41/scenario41_age73_h1p58_sex_female_w64p0_20260826_194259/fall_scenario41_age73_20260826_194259_highrate_truth.csv,True,/mnt/hdd16T/ToqeerHomeBackup/mujoco_project/outputs/_highrate_overnight/campaign_highrate_truth_v3_rne_corrected396,/mnt/hdd16T/ToqeerHomeBackup/mujoco_project/outputs/_highrate_overnight/campaign_highrate_truth_v3_rne_corrected396/runs/P030/task_41/scenario41_age73_h1p58_sex_female_w64p0_20260826_194259/fall_scenario41_age73_20260826_194259_dynamics_frames.csv,False
/mnt/hdd16T/ToqeerHomeBackup/mujoco_project/outputs/_highrate_overnight/campaign_highrate_truth_v3_rne_corrected396/runs/P030/task_42/scenario42_age73_h1p58_sex_female_w64p0_20260826_194336/fall_scenario42_age73_20260826_194336_highrate_truth.csv,True,/mnt/hdd16T/ToqeerHomeBackup/mujoco_project/outputs/_highrate_overnight/campaign_highrate_truth_v3_rne_corrected396,/mnt/hdd16T/ToqeerHomeBackup/mujoco_project/outputs/_highrate_overnight/campaign_highrate_truth_v3_rne_corrected396/runs/P030/task_42/scenario42_age73_h1p58_sex_female_w64p0_20260826_194336/fall_scenario42_age73_20260826_194336_dynamics_frames.csv,False
/mnt/hdd16T/ToqeerHomeBackup/mujoco_project/outputs/_highrate_overnight/campaign_highrate_truth_v3_rne_corrected396/runs/P031/task_20/scenario20_age74_h1p78_sex_male_w84p0_20260826_194414/fall_scenario20_age74_20260826_194414_highrate_truth.csv,True,/mnt/hdd16T/ToqeerHomeBackup/mujoco_project/outputs/_highrate_overnight/campaign_highrate_truth_v3_rne_corrected396,/mnt/hdd16T/ToqeerHomeBackup/mujoco_project/outputs/_highrate_overnight/campaign_highrate_truth_v3_rne_corrected396/runs/P031/task_20/scenario20_age74_h1p78_sex_male_w84p0_20260826_194414/fall_scenario20_age74_20260826_194414_dynamics_frames.csv,False
/mnt/hdd16T/ToqeerHomeBackup/mujoco_project/outputs/_highrate_overnight/campaign_highrate_truth_v3_rne_corrected396/runs/P031/task_21/scenario21_age74_h1p78_sex_male_w84p0_20260826_194518/fall_scenario21_age74_20260826_194518_highrate_truth.csv,True,/mnt/hdd16T/ToqeerHomeBackup/mujoco_project/outputs/_highrate_overnight/campaign_highrate_truth_v3_rne_corrected396,/mnt/hdd16T/ToqeerHomeBackup/mujoco_project/outputs/_highrate_overnight/campaign_highrate_truth_v3_rne_corrected396/runs/P031/task_21/scenario21_age74_h1p78_sex_male_w84p0_20260826_194518/fall_scenario21_age74_20260826_194518_dynamics_frames.csv,False
/mnt/hdd16T/ToqeerHomeBackup/mujoco_project/outputs/_highrate_overnight/campaign_highrate_truth_v3_rne_corrected396/runs/P031/task_22/scenario22_age74_h1p78_sex_male_w84p0_20260826_194554/fall_scenario22_age74_20260826_194554_highrate_truth.csv,True,/mnt/hdd16T/ToqeerHomeBackup/mujoco_project/outputs/_highrate_overnight/campaign_highrate_truth_v3_rne_corrected396,/mnt/hdd16T/ToqeerHomeBackup/mujoco_project/outputs/_highrate_overnight/campaign_highrate_truth_v3_rne_corrected396/runs/P031/task_22/scenario22_age74_h1p78_sex_male_w84p0_20260826_194554/fall_scenario22_age74_20260826_194554_dynamics_frames.csv,False
/mnt/hdd16T/ToqeerHomeBackup/mujoco_project/outputs/_highrate_overnight/campaign_highrate_truth_v3_rne_corrected396/runs/P031/task_23/scenario23_age74_h1p78_sex_male_w84p0_20260826_194631/fall_scenario23_age74_20260826_194631_highrate_truth.csv,True,/mnt/hdd16T/ToqeerHomeBackup/mujoco_project/outputs/_highrate_overnight/campaign_highrate_truth_v3_rne_corrected396,/mnt/hdd16T/ToqeerHomeBackup/mujoco_project/outputs/_highrate_overnight/campaign_highrate_truth_v3_rne_corrected396/runs/P031/task_23/scenario23_age74_h1p78_sex_male_w84p0_20260826_194631/fall_scenario23_age74_20260826_194631_dynamics_frames.csv,False
/mnt/hdd16T/ToqeerHomeBackup/mujoco_project/outputs/_highrate_overnight/campaign_highrate_truth_v3_rne_corrected396/runs/P031/task_24/scenario24_age74_h1p78_sex_male_w84p0_20260826_194735/fall_scenario24_age74_20260826_194735_highrate_truth.csv,True,/mnt/hdd16T/ToqeerHomeBackup/mujoco_project/outputs/_highrate_overnight/campaign_highrate_truth_v3_rne_corrected396,/mnt/hdd16T/ToqeerHomeBackup/mujoco_project/outputs/_highrate_overnight/campaign_highrate_truth_v3_rne_corrected396/runs/P031/task_24/scenario24_age74_h1p78_sex_male_w84p0_20260826_194735/fall_scenario24_age74_20260826_194735_dynamics_frames.csv,False
/mnt/hdd16T/ToqeerHomeBackup/mujoco_project/outputs/_highrate_overnight/campaign_highrate_truth_v3_rne_corrected396/runs/P031/task_28/scenario28_age74_h1p78_sex_male_w84p0_20260826_194811/fall_scenario28_age74_20260826_194811_highrate_truth.csv,True,/mnt/hdd16T/ToqeerHomeBackup/mujoco_project/outputs/_highrate_overnight/campaign_highrate_truth_v3_rne_corrected396,/mnt/hdd16T/ToqeerHomeBackup/mujoco_project/outputs/_highrate_overnight/campaign_highrate_truth_v3_rne_corrected396/runs/P031/task_28/scenario28_age74_h1p78_sex_male_w84p0_20260826_194811/fall_scenario28_age74_20260826_194811_dynamics_frames.csv,False
/mnt/hdd16T/ToqeerHomeBackup/mujoco_project/outputs/_highrate_overnight/campaign_highrate_truth_v3_rne_corrected396/runs/P031/task_29/scenario29_age74_h1p78_sex_male_w84p0_20260826_195046/fall_scenario29_age74_20260826_195046_highrate_truth.csv,True,/mnt/hdd16T/ToqeerHomeBackup/mujoco_project/outputs/_highrate_overnight/campaign_highrate_truth_v3_rne_corrected396,/mnt/hdd16T/ToqeerHomeBackup/mujoco_project/outputs/_highrate_overnight/campaign_highrate_truth_v3_rne_corrected396/runs/P031/task_29/scenario29_age74_h1p78_sex_male_w84p0_20260826_195046/fall_scenario29_age74_20260826_195046_dynamics_frames.csv,False
/mnt/hdd16T/ToqeerHomeBackup/mujoco_project/outputs/_highrate_overnight/campaign_highrate_truth_v3_rne_corrected396/runs/P031/task_30/scenario30_age74_h1p78_sex_male_w84p0_20260826_195321/fall_scenario30_age74_20260826_195321_highrate_truth.csv,True,/mnt/hdd16T/ToqeerHomeBackup/mujoco_project/outputs/_highrate_overnight/campaign_highrate_truth_v3_rne_corrected396,/mnt/hdd16T/ToqeerHomeBackup/mujoco_project/outputs/_highrate_overnight/campaign_highrate_truth_v3_rne_corrected396/runs/P031/task_30/scenario30_age74_h1p78_sex_male_w84p0_20260826_195321/fall_scenario30_age74_20260826_195321_dynamics_frames.csv,False
/mnt/hdd16T/ToqeerHomeBackup/mujoco_project/outputs/_highrate_overnight/campaign_highrate_truth_v3_rne_corrected396/runs/P031/task_31/scenario31_age74_h1p78_sex_male_w84p0_20260826_195557/fall_scenario31_age74_20260826_195557_highrate_truth.csv,True,/mnt/hdd16T/ToqeerHomeBackup/mujoco_project/outputs/_highrate_overnight/campaign_highrate_truth_v3_rne_corrected396,/mnt/hdd16T/ToqeerHomeBackup/mujoco_project/outputs/_highrate_overnight/campaign_highrate_truth_v3_rne_corrected396/runs/P031/task_31/scenario31_age74_h1p78_sex_male_w84p0_20260826_195557/fall_scenario31_age74_20260826_195557_dynamics_frames.csv,False
/mnt/hdd16T/ToqeerHomeBackup/mujoco_project/outputs/_highrate_overnight/campaign_highrate_truth_v3_rne_corrected396/runs/P031/task_32/scenario32_age74_h1p78_sex_male_w84p0_20260826_195832/fall_scenario32_age74_20260826_195832_highrate_truth.csv,True,/mnt/hdd16T/ToqeerHomeBackup/mujoco_project/outputs/_highrate_overnight/campaign_highrate_truth_v3_rne_corrected396,/mnt/hdd16T/ToqeerHomeBackup/mujoco_project/outputs/_highrate_overnight/campaign_highrate_truth_v3_rne_corrected396/runs/P031/task_32/scenario32_age74_h1p78_sex_male_w84p0_20260826_195832/fall_scenario32_age74_20260826_195832_dynamics_frames.csv,False
/mnt/hdd16T/ToqeerHomeBackup/mujoco_project/outputs/_highrate_overnight/campaign_highrate_truth_v3_rne_corrected396/runs/P031/task_33/scenario33_age74_h1p78_sex_male_w84p0_20260826_200107/fall_scenario33_age74_20260826_200107_highrate_truth.csv,True,/mnt/hdd16T/ToqeerHomeBackup/mujoco_project/outputs/_highrate_overnight/campaign_highrate_truth_v3_rne_corrected396,/mnt/hdd16T/ToqeerHomeBackup/mujoco_project/outputs/_highrate_overnight/campaign_highrate_truth_v3_rne_corrected396/runs/P031/task_33/scenario33_age74_h1p78_sex_male_w84p0_20260826_200107/fall_scenario33_age74_20260826_200107_dynamics_frames.csv,False
/mnt/hdd16T/ToqeerHomeBackup/mujoco_project/outputs/_highrate_overnight/campaign_highrate_truth_v3_rne_corrected396/runs/P031/task_34/scenario34_age74_h1p78_sex_male_w84p0_20260826_200342/fall_scenario34_age74_20260826_200342_highrate_truth.csv,True,/mnt/hdd16T/ToqeerHomeBackup/mujoco_project/outputs/_highrate_overnight/campaign_highrate_truth_v3_rne_corrected396,/mnt/hdd16T/ToqeerHomeBackup/mujoco_project/outputs/_highrate_overnight/campaign_highrate_truth_v3_rne_corrected396/runs/P031/task_34/scenario34_age74_h1p78_sex_male_w84p0_20260826_200342/fall_scenario34_age74_20260826_200342_dynamics_frames.csv,False
/mnt/hdd16T/ToqeerHomeBackup/mujoco_project/outputs/_highrate_overnight/campaign_highrate_truth_v3_rne_corrected396/runs/P031/task_37/scenario37_age74_h1p78_sex_male_w84p0_20260826_200617/fall_scenario37_age74_20260826_200617_highrate_truth.csv,True,/mnt/hdd16T/ToqeerHomeBackup/mujoco_project/outputs/_highrate_overnight/campaign_highrate_truth_v3_rne_corrected396,/mnt/hdd16T/ToqeerHomeBackup/mujoco_project/outputs/_highrate_overnight/campaign_highrate_truth_v3_rne_corrected396/runs/P031/task_37/scenario37_age74_h1p78_sex_male_w84p0_20260826_200617/fall_scenario37_age74_20260826_200617_dynamics_frames.csv,False
/mnt/hdd16T/ToqeerHomeBackup/mujoco_project/outputs/_highrate_overnight/campaign_highrate_truth_v3_rne_corrected396/runs/P031/task_38/scenario38_age74_h1p78_sex_male_w84p0_20260826_200853/fall_scenario38_age74_20260826_200853_highrate_truth.csv,True,/mnt/hdd16T/ToqeerHomeBackup/mujoco_project/outputs/_highrate_overnight/campaign_highrate_truth_v3_rne_corrected396,/mnt/hdd16T/ToqeerHomeBackup/mujoco_project/outputs/_highrate_overnight/campaign_highrate_truth_v3_rne_corrected396/runs/P031/task_38/scenario38_age74_h1p78_sex_male_w84p0_20260826_200853/fall_scenario38_age74_20260826_200853_dynamics_frames.csv,False
/mnt/hdd16T/ToqeerHomeBackup/mujoco_project/outputs/_highrate_overnight/campaign_highrate_truth_v3_rne_corrected396/runs/P031/task_39/scenario39_age74_h1p78_sex_male_w84p0_20260826_201127/fall_scenario39_age74_20260826_201127_highrate_truth.csv,True,/mnt/hdd16T/ToqeerHomeBackup/mujoco_project/outputs/_highrate_overnight/campaign_highrate_truth_v3_rne_corrected396,/mnt/hdd16T/ToqeerHomeBackup/mujoco_project/outputs/_highrate_overnight/campaign_highrate_truth_v3_rne_corrected396/runs/P031/task_39/scenario39_age74_h1p78_sex_male_w84p0_20260826_201127/fall_scenario39_age74_20260826_201127_dynamics_frames.csv,False
/mnt/hdd16T/ToqeerHomeBackup/mujoco_project/outputs/_highrate_overnight/campaign_highrate_truth_v3_rne_corrected396/runs/P031/task_40/scenario40_age74_h1p78_sex_male_w84p0_20260826_201204/fall_scenario40_age74_20260826_201204_highrate_truth.csv,True,/mnt/hdd16T/ToqeerHomeBackup/mujoco_project/outputs/_highrate_overnight/campaign_highrate_truth_v3_rne_corrected396,/mnt/hdd16T/ToqeerHomeBackup/mujoco_project/outputs/_highrate_overnight/campaign_highrate_truth_v3_rne_corrected396/runs/P031/task_40/scenario40_age74_h1p78_sex_male_w84p0_20260826_201204/fall_scenario40_age74_20260826_201204_dynamics_frames.csv,False
/mnt/hdd16T/ToqeerHomeBackup/mujoco_project/outputs/_highrate_overnight/campaign_highrate_truth_v3_rne_corrected396/runs/P031/task_41/scenario41_age74_h1p78_sex_male_w84p0_20260826_201241/fall_scenario41_age74_20260826_201241_highrate_truth.csv,True,/mnt/hdd16T/ToqeerHomeBackup/mujoco_project/outputs/_highrate_overnight/campaign_highrate_truth_v3_rne_corrected396,/mnt/hdd16T/ToqeerHomeBackup/mujoco_project/outputs/_highrate_overnight/campaign_highrate_truth_v3_rne_corrected396/runs/P031/task_41/scenario41_age74_h1p78_sex_male_w84p0_20260826_201241/fall_scenario41_age74_20260826_201241_dynamics_frames.csv,False
/mnt/hdd16T/ToqeerHomeBackup/mujoco_project/outputs/_highrate_overnight/campaign_highrate_truth_v3_rne_corrected396/runs/P031/task_42/scenario42_age74_h1p78_sex_male_w84p0_20260826_201318/fall_scenario42_age74_20260826_201318_highrate_truth.csv,True,/mnt/hdd16T/ToqeerHomeBackup/mujoco_project/outputs/_highrate_overnight/campaign_highrate_truth_v3_rne_corrected396,/mnt/hdd16T/ToqeerHomeBackup/mujoco_project/outputs/_highrate_overnight/campaign_highrate_truth_v3_rne_corrected396/runs/P031/task_42/scenario42_age74_h1p78_sex_male_w84p0_20260826_201318/fall_scenario42_age74_20260826_201318_dynamics_frames.csv,False
/mnt/hdd16T/ToqeerHomeBackup/mujoco_project/outputs/_highrate_overnight/campaign_highrate_truth_v3_rne_corrected396/runs/P032/task_20/scenario20_age75_h1p75_sex_female_w80p0_20260826_201357/fall_scenario20_age75_20260826_201357_highrate_truth.csv,True,/mnt/hdd16T/ToqeerHomeBackup/mujoco_project/outputs/_highrate_overnight/campaign_highrate_truth_v3_rne_corrected396,/mnt/hdd16T/ToqeerHomeBackup/mujoco_project/outputs/_highrate_overnight/campaign_highrate_truth_v3_rne_corrected396/runs/P032/task_20/scenario20_age75_h1p75_sex_female_w80p0_20260826_201357/fall_scenario20_age75_20260826_201357_dynamics_frames.csv,False
/mnt/hdd16T/ToqeerHomeBackup/mujoco_project/outputs/_highrate_overnight/campaign_highrate_truth_v3_rne_corrected396/runs/P032/task_21/scenario21_age75_h1p75_sex_female_w80p0_20260826_201501/fall_scenario21_age75_20260826_201501_highrate_truth.csv,True,/mnt/hdd16T/ToqeerHomeBackup/mujoco_project/outputs/_highrate_overnight/campaign_highrate_truth_v3_rne_corrected396,/mnt/hdd16T/ToqeerHomeBackup/mujoco_project/outputs/_highrate_overnight/campaign_highrate_truth_v3_rne_corrected396/runs/P032/task_21/scenario21_age75_h1p75_sex_female_w80p0_20260826_201501/fall_scenario21_age75_20260826_201501_dynamics_frames.csv,False
/mnt/hdd16T/ToqeerHomeBackup/mujoco_project/outputs/_highrate_overnight/campaign_highrate_truth_v3_rne_corrected396/runs/P032/task_22/scenario22_age75_h1p75_sex_female_w80p0_20260826_201538/fall_scenario22_age75_20260826_201538_highrate_truth.csv,True,/mnt/hdd16T/ToqeerHomeBackup/mujoco_project/outputs/_highrate_overnight/campaign_highrate_truth_v3_rne_corrected396,/mnt/hdd16T/ToqeerHomeBackup/mujoco_project/outputs/_highrate_overnight/campaign_highrate_truth_v3_rne_corrected396/runs/P032/task_22/scenario22_age75_h1p75_sex_female_w80p0_20260826_201538/fall_scenario22_age75_20260826_201538_dynamics_frames.csv,False
/mnt/hdd16T/ToqeerHomeBackup/mujoco_project/outputs/_highrate_overnight/campaign_highrate_truth_v3_rne_corrected396/runs/P032/task_23/scenario23_age75_h1p75_sex_female_w80p0_20260826_201614/fall_scenario23_age75_20260826_201614_highrate_truth.csv,True,/mnt/hdd16T/ToqeerHomeBackup/mujoco_project/outputs/_highrate_overnight/campaign_highrate_truth_v3_rne_corrected396,/mnt/hdd16T/ToqeerHomeBackup/mujoco_project/outputs/_highrate_overnight/campaign_highrate_truth_v3_rne_corrected396/runs/P032/task_23/scenario23_age75_h1p75_sex_female_w80p0_20260826_201614/fall_scenario23_age75_20260826_201614_dynamics_frames.csv,False
/mnt/hdd16T/ToqeerHomeBackup/mujoco_project/outputs/_highrate_overnight/campaign_highrate_truth_v3_rne_corrected396/runs/P032/task_24/scenario24_age75_h1p75_sex_female_w80p0_20260826_201719/fall_scenario24_age75_20260826_201719_highrate_truth.csv,True,/mnt/hdd16T/ToqeerHomeBackup/mujoco_project/outputs/_highrate_overnight/campaign_highrate_truth_v3_rne_corrected396,/mnt/hdd16T/ToqeerHomeBackup/mujoco_project/outputs/_highrate_overnight/campaign_highrate_truth_v3_rne_corrected396/runs/P032/task_24/scenario24_age75_h1p75_sex_female_w80p0_20260826_201719/fall_scenario24_age75_20260826_201719_dynamics_frames.csv,False
/mnt/hdd16T/ToqeerHomeBackup/mujoco_project/outputs/_highrate_overnight/campaign_highrate_truth_v3_rne_corrected396/runs/P032/task_28/scenario28_age75_h1p75_sex_female_w80p0_20260826_201755/fall_scenario28_age75_20260826_201755_highrate_truth.csv,True,/mnt/hdd16T/ToqeerHomeBackup/mujoco_project/outputs/_highrate_overnight/campaign_highrate_truth_v3_rne_corrected396,/mnt/hdd16T/ToqeerHomeBackup/mujoco_project/outputs/_highrate_overnight/campaign_highrate_truth_v3_rne_corrected396/runs/P032/task_28/scenario28_age75_h1p75_sex_female_w80p0_20260826_201755/fall_scenario28_age75_20260826_201755_dynamics_frames.csv,False
/mnt/hdd16T/ToqeerHomeBackup/mujoco_project/outputs/_highrate_overnight/campaign_highrate_truth_v3_rne_corrected396/runs/P032/task_29/scenario29_age75_h1p75_sex_female_w80p0_20260826_202030/fall_scenario29_age75_20260826_202030_highrate_truth.csv,True,/mnt/hdd16T/ToqeerHomeBackup/mujoco_project/outputs/_highrate_overnight/campaign_highrate_truth_v3_rne_corrected396,/mnt/hdd16T/ToqeerHomeBackup/mujoco_project/outputs/_highrate_overnight/campaign_highrate_truth_v3_rne_corrected396/runs/P032/task_29/scenario29_age75_h1p75_sex_female_w80p0_20260826_202030/fall_scenario29_age75_20260826_202030_dynamics_frames.csv,False
/mnt/hdd16T/ToqeerHomeBackup/mujoco_project/outputs/_highrate_overnight/campaign_highrate_truth_v3_rne_corrected396/runs/P032/task_30/scenario30_age75_h1p75_sex_female_w80p0_20260826_202304/fall_scenario30_age75_20260826_202304_highrate_truth.csv,True,/mnt/hdd16T/ToqeerHomeBackup/mujoco_project/outputs/_highrate_overnight/campaign_highrate_truth_v3_rne_corrected396,/mnt/hdd16T/ToqeerHomeBackup/mujoco_project/outputs/_highrate_overnight/campaign_highrate_truth_v3_rne_corrected396/runs/P032/task_30/scenario30_age75_h1p75_sex_female_w80p0_20260826_202304/fall_scenario30_age75_20260826_202304_dynamics_frames.csv,False
/mnt/hdd16T/ToqeerHomeBackup/mujoco_project/outputs/_highrate_overnight/campaign_highrate_truth_v3_rne_corrected396/runs/P032/task_31/scenario31_age75_h1p75_sex_female_w80p0_20260826_202540/fall_scenario31_age75_20260826_202540_highrate_truth.csv,True,/mnt/hdd16T/ToqeerHomeBackup/mujoco_project/outputs/_highrate_overnight/campaign_highrate_truth_v3_rne_corrected396,/mnt/hdd16T/ToqeerHomeBackup/mujoco_project/outputs/_highrate_overnight/campaign_highrate_truth_v3_rne_corrected396/runs/P032/task_31/scenario31_age75_h1p75_sex_female_w80p0_20260826_202540/fall_scenario31_age75_20260826_202540_dynamics_frames.csv,False
/mnt/hdd16T/ToqeerHomeBackup/mujoco_project/outputs/_highrate_overnight/campaign_highrate_truth_v3_rne_corrected396/runs/P032/task_32/scenario32_age75_h1p75_sex_female_w80p0_20260826_202815/fall_scenario32_age75_20260826_202815_highrate_truth.csv,True,/mnt/hdd16T/ToqeerHomeBackup/mujoco_project/outputs/_highrate_overnight/campaign_highrate_truth_v3_rne_corrected396,/mnt/hdd16T/ToqeerHomeBackup/mujoco_project/outputs/_highrate_overnight/campaign_highrate_truth_v3_rne_corrected396/runs/P032/task_32/scenario32_age75_h1p75_sex_female_w80p0_20260826_202815/fall_scenario32_age75_20260826_202815_dynamics_frames.csv,False
/mnt/hdd16T/ToqeerHomeBackup/mujoco_project/outputs/_highrate_overnight/campaign_highrate_truth_v3_rne_corrected396/runs/P032/task_33/scenario33_age75_h1p75_sex_female_w80p0_20260826_203050/fall_scenario33_age75_20260826_203050_highrate_truth.csv,True,/mnt/hdd16T/ToqeerHomeBackup/mujoco_project/outputs/_highrate_overnight/campaign_highrate_truth_v3_rne_corrected396,/mnt/hdd16T/ToqeerHomeBackup/mujoco_project/outputs/_highrate_overnight/campaign_highrate_truth_v3_rne_corrected396/runs/P032/task_33/scenario33_age75_h1p75_sex_female_w80p0_20260826_203050/fall_scenario33_age75_20260826_203050_dynamics_frames.csv,False
/mnt/hdd16T/ToqeerHomeBackup/mujoco_project/outputs/_highrate_overnight/campaign_highrate_truth_v3_rne_corrected396/runs/P032/task_34/scenario34_age75_h1p75_sex_female_w80p0_20260826_203325/fall_scenario34_age75_20260826_203325_highrate_truth.csv,True,/mnt/hdd16T/ToqeerHomeBackup/mujoco_project/outputs/_highrate_overnight/campaign_highrate_truth_v3_rne_corrected396,/mnt/hdd16T/ToqeerHomeBackup/mujoco_project/outputs/_highrate_overnight/campaign_highrate_truth_v3_rne_corrected396/runs/P032/task_34/scenario34_age75_h1p75_sex_female_w80p0_20260826_203325/fall_scenario34_age75_20260826_203325_dynamics_frames.csv,False
/mnt/hdd16T/ToqeerHomeBackup/mujoco_project/outputs/_highrate_overnight/campaign_highrate_truth_v3_rne_corrected396/runs/P032/task_37/scenario37_age75_h1p75_sex_female_w80p0_20260826_203601/fall_scenario37_age75_20260826_203601_highrate_truth.csv,True,/mnt/hdd16T/ToqeerHomeBackup/mujoco_project/outputs/_highrate_overnight/campaign_highrate_truth_v3_rne_corrected396,/mnt/hdd16T/ToqeerHomeBackup/mujoco_project/outputs/_highrate_overnight/campaign_highrate_truth_v3_rne_corrected396/runs/P032/task_37/scenario37_age75_h1p75_sex_female_w80p0_20260826_203601/fall_scenario37_age75_20260826_203601_dynamics_frames.csv,False
/mnt/hdd16T/ToqeerHomeBackup/mujoco_project/outputs/_highrate_overnight/campaign_highrate_truth_v3_rne_corrected396/runs/P032/task_38/scenario38_age75_h1p75_sex_female_w80p0_20260826_203836/fall_scenario38_age75_20260826_203836_highrate_truth.csv,True,/mnt/hdd16T/ToqeerHomeBackup/mujoco_project/outputs/_highrate_overnight/campaign_highrate_truth_v3_rne_corrected396,/mnt/hdd16T/ToqeerHomeBackup/mujoco_project/outputs/_highrate_overnight/campaign_highrate_truth_v3_rne_corrected396/runs/P032/task_38/scenario38_age75_h1p75_sex_female_w80p0_20260826_203836/fall_scenario38_age75_20260826_203836_dynamics_frames.csv,False
/mnt/hdd16T/ToqeerHomeBackup/mujoco_project/outputs/_highrate_overnight/campaign_highrate_truth_v3_rne_corrected396/runs/P032/task_39/scenario39_age75_h1p75_sex_female_w80p0_20260826_204110/fall_scenario39_age75_20260826_204110_highrate_truth.csv,True,/mnt/hdd16T/ToqeerHomeBackup/mujoco_project/outputs/_highrate_overnight/campaign_highrate_truth_v3_rne_corrected396,/mnt/hdd16T/ToqeerHomeBackup/mujoco_project/outputs/_highrate_overnight/campaign_highrate_truth_v3_rne_corrected396/runs/P032/task_39/scenario39_age75_h1p75_sex_female_w80p0_20260826_204110/fall_scenario39_age75_20260826_204110_dynamics_frames.csv,False
/mnt/hdd16T/ToqeerHomeBackup/mujoco_project/outputs/_highrate_overnight/campaign_highrate_truth_v3_rne_corrected396/runs/P032/task_40/scenario40_age75_h1p75_sex_female_w80p0_20260826_204147/fall_scenario40_age75_20260826_204147_highrate_truth.csv,True,/mnt/hdd16T/ToqeerHomeBackup/mujoco_project/outputs/_highrate_overnight/campaign_highrate_truth_v3_rne_corrected396,/mnt/hdd16T/ToqeerHomeBackup/mujoco_project/outputs/_highrate_overnight/campaign_highrate_truth_v3_rne_corrected396/runs/P032/task_40/scenario40_age75_h1p75_sex_female_w80p0_20260826_204147/fall_scenario40_age75_20260826_204147_dynamics_frames.csv,False
/mnt/hdd16T/ToqeerHomeBackup/mujoco_project/outputs/_highrate_overnight/campaign_highrate_truth_v3_rne_corrected396/runs/P032/task_41/scenario41_age75_h1p75_sex_female_w80p0_20260826_204224/fall_scenario41_age75_20260826_204224_highrate_truth.csv,True,/mnt/hdd16T/ToqeerHomeBackup/mujoco_project/outputs/_highrate_overnight/campaign_highrate_truth_v3_rne_corrected396,/mnt/hdd16T/ToqeerHomeBackup/mujoco_project/outputs/_highrate_overnight/campaign_highrate_truth_v3_rne_corrected396/runs/P032/task_41/scenario41_age75_h1p75_sex_female_w80p0_20260826_204224/fall_scenario41_age75_20260826_204224_dynamics_frames.csv,False
/mnt/hdd16T/ToqeerHomeBackup/mujoco_project/outputs/_highrate_overnight/campaign_highrate_truth_v3_rne_corrected396/runs/P032/task_42/scenario42_age75_h1p75_sex_female_w80p0_20260826_204301/fall_scenario42_age75_20260826_204301_highrate_truth.csv,True,/mnt/hdd16T/ToqeerHomeBackup/mujoco_project/outputs/_highrate_overnight/campaign_highrate_truth_v3_rne_corrected396,/mnt/hdd16T/ToqeerHomeBackup/mujoco_project/outputs/_highrate_overnight/campaign_highrate_truth_v3_rne_corrected396/runs/P032/task_42/scenario42_age75_h1p75_sex_female_w80p0_20260826_204301/fall_scenario42_age75_20260826_204301_dynamics_frames.csv,False
/mnt/hdd16T/ToqeerHomeBackup/mujoco_project/outputs/_highrate_overnight/campaign_highrate_truth_v3_rne_corrected396/runs/P033/task_20/scenario20_age76_h1p54_sex_female_w67p0_20260826_204338/fall_scenario20_age76_20260826_204338_highrate_truth.csv,True,/mnt/hdd16T/ToqeerHomeBackup/mujoco_project/outputs/_highrate_overnight/campaign_highrate_truth_v3_rne_corrected396,/mnt/hdd16T/ToqeerHomeBackup/mujoco_project/outputs/_highrate_overnight/campaign_highrate_truth_v3_rne_corrected396/runs/P033/task_20/scenario20_age76_h1p54_sex_female_w67p0_20260826_204338/fall_scenario20_age76_20260826_204338_dynamics_frames.csv,False
/mnt/hdd16T/ToqeerHomeBackup/mujoco_project/outputs/_highrate_overnight/campaign_highrate_truth_v3_rne_corrected396/runs/P033/task_21/scenario21_age76_h1p54_sex_female_w67p0_20260826_204443/fall_scenario21_age76_20260826_204443_highrate_truth.csv,True,/mnt/hdd16T/ToqeerHomeBackup/mujoco_project/outputs/_highrate_overnight/campaign_highrate_truth_v3_rne_corrected396,/mnt/hdd16T/ToqeerHomeBackup/mujoco_project/outputs/_highrate_overnight/campaign_highrate_truth_v3_rne_corrected396/runs/P033/task_21/scenario21_age76_h1p54_sex_female_w67p0_20260826_204443/fall_scenario21_age76_20260826_204443_dynamics_frames.csv,False
/mnt/hdd16T/ToqeerHomeBackup/mujoco_project/outputs/_highrate_overnight/campaign_highrate_truth_v3_rne_corrected396/runs/P033/task_22/scenario22_age76_h1p54_sex_female_w67p0_20260826_204519/fall_scenario22_age76_20260826_204519_highrate_truth.csv,True,/mnt/hdd16T/ToqeerHomeBackup/mujoco_project/outputs/_highrate_overnight/campaign_highrate_truth_v3_rne_corrected396,/mnt/hdd16T/ToqeerHomeBackup/mujoco_project/outputs/_highrate_overnight/campaign_highrate_truth_v3_rne_corrected396/runs/P033/task_22/scenario22_age76_h1p54_sex_female_w67p0_20260826_204519/fall_scenario22_age76_20260826_204519_dynamics_frames.csv,False
/mnt/hdd16T/ToqeerHomeBackup/mujoco_project/outputs/_highrate_overnight/campaign_highrate_truth_v3_rne_corrected396/runs/P033/task_23/scenario23_age76_h1p54_sex_female_w67p0_20260826_204555/fall_scenario23_age76_20260826_204555_highrate_truth.csv,True,/mnt/hdd16T/ToqeerHomeBackup/mujoco_project/outputs/_highrate_overnight/campaign_highrate_truth_v3_rne_corrected396,/mnt/hdd16T/ToqeerHomeBackup/mujoco_project/outputs/_highrate_overnight/campaign_highrate_truth_v3_rne_corrected396/runs/P033/task_23/scenario23_age76_h1p54_sex_female_w67p0_20260826_204555/fall_scenario23_age76_20260826_204555_dynamics_frames.csv,False
/mnt/hdd16T/ToqeerHomeBackup/mujoco_project/outputs/_highrate_overnight/campaign_highrate_truth_v3_rne_corrected396/runs/P033/task_24/scenario24_age76_h1p54_sex_female_w67p0_20260826_204700/fall_scenario24_age76_20260826_204700_highrate_truth.csv,True,/mnt/hdd16T/ToqeerHomeBackup/mujoco_project/outputs/_highrate_overnight/campaign_highrate_truth_v3_rne_corrected396,/mnt/hdd16T/ToqeerHomeBackup/mujoco_project/outputs/_highrate_overnight/campaign_highrate_truth_v3_rne_corrected396/runs/P033/task_24/scenario24_age76_h1p54_sex_female_w67p0_20260826_204700/fall_scenario24_age76_20260826_204700_dynamics_frames.csv,False
/mnt/hdd16T/ToqeerHomeBackup/mujoco_project/outputs/_highrate_overnight/campaign_highrate_truth_v3_rne_corrected396/runs/P033/task_28/scenario28_age76_h1p54_sex_female_w67p0_20260826_204736/fall_scenario28_age76_20260826_204736_highrate_truth.csv,True,/mnt/hdd16T/ToqeerHomeBackup/mujoco_project/outputs/_highrate_overnight/campaign_highrate_truth_v3_rne_corrected396,/mnt/hdd16T/ToqeerHomeBackup/mujoco_project/outputs/_highrate_overnight/campaign_highrate_truth_v3_rne_corrected396/runs/P033/task_28/scenario28_age76_h1p54_sex_female_w67p0_20260826_204736/fall_scenario28_age76_20260826_204736_dynamics_frames.csv,False
/mnt/hdd16T/ToqeerHomeBackup/mujoco_project/outputs/_highrate_overnight/campaign_highrate_truth_v3_rne_corrected396/runs/P033/task_29/scenario29_age76_h1p54_sex_female_w67p0_20260826_205011/fall_scenario29_age76_20260826_205011_highrate_truth.csv,True,/mnt/hdd16T/ToqeerHomeBackup/mujoco_project/outputs/_highrate_overnight/campaign_highrate_truth_v3_rne_corrected396,/mnt/hdd16T/ToqeerHomeBackup/mujoco_project/outputs/_highrate_overnight/campaign_highrate_truth_v3_rne_corrected396/runs/P033/task_29/scenario29_age76_h1p54_sex_female_w67p0_20260826_205011/fall_scenario29_age76_20260826_205011_dynamics_frames.csv,False
/mnt/hdd16T/ToqeerHomeBackup/mujoco_project/outputs/_highrate_overnight/campaign_highrate_truth_v3_rne_corrected396/runs/P033/task_30/scenario30_age76_h1p54_sex_female_w67p0_20260826_205245/fall_scenario30_age76_20260826_205245_highrate_truth.csv,True,/mnt/hdd16T/ToqeerHomeBackup/mujoco_project/outputs/_highrate_overnight/campaign_highrate_truth_v3_rne_corrected396,/mnt/hdd16T/ToqeerHomeBackup/mujoco_project/outputs/_highrate_overnight/campaign_highrate_truth_v3_rne_corrected396/runs/P033/task_30/scenario30_age76_h1p54_sex_female_w67p0_20260826_205245/fall_scenario30_age76_20260826_205245_dynamics_frames.csv,False
/mnt/hdd16T/ToqeerHomeBackup/mujoco_project/outputs/_highrate_overnight/campaign_highrate_truth_v3_rne_corrected396/runs/P033/task_31/scenario31_age76_h1p54_sex_female_w67p0_20260826_205520/fall_scenario31_age76_20260826_205520_highrate_truth.csv,True,/mnt/hdd16T/ToqeerHomeBackup/mujoco_project/outputs/_highrate_overnight/campaign_highrate_truth_v3_rne_corrected396,/mnt/hdd16T/ToqeerHomeBackup/mujoco_project/outputs/_highrate_overnight/campaign_highrate_truth_v3_rne_corrected396/runs/P033/task_31/scenario31_age76_h1p54_sex_female_w67p0_20260826_205520/fall_scenario31_age76_20260826_205520_dynamics_frames.csv,False
/mnt/hdd16T/ToqeerHomeBackup/mujoco_project/outputs/_highrate_overnight/campaign_highrate_truth_v3_rne_corrected396/runs/P033/task_32/scenario32_age76_h1p54_sex_female_w67p0_20260826_205756/fall_scenario32_age76_20260826_205756_highrate_truth.csv,True,/mnt/hdd16T/ToqeerHomeBackup/mujoco_project/outputs/_highrate_overnight/campaign_highrate_truth_v3_rne_corrected396,/mnt/hdd16T/ToqeerHomeBackup/mujoco_project/outputs/_highrate_overnight/campaign_highrate_truth_v3_rne_corrected396/runs/P033/task_32/scenario32_age76_h1p54_sex_female_w67p0_20260826_205756/fall_scenario32_age76_20260826_205756_dynamics_frames.csv,False
/mnt/hdd16T/ToqeerHomeBackup/mujoco_project/outputs/_highrate_overnight/campaign_highrate_truth_v3_rne_corrected396/runs/P033/task_33/scenario33_age76_h1p54_sex_female_w67p0_20260826_210031/fall_scenario33_age76_20260826_210031_highrate_truth.csv,True,/mnt/hdd16T/ToqeerHomeBackup/mujoco_project/outputs/_highrate_overnight/campaign_highrate_truth_v3_rne_corrected396,/mnt/hdd16T/ToqeerHomeBackup/mujoco_project/outputs/_highrate_overnight/campaign_highrate_truth_v3_rne_corrected396/runs/P033/task_33/scenario33_age76_h1p54_sex_female_w67p0_20260826_210031/fall_scenario33_age76_20260826_210031_dynamics_frames.csv,False
/mnt/hdd16T/ToqeerHomeBackup/mujoco_project/outputs/_highrate_overnight/campaign_highrate_truth_v3_rne_corrected396/runs/P033/task_34/scenario34_age76_h1p54_sex_female_w67p0_20260826_210306/fall_scenario34_age76_20260826_210306_highrate_truth.csv,True,/mnt/hdd16T/ToqeerHomeBackup/mujoco_project/outputs/_highrate_overnight/campaign_highrate_truth_v3_rne_corrected396,/mnt/hdd16T/ToqeerHomeBackup/mujoco_project/outputs/_highrate_overnight/campaign_highrate_truth_v3_rne_corrected396/runs/P033/task_34/scenario34_age76_h1p54_sex_female_w67p0_20260826_210306/fall_scenario34_age76_20260826_210306_dynamics_frames.csv,False
/mnt/hdd16T/ToqeerHomeBackup/mujoco_project/outputs/_highrate_overnight/campaign_highrate_truth_v3_rne_corrected396/runs/P033/task_37/scenario37_age76_h1p54_sex_female_w67p0_20260826_210541/fall_scenario37_age76_20260826_210541_highrate_truth.csv,True,/mnt/hdd16T/ToqeerHomeBackup/mujoco_project/outputs/_highrate_overnight/campaign_highrate_truth_v3_rne_corrected396,/mnt/hdd16T/ToqeerHomeBackup/mujoco_project/outputs/_highrate_overnight/campaign_highrate_truth_v3_rne_corrected396/runs/P033/task_37/scenario37_age76_h1p54_sex_female_w67p0_20260826_210541/fall_scenario37_age76_20260826_210541_dynamics_frames.csv,False
/mnt/hdd16T/ToqeerHomeBackup/mujoco_project/outputs/_highrate_overnight/campaign_highrate_truth_v3_rne_corrected396/runs/P033/task_38/scenario38_age76_h1p54_sex_female_w67p0_20260826_210816/fall_scenario38_age76_20260826_210816_highrate_truth.csv,True,/mnt/hdd16T/ToqeerHomeBackup/mujoco_project/outputs/_highrate_overnight/campaign_highrate_truth_v3_rne_corrected396,/mnt/hdd16T/ToqeerHomeBackup/mujoco_project/outputs/_highrate_overnight/campaign_highrate_truth_v3_rne_corrected396/runs/P033/task_38/scenario38_age76_h1p54_sex_female_w67p0_20260826_210816/fall_scenario38_age76_20260826_210816_dynamics_frames.csv,False
/mnt/hdd16T/ToqeerHomeBackup/mujoco_project/outputs/_highrate_overnight/campaign_highrate_truth_v3_rne_corrected396/runs/P033/task_39/scenario39_age76_h1p54_sex_female_w67p0_20260826_211052/fall_scenario39_age76_20260826_211052_highrate_truth.csv,True,/mnt/hdd16T/ToqeerHomeBackup/mujoco_project/outputs/_highrate_overnight/campaign_highrate_truth_v3_rne_corrected396,/mnt/hdd16T/ToqeerHomeBackup/mujoco_project/outputs/_highrate_overnight/campaign_highrate_truth_v3_rne_corrected396/runs/P033/task_39/scenario39_age76_h1p54_sex_female_w67p0_20260826_211052/fall_scenario39_age76_20260826_211052_dynamics_frames.csv,False
/mnt/hdd16T/ToqeerHomeBackup/mujoco_project/outputs/_highrate_overnight/campaign_highrate_truth_v3_rne_corrected396/runs/P033/task_40/scenario40_age76_h1p54_sex_female_w67p0_20260826_211129/fall_scenario40_age76_20260826_211129_highrate_truth.csv,True,/mnt/hdd16T/ToqeerHomeBackup/mujoco_project/outputs/_highrate_overnight/campaign_highrate_truth_v3_rne_corrected396,/mnt/hdd16T/ToqeerHomeBackup/mujoco_project/outputs/_highrate_overnight/campaign_highrate_truth_v3_rne_corrected396/runs/P033/task_40/scenario40_age76_h1p54_sex_female_w67p0_20260826_211129/fall_scenario40_age76_20260826_211129_dynamics_frames.csv,False
/mnt/hdd16T/ToqeerHomeBackup/mujoco_project/outputs/_highrate_overnight/campaign_highrate_truth_v3_rne_corrected396/runs/P033/task_41/scenario41_age76_h1p54_sex_female_w67p0_20260826_211206/fall_scenario41_age76_20260826_211206_highrate_truth.csv,True,/mnt/hdd16T/ToqeerHomeBackup/mujoco_project/outputs/_highrate_overnight/campaign_highrate_truth_v3_rne_corrected396,/mnt/hdd16T/ToqeerHomeBackup/mujoco_project/outputs/_highrate_overnight/campaign_highrate_truth_v3_rne_corrected396/runs/P033/task_41/scenario41_age76_h1p54_sex_female_w67p0_20260826_211206/fall_scenario41_age76_20260826_211206_dynamics_frames.csv,False
/mnt/hdd16T/ToqeerHomeBackup/mujoco_project/outputs/_highrate_overnight/campaign_highrate_truth_v3_rne_corrected396/runs/P033/task_42/scenario42_age76_h1p54_sex_female_w67p0_20260826_211243/fall_scenario42_age76_20260826_211243_highrate_truth.csv,True,/mnt/hdd16T/ToqeerHomeBackup/mujoco_project/outputs/_highrate_overnight/campaign_highrate_truth_v3_rne_corrected396,/mnt/hdd16T/ToqeerHomeBackup/mujoco_project/outputs/_highrate_overnight/campaign_highrate_truth_v3_rne_corrected396/runs/P033/task_42/scenario42_age76_h1p54_sex_female_w67p0_20260826_211243/fall_scenario42_age76_20260826_211243_dynamics_frames.csv,False
/mnt/hdd16T/ToqeerHomeBackup/mujoco_project/outputs/_highrate_overnight/campaign_highrate_truth_v3_rne_corrected396/runs/P034/task_20/scenario20_age77_h1p68_sex_male_w74p0_20260826_211321/fall_scenario20_age77_20260826_211321_highrate_truth.csv,True,/mnt/hdd16T/ToqeerHomeBackup/mujoco_project/outputs/_highrate_overnight/campaign_highrate_truth_v3_rne_corrected396,/mnt/hdd16T/ToqeerHomeBackup/mujoco_project/outputs/_highrate_overnight/campaign_highrate_truth_v3_rne_corrected396/runs/P034/task_20/scenario20_age77_h1p68_sex_male_w74p0_20260826_211321/fall_scenario20_age77_20260826_211321_dynamics_frames.csv,False
/mnt/hdd16T/ToqeerHomeBackup/mujoco_project/outputs/_highrate_overnight/campaign_highrate_truth_v3_rne_corrected396/runs/P034/task_21/scenario21_age77_h1p68_sex_male_w74p0_20260826_211425/fall_scenario21_age77_20260826_211425_highrate_truth.csv,True,/mnt/hdd16T/ToqeerHomeBackup/mujoco_project/outputs/_highrate_overnight/campaign_highrate_truth_v3_rne_corrected396,/mnt/hdd16T/ToqeerHomeBackup/mujoco_project/outputs/_highrate_overnight/campaign_highrate_truth_v3_rne_corrected396/runs/P034/task_21/scenario21_age77_h1p68_sex_male_w74p0_20260826_211425/fall_scenario21_age77_20260826_211425_dynamics_frames.csv,False
/mnt/hdd16T/ToqeerHomeBackup/mujoco_project/outputs/_highrate_overnight/campaign_highrate_truth_v3_rne_corrected396/runs/P034/task_22/scenario22_age77_h1p68_sex_male_w74p0_20260826_211502/fall_scenario22_age77_20260826_211502_highrate_truth.csv,True,/mnt/hdd16T/ToqeerHomeBackup/mujoco_project/outputs/_highrate_overnight/campaign_highrate_truth_v3_rne_corrected396,/mnt/hdd16T/ToqeerHomeBackup/mujoco_project/outputs/_highrate_overnight/campaign_highrate_truth_v3_rne_corrected396/runs/P034/task_22/scenario22_age77_h1p68_sex_male_w74p0_20260826_211502/fall_scenario22_age77_20260826_211502_dynamics_frames.csv,False
/mnt/hdd16T/ToqeerHomeBackup/mujoco_project/outputs/_highrate_overnight/campaign_highrate_truth_v3_rne_corrected396/runs/P034/task_23/scenario23_age77_h1p68_sex_male_w74p0_20260826_211538/fall_scenario23_age77_20260826_211538_highrate_truth.csv,True,/mnt/hdd16T/ToqeerHomeBackup/mujoco_project/outputs/_highrate_overnight/campaign_highrate_truth_v3_rne_corrected396,/mnt/hdd16T/ToqeerHomeBackup/mujoco_project/outputs/_highrate_overnight/campaign_highrate_truth_v3_rne_corrected396/runs/P034/task_23/scenario23_age77_h1p68_sex_male_w74p0_20260826_211538/fall_scenario23_age77_20260826_211538_dynamics_frames.csv,False
/mnt/hdd16T/ToqeerHomeBackup/mujoco_project/outputs/_highrate_overnight/campaign_highrate_truth_v3_rne_corrected396/runs/P034/task_24/scenario24_age77_h1p68_sex_male_w74p0_20260826_211643/fall_scenario24_age77_20260826_211643_highrate_truth.csv,True,/mnt/hdd16T/ToqeerHomeBackup/mujoco_project/outputs/_highrate_overnight/campaign_highrate_truth_v3_rne_corrected396,/mnt/hdd16T/ToqeerHomeBackup/mujoco_project/outputs/_highrate_overnight/campaign_highrate_truth_v3_rne_corrected396/runs/P034/task_24/scenario24_age77_h1p68_sex_male_w74p0_20260826_211643/fall_scenario24_age77_20260826_211643_dynamics_frames.csv,False
/mnt/hdd16T/ToqeerHomeBackup/mujoco_project/outputs/_highrate_overnight/campaign_highrate_truth_v3_rne_corrected396/runs/P034/task_28/scenario28_age77_h1p68_sex_male_w74p0_20260826_211719/fall_scenario28_age77_20260826_211719_highrate_truth.csv,True,/mnt/hdd16T/ToqeerHomeBackup/mujoco_project/outputs/_highrate_overnight/campaign_highrate_truth_v3_rne_corrected396,/mnt/hdd16T/ToqeerHomeBackup/mujoco_project/outputs/_highrate_overnight/campaign_highrate_truth_v3_rne_corrected396/runs/P034/task_28/scenario28_age77_h1p68_sex_male_w74p0_20260826_211719/fall_scenario28_age77_20260826_211719_dynamics_frames.csv,False
/mnt/hdd16T/ToqeerHomeBackup/mujoco_project/outputs/_highrate_overnight/campaign_highrate_truth_v3_rne_corrected396/runs/P034/task_29/scenario29_age77_h1p68_sex_male_w74p0_20260826_211956/fall_scenario29_age77_20260826_211956_highrate_truth.csv,True,/mnt/hdd16T/ToqeerHomeBackup/mujoco_project/outputs/_highrate_overnight/campaign_highrate_truth_v3_rne_corrected396,/mnt/hdd16T/ToqeerHomeBackup/mujoco_project/outputs/_highrate_overnight/campaign_highrate_truth_v3_rne_corrected396/runs/P034/task_29/scenario29_age77_h1p68_sex_male_w74p0_20260826_211956/fall_scenario29_age77_20260826_211956_dynamics_frames.csv,False
/mnt/hdd16T/ToqeerHomeBackup/mujoco_project/outputs/_highrate_overnight/campaign_highrate_truth_v3_rne_corrected396/runs/P034/task_30/scenario30_age77_h1p68_sex_male_w74p0_20260826_212234/fall_scenario30_age77_20260826_212234_highrate_truth.csv,True,/mnt/hdd16T/ToqeerHomeBackup/mujoco_project/outputs/_highrate_overnight/campaign_highrate_truth_v3_rne_corrected396,/mnt/hdd16T/ToqeerHomeBackup/mujoco_project/outputs/_highrate_overnight/campaign_highrate_truth_v3_rne_corrected396/runs/P034/task_30/scenario30_age77_h1p68_sex_male_w74p0_20260826_212234/fall_scenario30_age77_20260826_212234_dynamics_frames.csv,False
/mnt/hdd16T/ToqeerHomeBackup/mujoco_project/outputs/_highrate_overnight/campaign_highrate_truth_v3_rne_corrected396/runs/P034/task_31/scenario31_age77_h1p68_sex_male_w74p0_20260826_212509/fall_scenario31_age77_20260826_212509_highrate_truth.csv,True,/mnt/hdd16T/ToqeerHomeBackup/mujoco_project/outputs/_highrate_overnight/campaign_highrate_truth_v3_rne_corrected396,/mnt/hdd16T/ToqeerHomeBackup/mujoco_project/outputs/_highrate_overnight/campaign_highrate_truth_v3_rne_corrected396/runs/P034/task_31/scenario31_age77_h1p68_sex_male_w74p0_20260826_212509/fall_scenario31_age77_20260826_212509_dynamics_frames.csv,False
/mnt/hdd16T/ToqeerHomeBackup/mujoco_project/outputs/_highrate_overnight/campaign_highrate_truth_v3_rne_corrected396/runs/P034/task_32/scenario32_age77_h1p68_sex_male_w74p0_20260826_212745/fall_scenario32_age77_20260826_212745_highrate_truth.csv,True,/mnt/hdd16T/ToqeerHomeBackup/mujoco_project/outputs/_highrate_overnight/campaign_highrate_truth_v3_rne_corrected396,/mnt/hdd16T/ToqeerHomeBackup/mujoco_project/outputs/_highrate_overnight/campaign_highrate_truth_v3_rne_corrected396/runs/P034/task_32/scenario32_age77_h1p68_sex_male_w74p0_20260826_212745/fall_scenario32_age77_20260826_212745_dynamics_frames.csv,False
/mnt/hdd16T/ToqeerHomeBackup/mujoco_project/outputs/_highrate_overnight/campaign_highrate_truth_v3_rne_corrected396/runs/P034/task_33/scenario33_age77_h1p68_sex_male_w74p0_20260826_213021/fall_scenario33_age77_20260826_213021_highrate_truth.csv,True,/mnt/hdd16T/ToqeerHomeBackup/mujoco_project/outputs/_highrate_overnight/campaign_highrate_truth_v3_rne_corrected396,/mnt/hdd16T/ToqeerHomeBackup/mujoco_project/outputs/_highrate_overnight/campaign_highrate_truth_v3_rne_corrected396/runs/P034/task_33/scenario33_age77_h1p68_sex_male_w74p0_20260826_213021/fall_scenario33_age77_20260826_213021_dynamics_frames.csv,False
/mnt/hdd16T/ToqeerHomeBackup/mujoco_project/outputs/_highrate_overnight/campaign_highrate_truth_v3_rne_corrected396/runs/P034/task_34/scenario34_age77_h1p68_sex_male_w74p0_20260826_213257/fall_scenario34_age77_20260826_213257_highrate_truth.csv,True,/mnt/hdd16T/ToqeerHomeBackup/mujoco_project/outputs/_highrate_overnight/campaign_highrate_truth_v3_rne_corrected396,/mnt/hdd16T/ToqeerHomeBackup/mujoco_project/outputs/_highrate_overnight/campaign_highrate_truth_v3_rne_corrected396/runs/P034/task_34/scenario34_age77_h1p68_sex_male_w74p0_20260826_213257/fall_scenario34_age77_20260826_213257_dynamics_frames.csv,False
/mnt/hdd16T/ToqeerHomeBackup/mujoco_project/outputs/_highrate_overnight/campaign_highrate_truth_v3_rne_corrected396/runs/P034/task_37/scenario37_age77_h1p68_sex_male_w74p0_20260826_213533/fall_scenario37_age77_20260826_213533_highrate_truth.csv,True,/mnt/hdd16T/ToqeerHomeBackup/mujoco_project/outputs/_highrate_overnight/campaign_highrate_truth_v3_rne_corrected396,/mnt/hdd16T/ToqeerHomeBackup/mujoco_project/outputs/_highrate_overnight/campaign_highrate_truth_v3_rne_corrected396/runs/P034/task_37/scenario37_age77_h1p68_sex_male_w74p0_20260826_213533/fall_scenario37_age77_20260826_213533_dynamics_frames.csv,False
/mnt/hdd16T/ToqeerHomeBackup/mujoco_project/outputs/_highrate_overnight/campaign_highrate_truth_v3_rne_corrected396/runs/P034/task_38/scenario38_age77_h1p68_sex_male_w74p0_20260826_213808/fall_scenario38_age77_20260826_213808_highrate_truth.csv,True,/mnt/hdd16T/ToqeerHomeBackup/mujoco_project/outputs/_highrate_overnight/campaign_highrate_truth_v3_rne_corrected396,/mnt/hdd16T/ToqeerHomeBackup/mujoco_project/outputs/_highrate_overnight/campaign_highrate_truth_v3_rne_corrected396/runs/P034/task_38/scenario38_age77_h1p68_sex_male_w74p0_20260826_213808/fall_scenario38_age77_20260826_213808_dynamics_frames.csv,False
/mnt/hdd16T/ToqeerHomeBackup/mujoco_project/outputs/_highrate_overnight/campaign_highrate_truth_v3_rne_corrected396/runs/P034/task_39/scenario39_age77_h1p68_sex_male_w74p0_20260826_214044/fall_scenario39_age77_20260826_214044_highrate_truth.csv,True,/mnt/hdd16T/ToqeerHomeBackup/mujoco_project/outputs/_highrate_overnight/campaign_highrate_truth_v3_rne_corrected396,/mnt/hdd16T/ToqeerHomeBackup/mujoco_project/outputs/_highrate_overnight/campaign_highrate_truth_v3_rne_corrected396/runs/P034/task_39/scenario39_age77_h1p68_sex_male_w74p0_20260826_214044/fall_scenario39_age77_20260826_214044_dynamics_frames.csv,False
/mnt/hdd16T/ToqeerHomeBackup/mujoco_project/outputs/_highrate_overnight/campaign_highrate_truth_v3_rne_corrected396/runs/P034/task_40/scenario40_age77_h1p68_sex_male_w74p0_20260826_214120/fall_scenario40_age77_20260826_214120_highrate_truth.csv,True,/mnt/hdd16T/ToqeerHomeBackup/mujoco_project/outputs/_highrate_overnight/campaign_highrate_truth_v3_rne_corrected396,/mnt/hdd16T/ToqeerHomeBackup/mujoco_project/outputs/_highrate_overnight/campaign_highrate_truth_v3_rne_corrected396/runs/P034/task_40/scenario40_age77_h1p68_sex_male_w74p0_20260826_214120/fall_scenario40_age77_20260826_214120_dynamics_frames.csv,False
/mnt/hdd16T/ToqeerHomeBackup/mujoco_project/outputs/_highrate_overnight/campaign_highrate_truth_v3_rne_corrected396/runs/P034/task_41/scenario41_age77_h1p68_sex_male_w74p0_20260826_214157/fall_scenario41_age77_20260826_214157_highrate_truth.csv,True,/mnt/hdd16T/ToqeerHomeBackup/mujoco_project/outputs/_highrate_overnight/campaign_highrate_truth_v3_rne_corrected396,/mnt/hdd16T/ToqeerHomeBackup/mujoco_project/outputs/_highrate_overnight/campaign_highrate_truth_v3_rne_corrected396/runs/P034/task_41/scenario41_age77_h1p68_sex_male_w74p0_20260826_214157/fall_scenario41_age77_20260826_214157_dynamics_frames.csv,False
/mnt/hdd16T/ToqeerHomeBackup/mujoco_project/outputs/_highrate_overnight/campaign_highrate_truth_v3_rne_corrected396/runs/P034/task_42/scenario42_age77_h1p68_sex_male_w74p0_20260826_214234/fall_scenario42_age77_20260826_214234_highrate_truth.csv,True,/mnt/hdd16T/ToqeerHomeBackup/mujoco_project/outputs/_highrate_overnight/campaign_highrate_truth_v3_rne_corrected396,/mnt/hdd16T/ToqeerHomeBackup/mujoco_project/outputs/_highrate_overnight/campaign_highrate_truth_v3_rne_corrected396/runs/P034/task_42/scenario42_age77_h1p68_sex_male_w74p0_20260826_214234/fall_scenario42_age77_20260826_214234_dynamics_frames.csv,False
/mnt/hdd16T/ToqeerHomeBackup/mujoco_project/outputs/_highrate_overnight/campaign_highrate_truth_v3_rne_corrected396/runs/P035/task_20/scenario20_age78_h1p70_sex_female_w72p0_20260826_214312/fall_scenario20_age78_20260826_214312_highrate_truth.csv,True,/mnt/hdd16T/ToqeerHomeBackup/mujoco_project/outputs/_highrate_overnight/campaign_highrate_truth_v3_rne_corrected396,/mnt/hdd16T/ToqeerHomeBackup/mujoco_project/outputs/_highrate_overnight/campaign_highrate_truth_v3_rne_corrected396/runs/P035/task_20/scenario20_age78_h1p70_sex_female_w72p0_20260826_214312/fall_scenario20_age78_20260826_214312_dynamics_frames.csv,False
/mnt/hdd16T/ToqeerHomeBackup/mujoco_project/outputs/_highrate_overnight/campaign_highrate_truth_v3_rne_corrected396/runs/P035/task_21/scenario21_age78_h1p70_sex_female_w72p0_20260826_214417/fall_scenario21_age78_20260826_214417_highrate_truth.csv,True,/mnt/hdd16T/ToqeerHomeBackup/mujoco_project/outputs/_highrate_overnight/campaign_highrate_truth_v3_rne_corrected396,/mnt/hdd16T/ToqeerHomeBackup/mujoco_project/outputs/_highrate_overnight/campaign_highrate_truth_v3_rne_corrected396/runs/P035/task_21/scenario21_age78_h1p70_sex_female_w72p0_20260826_214417/fall_scenario21_age78_20260826_214417_dynamics_frames.csv,False
/mnt/hdd16T/ToqeerHomeBackup/mujoco_project/outputs/_highrate_overnight/campaign_highrate_truth_v3_rne_corrected396/runs/P035/task_22/scenario22_age78_h1p70_sex_female_w72p0_20260826_214454/fall_scenario22_age78_20260826_214454_highrate_truth.csv,True,/mnt/hdd16T/ToqeerHomeBackup/mujoco_project/outputs/_highrate_overnight/campaign_highrate_truth_v3_rne_corrected396,/mnt/hdd16T/ToqeerHomeBackup/mujoco_project/outputs/_highrate_overnight/campaign_highrate_truth_v3_rne_corrected396/runs/P035/task_22/scenario22_age78_h1p70_sex_female_w72p0_20260826_214454/fall_scenario22_age78_20260826_214454_dynamics_frames.csv,False
/mnt/hdd16T/ToqeerHomeBackup/mujoco_project/outputs/_highrate_overnight/campaign_highrate_truth_v3_rne_corrected396/runs/P035/task_23/scenario23_age78_h1p70_sex_female_w72p0_20260826_214530/fall_scenario23_age78_20260826_214530_highrate_truth.csv,True,/mnt/hdd16T/ToqeerHomeBackup/mujoco_project/outputs/_highrate_overnight/campaign_highrate_truth_v3_rne_corrected396,/mnt/hdd16T/ToqeerHomeBackup/mujoco_project/outputs/_highrate_overnight/campaign_highrate_truth_v3_rne_corrected396/runs/P035/task_23/scenario23_age78_h1p70_sex_female_w72p0_20260826_214530/fall_scenario23_age78_20260826_214530_dynamics_frames.csv,False
/mnt/hdd16T/ToqeerHomeBackup/mujoco_project/outputs/_highrate_overnight/campaign_highrate_truth_v3_rne_corrected396/runs/P035/task_24/scenario24_age78_h1p70_sex_female_w72p0_20260826_214635/fall_scenario24_age78_20260826_214635_highrate_truth.csv,True,/mnt/hdd16T/ToqeerHomeBackup/mujoco_project/outputs/_highrate_overnight/campaign_highrate_truth_v3_rne_corrected396,/mnt/hdd16T/ToqeerHomeBackup/mujoco_project/outputs/_highrate_overnight/campaign_highrate_truth_v3_rne_corrected396/runs/P035/task_24/scenario24_age78_h1p70_sex_female_w72p0_20260826_214635/fall_scenario24_age78_20260826_214635_dynamics_frames.csv,False
/mnt/hdd16T/ToqeerHomeBackup/mujoco_project/outputs/_highrate_overnight/campaign_highrate_truth_v3_rne_corrected396/runs/P035/task_28/scenario28_age78_h1p70_sex_female_w72p0_20260826_214711/fall_scenario28_age78_20260826_214711_highrate_truth.csv,True,/mnt/hdd16T/ToqeerHomeBackup/mujoco_project/outputs/_highrate_overnight/campaign_highrate_truth_v3_rne_corrected396,/mnt/hdd16T/ToqeerHomeBackup/mujoco_project/outputs/_highrate_overnight/campaign_highrate_truth_v3_rne_corrected396/runs/P035/task_28/scenario28_age78_h1p70_sex_female_w72p0_20260826_214711/fall_scenario28_age78_20260826_214711_dynamics_frames.csv,False
/mnt/hdd16T/ToqeerHomeBackup/mujoco_project/outputs/_highrate_overnight/campaign_highrate_truth_v3_rne_corrected396/runs/P035/task_29/scenario29_age78_h1p70_sex_female_w72p0_20260826_214948/fall_scenario29_age78_20260826_214948_highrate_truth.csv,True,/mnt/hdd16T/ToqeerHomeBackup/mujoco_project/outputs/_highrate_overnight/campaign_highrate_truth_v3_rne_corrected396,/mnt/hdd16T/ToqeerHomeBackup/mujoco_project/outputs/_highrate_overnight/campaign_highrate_truth_v3_rne_corrected396/runs/P035/task_29/scenario29_age78_h1p70_sex_female_w72p0_20260826_214948/fall_scenario29_age78_20260826_214948_dynamics_frames.csv,False
/mnt/hdd16T/ToqeerHomeBackup/mujoco_project/outputs/_highrate_overnight/campaign_highrate_truth_v3_rne_corrected396/runs/P035/task_30/scenario30_age78_h1p70_sex_female_w72p0_20260826_215224/fall_scenario30_age78_20260826_215224_highrate_truth.csv,True,/mnt/hdd16T/ToqeerHomeBackup/mujoco_project/outputs/_highrate_overnight/campaign_highrate_truth_v3_rne_corrected396,/mnt/hdd16T/ToqeerHomeBackup/mujoco_project/outputs/_highrate_overnight/campaign_highrate_truth_v3_rne_corrected396/runs/P035/task_30/scenario30_age78_h1p70_sex_female_w72p0_20260826_215224/fall_scenario30_age78_20260826_215224_dynamics_frames.csv,False
/mnt/hdd16T/ToqeerHomeBackup/mujoco_project/outputs/_highrate_overnight/campaign_highrate_truth_v3_rne_corrected396/runs/P035/task_31/scenario31_age78_h1p70_sex_female_w72p0_20260826_215500/fall_scenario31_age78_20260826_215500_highrate_truth.csv,True,/mnt/hdd16T/ToqeerHomeBackup/mujoco_project/outputs/_highrate_overnight/campaign_highrate_truth_v3_rne_corrected396,/mnt/hdd16T/ToqeerHomeBackup/mujoco_project/outputs/_highrate_overnight/campaign_highrate_truth_v3_rne_corrected396/runs/P035/task_31/scenario31_age78_h1p70_sex_female_w72p0_20260826_215500/fall_scenario31_age78_20260826_215500_dynamics_frames.csv,False
/mnt/hdd16T/ToqeerHomeBackup/mujoco_project/outputs/_highrate_overnight/campaign_highrate_truth_v3_rne_corrected396/runs/P035/task_32/scenario32_age78_h1p70_sex_female_w72p0_20260826_215736/fall_scenario32_age78_20260826_215736_highrate_truth.csv,True,/mnt/hdd16T/ToqeerHomeBackup/mujoco_project/outputs/_highrate_overnight/campaign_highrate_truth_v3_rne_corrected396,/mnt/hdd16T/ToqeerHomeBackup/mujoco_project/outputs/_highrate_overnight/campaign_highrate_truth_v3_rne_corrected396/runs/P035/task_32/scenario32_age78_h1p70_sex_female_w72p0_20260826_215736/fall_scenario32_age78_20260826_215736_dynamics_frames.csv,False
/mnt/hdd16T/ToqeerHomeBackup/mujoco_project/outputs/_highrate_overnight/campaign_highrate_truth_v3_rne_corrected396/runs/P035/task_33/scenario33_age78_h1p70_sex_female_w72p0_20260826_220012/fall_scenario33_age78_20260826_220012_highrate_truth.csv,True,/mnt/hdd16T/ToqeerHomeBackup/mujoco_project/outputs/_highrate_overnight/campaign_highrate_truth_v3_rne_corrected396,/mnt/hdd16T/ToqeerHomeBackup/mujoco_project/outputs/_highrate_overnight/campaign_highrate_truth_v3_rne_corrected396/runs/P035/task_33/scenario33_age78_h1p70_sex_female_w72p0_20260826_220012/fall_scenario33_age78_20260826_220012_dynamics_frames.csv,False
/mnt/hdd16T/ToqeerHomeBackup/mujoco_project/outputs/_highrate_overnight/campaign_highrate_truth_v3_rne_corrected396/runs/P035/task_34/scenario34_age78_h1p70_sex_female_w72p0_20260826_220247/fall_scenario34_age78_20260826_220247_highrate_truth.csv,True,/mnt/hdd16T/ToqeerHomeBackup/mujoco_project/outputs/_highrate_overnight/campaign_highrate_truth_v3_rne_corrected396,/mnt/hdd16T/ToqeerHomeBackup/mujoco_project/outputs/_highrate_overnight/campaign_highrate_truth_v3_rne_corrected396/runs/P035/task_34/scenario34_age78_h1p70_sex_female_w72p0_20260826_220247/fall_scenario34_age78_20260826_220247_dynamics_frames.csv,False
/mnt/hdd16T/ToqeerHomeBackup/mujoco_project/outputs/_highrate_overnight/campaign_highrate_truth_v3_rne_corrected396/runs/P035/task_37/scenario37_age78_h1p70_sex_female_w72p0_20260826_220523/fall_scenario37_age78_20260826_220523_highrate_truth.csv,True,/mnt/hdd16T/ToqeerHomeBackup/mujoco_project/outputs/_highrate_overnight/campaign_highrate_truth_v3_rne_corrected396,/mnt/hdd16T/ToqeerHomeBackup/mujoco_project/outputs/_highrate_overnight/campaign_highrate_truth_v3_rne_corrected396/runs/P035/task_37/scenario37_age78_h1p70_sex_female_w72p0_20260826_220523/fall_scenario37_age78_20260826_220523_dynamics_frames.csv,False
/mnt/hdd16T/ToqeerHomeBackup/mujoco_project/outputs/_highrate_overnight/campaign_highrate_truth_v3_rne_corrected396/runs/P035/task_38/scenario38_age78_h1p70_sex_female_w72p0_20260826_220758/fall_scenario38_age78_20260826_220758_highrate_truth.csv,True,/mnt/hdd16T/ToqeerHomeBackup/mujoco_project/outputs/_highrate_overnight/campaign_highrate_truth_v3_rne_corrected396,/mnt/hdd16T/ToqeerHomeBackup/mujoco_project/outputs/_highrate_overnight/campaign_highrate_truth_v3_rne_corrected396/runs/P035/task_38/scenario38_age78_h1p70_sex_female_w72p0_20260826_220758/fall_scenario38_age78_20260826_220758_dynamics_frames.csv,False
/mnt/hdd16T/ToqeerHomeBackup/mujoco_project/outputs/_highrate_overnight/campaign_highrate_truth_v3_rne_corrected396/runs/P035/task_39/scenario39_age78_h1p70_sex_female_w72p0_20260826_221033/fall_scenario39_age78_20260826_221033_highrate_truth.csv,True,/mnt/hdd16T/ToqeerHomeBackup/mujoco_project/outputs/_highrate_overnight/campaign_highrate_truth_v3_rne_corrected396,/mnt/hdd16T/ToqeerHomeBackup/mujoco_project/outputs/_highrate_overnight/campaign_highrate_truth_v3_rne_corrected396/runs/P035/task_39/scenario39_age78_h1p70_sex_female_w72p0_20260826_221033/fall_scenario39_age78_20260826_221033_dynamics_frames.csv,False
/mnt/hdd16T/ToqeerHomeBackup/mujoco_project/outputs/_highrate_overnight/campaign_highrate_truth_v3_rne_corrected396/runs/P035/task_40/scenario40_age78_h1p70_sex_female_w72p0_20260826_221109/fall_scenario40_age78_20260826_221109_highrate_truth.csv,True,/mnt/hdd16T/ToqeerHomeBackup/mujoco_project/outputs/_highrate_overnight/campaign_highrate_truth_v3_rne_corrected396,/mnt/hdd16T/ToqeerHomeBackup/mujoco_project/outputs/_highrate_overnight/campaign_highrate_truth_v3_rne_corrected396/runs/P035/task_40/scenario40_age78_h1p70_sex_female_w72p0_20260826_221109/fall_scenario40_age78_20260826_221109_dynamics_frames.csv,False
/mnt/hdd16T/ToqeerHomeBackup/mujoco_project/outputs/_highrate_overnight/campaign_highrate_truth_v3_rne_corrected396/runs/P035/task_41/scenario41_age78_h1p70_sex_female_w72p0_20260826_221146/fall_scenario41_age78_20260826_221146_highrate_truth.csv,True,/mnt/hdd16T/ToqeerHomeBackup/mujoco_project/outputs/_highrate_overnight/campaign_highrate_truth_v3_rne_corrected396,/mnt/hdd16T/ToqeerHomeBackup/mujoco_project/outputs/_highrate_overnight/campaign_highrate_truth_v3_rne_corrected396/runs/P035/task_41/scenario41_age78_h1p70_sex_female_w72p0_20260826_221146/fall_scenario41_age78_20260826_221146_dynamics_frames.csv,False
/mnt/hdd16T/ToqeerHomeBackup/mujoco_project/outputs/_highrate_overnight/campaign_highrate_truth_v3_rne_corrected396/runs/P035/task_42/scenario42_age78_h1p70_sex_female_w72p0_20260826_221223/fall_scenario42_age78_20260826_221223_highrate_truth.csv,True,/mnt/hdd16T/ToqeerHomeBackup/mujoco_project/outputs/_highrate_overnight/campaign_highrate_truth_v3_rne_corrected396,/mnt/hdd16T/ToqeerHomeBackup/mujoco_project/outputs/_highrate_overnight/campaign_highrate_truth_v3_rne_corrected396/runs/P035/task_42/scenario42_age78_h1p70_sex_female_w72p0_20260826_221223/fall_scenario42_age78_20260826_221223_dynamics_frames.csv,False
/mnt/hdd16T/ToqeerHomeBackup/mujoco_project/outputs/_highrate_overnight/campaign_highrate_truth_v4_expanded42_new20/runs/P036/task_20/scenario20_age21_h1p82_sex_male_w72p0_20260926_072317/fall_scenario20_age21_20260926_072317_highrate_truth.csv,True,/mnt/hdd16T/ToqeerHomeBackup/mujoco_project/outputs/_highrate_overnight/campaign_highrate_truth_v4_expanded42_new20,/mnt/hdd16T/ToqeerHomeBackup/mujoco_project/outputs/_highrate_overnight/campaign_highrate_truth_v4_expanded42_new20/runs/P036/task_20/scenario20_age21_h1p82_sex_male_w72p0_20260926_072317/fall_scenario20_age21_20260926_072317_dynamics_frames.csv,False
/mnt/hdd16T/ToqeerHomeBackup/mujoco_project/outputs/_highrate_overnight/campaign_highrate_truth_v4_expanded42_new20/runs/P036/task_21/scenario21_age21_h1p82_sex_male_w72p0_20260926_072526/fall_scenario21_age21_20260926_072526_highrate_truth.csv,True,/mnt/hdd16T/ToqeerHomeBackup/mujoco_project/outputs/_highrate_overnight/campaign_highrate_truth_v4_expanded42_new20,/mnt/hdd16T/ToqeerHomeBackup/mujoco_project/outputs/_highrate_overnight/campaign_highrate_truth_v4_expanded42_new20/runs/P036/task_21/scenario21_age21_h1p82_sex_male_w72p0_20260926_072526/fall_scenario21_age21_20260926_072526_dynamics_frames.csv,False
/mnt/hdd16T/ToqeerHomeBackup/mujoco_project/outputs/_highrate_overnight/campaign_highrate_truth_v4_expanded42_new20/runs/P036/task_22/scenario22_age21_h1p82_sex_male_w72p0_20260926_072604/fall_scenario22_age21_20260926_072604_highrate_truth.csv,True,/mnt/hdd16T/ToqeerHomeBackup/mujoco_project/outputs/_highrate_overnight/campaign_highrate_truth_v4_expanded42_new20,/mnt/hdd16T/ToqeerHomeBackup/mujoco_project/outputs/_highrate_overnight/campaign_highrate_truth_v4_expanded42_new20/runs/P036/task_22/scenario22_age21_h1p82_sex_male_w72p0_20260926_072604/fall_scenario22_age21_20260926_072604_dynamics_frames.csv,False
/mnt/hdd16T/ToqeerHomeBackup/mujoco_project/outputs/_highrate_overnight/campaign_highrate_truth_v4_expanded42_new20/runs/P036/task_23/scenario23_age21_h1p82_sex_male_w72p0_20260926_072644/fall_scenario23_age21_20260926_072644_highrate_truth.csv,True,/mnt/hdd16T/ToqeerHomeBackup/mujoco_project/outputs/_highrate_overnight/campaign_highrate_truth_v4_expanded42_new20,/mnt/hdd16T/ToqeerHomeBackup/mujoco_project/outputs/_highrate_overnight/campaign_highrate_truth_v4_expanded42_new20/runs/P036/task_23/scenario23_age21_h1p82_sex_male_w72p0_20260926_072644/fall_scenario23_age21_20260926_072644_dynamics_frames.csv,False
/mnt/hdd16T/ToqeerHomeBackup/mujoco_project/outputs/_highrate_overnight/campaign_highrate_truth_v4_expanded42_new20/runs/P036/task_24/scenario24_age21_h1p82_sex_male_w72p0_20260926_072759/fall_scenario24_age21_20260926_072759_highrate_truth.csv,True,/mnt/hdd16T/ToqeerHomeBackup/mujoco_project/outputs/_highrate_overnight/campaign_highrate_truth_v4_expanded42_new20,/mnt/hdd16T/ToqeerHomeBackup/mujoco_project/outputs/_highrate_overnight/campaign_highrate_truth_v4_expanded42_new20/runs/P036/task_24/scenario24_age21_h1p82_sex_male_w72p0_20260926_072759/fall_scenario24_age21_20260926_072759_dynamics_frames.csv,False
/mnt/hdd16T/ToqeerHomeBackup/mujoco_project/outputs/_highrate_overnight/campaign_highrate_truth_v4_expanded42_new20/runs/P036/task_28/scenario28_age21_h1p82_sex_male_w72p0_20260926_072841/fall_scenario28_age21_20260926_072841_highrate_truth.csv,True,/mnt/hdd16T/ToqeerHomeBackup/mujoco_project/outputs/_highrate_overnight/campaign_highrate_truth_v4_expanded42_new20,/mnt/hdd16T/ToqeerHomeBackup/mujoco_project/outputs/_highrate_overnight/campaign_highrate_truth_v4_expanded42_new20/runs/P036/task_28/scenario28_age21_h1p82_sex_male_w72p0_20260926_072841/fall_scenario28_age21_20260926_072841_dynamics_frames.csv,False
/mnt/hdd16T/ToqeerHomeBackup/mujoco_project/outputs/_highrate_overnight/campaign_highrate_truth_v4_expanded42_new20/runs/P036/task_29/scenario29_age21_h1p82_sex_male_w72p0_20260926_073122/fall_scenario29_age21_20260926_073122_highrate_truth.csv,True,/mnt/hdd16T/ToqeerHomeBackup/mujoco_project/outputs/_highrate_overnight/campaign_highrate_truth_v4_expanded42_new20,/mnt/hdd16T/ToqeerHomeBackup/mujoco_project/outputs/_highrate_overnight/campaign_highrate_truth_v4_expanded42_new20/runs/P036/task_29/scenario29_age21_h1p82_sex_male_w72p0_20260926_073122/fall_scenario29_age21_20260926_073122_dynamics_frames.csv,False
/mnt/hdd16T/ToqeerHomeBackup/mujoco_project/outputs/_highrate_overnight/campaign_highrate_truth_v4_expanded42_new20/runs/P036/task_30/scenario30_age21_h1p82_sex_male_w72p0_20260926_073350/fall_scenario30_age21_20260926_073350_highrate_truth.csv,True,/mnt/hdd16T/ToqeerHomeBackup/mujoco_project/outputs/_highrate_overnight/campaign_highrate_truth_v4_expanded42_new20,/mnt/hdd16T/ToqeerHomeBackup/mujoco_project/outputs/_highrate_overnight/campaign_highrate_truth_v4_expanded42_new20/runs/P036/task_30/scenario30_age21_h1p82_sex_male_w72p0_20260926_073350/fall_scenario30_age21_20260926_073350_dynamics_frames.csv,False
/mnt/hdd16T/ToqeerHomeBackup/mujoco_project/outputs/_highrate_overnight/campaign_highrate_truth_v4_expanded42_new20/runs/P036/task_31/scenario31_age21_h1p82_sex_male_w72p0_20260926_073619/fall_scenario31_age21_20260926_073619_highrate_truth.csv,True,/mnt/hdd16T/ToqeerHomeBackup/mujoco_project/outputs/_highrate_overnight/campaign_highrate_truth_v4_expanded42_new20,/mnt/hdd16T/ToqeerHomeBackup/mujoco_project/outputs/_highrate_overnight/campaign_highrate_truth_v4_expanded42_new20/runs/P036/task_31/scenario31_age21_h1p82_sex_male_w72p0_20260926_073619/fall_scenario31_age21_20260926_073619_dynamics_frames.csv,False
/mnt/hdd16T/ToqeerHomeBackup/mujoco_project/outputs/_highrate_overnight/campaign_highrate_truth_v4_expanded42_new20/runs/P036/task_32/scenario32_age21_h1p82_sex_male_w72p0_20260926_073903/fall_scenario32_age21_20260926_073903_highrate_truth.csv,True,/mnt/hdd16T/ToqeerHomeBackup/mujoco_project/outputs/_highrate_overnight/campaign_highrate_truth_v4_expanded42_new20,/mnt/hdd16T/ToqeerHomeBackup/mujoco_project/outputs/_highrate_overnight/campaign_highrate_truth_v4_expanded42_new20/runs/P036/task_32/scenario32_age21_h1p82_sex_male_w72p0_20260926_073903/fall_scenario32_age21_20260926_073903_dynamics_frames.csv,False
/mnt/hdd16T/ToqeerHomeBackup/mujoco_project/outputs/_highrate_overnight/campaign_highrate_truth_v4_expanded42_new20/runs/P036/task_33/scenario33_age21_h1p82_sex_male_w72p0_20260926_074134/fall_scenario33_age21_20260926_074134_highrate_truth.csv,True,/mnt/hdd16T/ToqeerHomeBackup/mujoco_project/outputs/_highrate_overnight/campaign_highrate_truth_v4_expanded42_new20,/mnt/hdd16T/ToqeerHomeBackup/mujoco_project/outputs/_highrate_overnight/campaign_highrate_truth_v4_expanded42_new20/runs/P036/task_33/scenario33_age21_h1p82_sex_male_w72p0_20260926_074134/fall_scenario33_age21_20260926_074134_dynamics_frames.csv,False
/mnt/hdd16T/ToqeerHomeBackup/mujoco_project/outputs/_highrate_overnight/campaign_highrate_truth_v4_expanded42_new20/runs/P036/task_34/scenario34_age21_h1p82_sex_male_w72p0_20260926_074403/fall_scenario34_age21_20260926_074403_highrate_truth.csv,True,/mnt/hdd16T/ToqeerHomeBackup/mujoco_project/outputs/_highrate_overnight/campaign_highrate_truth_v4_expanded42_new20,/mnt/hdd16T/ToqeerHomeBackup/mujoco_project/outputs/_highrate_overnight/campaign_highrate_truth_v4_expanded42_new20/runs/P036/task_34/scenario34_age21_h1p82_sex_male_w72p0_20260926_074403/fall_scenario34_age21_20260926_074403_dynamics_frames.csv,False
/mnt/hdd16T/ToqeerHomeBackup/mujoco_project/outputs/_highrate_overnight/campaign_highrate_truth_v4_expanded42_new20/runs/P036/task_37/scenario37_age21_h1p82_sex_male_w72p0_20260926_074637/fall_scenario37_age21_20260926_074637_highrate_truth.csv,True,/mnt/hdd16T/ToqeerHomeBackup/mujoco_project/outputs/_highrate_overnight/campaign_highrate_truth_v4_expanded42_new20,/mnt/hdd16T/ToqeerHomeBackup/mujoco_project/outputs/_highrate_overnight/campaign_highrate_truth_v4_expanded42_new20/runs/P036/task_37/scenario37_age21_h1p82_sex_male_w72p0_20260926_074637/fall_scenario37_age21_20260926_074637_dynamics_frames.csv,False
/mnt/hdd16T/ToqeerHomeBackup/mujoco_project/outputs/_highrate_overnight/campaign_highrate_truth_v4_expanded42_new20/runs/P036/task_38/scenario38_age21_h1p82_sex_male_w72p0_20260926_074913/fall_scenario38_age21_20260926_074913_highrate_truth.csv,True,/mnt/hdd16T/ToqeerHomeBackup/mujoco_project/outputs/_highrate_overnight/campaign_highrate_truth_v4_expanded42_new20,/mnt/hdd16T/ToqeerHomeBackup/mujoco_project/outputs/_highrate_overnight/campaign_highrate_truth_v4_expanded42_new20/runs/P036/task_38/scenario38_age21_h1p82_sex_male_w72p0_20260926_074913/fall_scenario38_age21_20260926_074913_dynamics_frames.csv,False
/mnt/hdd16T/ToqeerHomeBackup/mujoco_project/outputs/_highrate_overnight/campaign_highrate_truth_v4_expanded42_new20/runs/P036/task_39/scenario39_age21_h1p82_sex_male_w72p0_20260926_075151/fall_scenario39_age21_20260926_075151_highrate_truth.csv,True,/mnt/hdd16T/ToqeerHomeBackup/mujoco_project/outputs/_highrate_overnight/campaign_highrate_truth_v4_expanded42_new20,/mnt/hdd16T/ToqeerHomeBackup/mujoco_project/outputs/_highrate_overnight/campaign_highrate_truth_v4_expanded42_new20/runs/P036/task_39/scenario39_age21_h1p82_sex_male_w72p0_20260926_075151/fall_scenario39_age21_20260926_075151_dynamics_frames.csv,False
/mnt/hdd16T/ToqeerHomeBackup/mujoco_project/outputs/_highrate_overnight/campaign_highrate_truth_v4_expanded42_new20/runs/P036/task_40/scenario40_age21_h1p82_sex_male_w72p0_20260926_075230/fall_scenario40_age21_20260926_075230_highrate_truth.csv,True,/mnt/hdd16T/ToqeerHomeBackup/mujoco_project/outputs/_highrate_overnight/campaign_highrate_truth_v4_expanded42_new20,/mnt/hdd16T/ToqeerHomeBackup/mujoco_project/outputs/_highrate_overnight/campaign_highrate_truth_v4_expanded42_new20/runs/P036/task_40/scenario40_age21_h1p82_sex_male_w72p0_20260926_075230/fall_scenario40_age21_20260926_075230_dynamics_frames.csv,False
/mnt/hdd16T/ToqeerHomeBackup/mujoco_project/outputs/_highrate_overnight/campaign_highrate_truth_v4_expanded42_new20/runs/P036/task_41/scenario41_age21_h1p82_sex_male_w72p0_20260926_075308/fall_scenario41_age21_20260926_075308_highrate_truth.csv,True,/mnt/hdd16T/ToqeerHomeBackup/mujoco_project/outputs/_highrate_overnight/campaign_highrate_truth_v4_expanded42_new20,/mnt/hdd16T/ToqeerHomeBackup/mujoco_project/outputs/_highrate_overnight/campaign_highrate_truth_v4_expanded42_new20/runs/P036/task_41/scenario41_age21_h1p82_sex_male_w72p0_20260926_075308/fall_scenario41_age21_20260926_075308_dynamics_frames.csv,False
/mnt/hdd16T/ToqeerHomeBackup/mujoco_project/outputs/_highrate_overnight/campaign_highrate_truth_v4_expanded42_new20/runs/P036/task_42/scenario42_age21_h1p82_sex_male_w72p0_20260926_075349/fall_scenario42_age21_20260926_075349_highrate_truth.csv,True,/mnt/hdd16T/ToqeerHomeBackup/mujoco_project/outputs/_highrate_overnight/campaign_highrate_truth_v4_expanded42_new20,/mnt/hdd16T/ToqeerHomeBackup/mujoco_project/outputs/_highrate_overnight/campaign_highrate_truth_v4_expanded42_new20/runs/P036/task_42/scenario42_age21_h1p82_sex_male_w72p0_20260926_075349/fall_scenario42_age21_20260926_075349_dynamics_frames.csv,False
/mnt/hdd16T/ToqeerHomeBackup/mujoco_project/outputs/_highrate_overnight/campaign_highrate_truth_v4_expanded42_new20/runs/P037/task_20/scenario20_age24_h1p69_sex_male_w64p0_20260926_075429/fall_scenario20_age24_20260926_075429_highrate_truth.csv,True,/mnt/hdd16T/ToqeerHomeBackup/mujoco_project/outputs/_highrate_overnight/campaign_highrate_truth_v4_expanded42_new20,/mnt/hdd16T/ToqeerHomeBackup/mujoco_project/outputs/_highrate_overnight/campaign_highrate_truth_v4_expanded42_new20/runs/P037/task_20/scenario20_age24_h1p69_sex_male_w64p0_20260926_075429/fall_scenario20_age24_20260926_075429_dynamics_frames.csv,False
/mnt/hdd16T/ToqeerHomeBackup/mujoco_project/outputs/_highrate_overnight/campaign_highrate_truth_v4_expanded42_new20/runs/P037/task_21/scenario21_age24_h1p69_sex_male_w64p0_20260926_075537/fall_scenario21_age24_20260926_075537_highrate_truth.csv,True,/mnt/hdd16T/ToqeerHomeBackup/mujoco_project/outputs/_highrate_overnight/campaign_highrate_truth_v4_expanded42_new20,/mnt/hdd16T/ToqeerHomeBackup/mujoco_project/outputs/_highrate_overnight/campaign_highrate_truth_v4_expanded42_new20/runs/P037/task_21/scenario21_age24_h1p69_sex_male_w64p0_20260926_075537/fall_scenario21_age24_20260926_075537_dynamics_frames.csv,False
/mnt/hdd16T/ToqeerHomeBackup/mujoco_project/outputs/_highrate_overnight/campaign_highrate_truth_v4_expanded42_new20/runs/P037/task_22/scenario22_age24_h1p69_sex_male_w64p0_20260926_075615/fall_scenario22_age24_20260926_075615_highrate_truth.csv,True,/mnt/hdd16T/ToqeerHomeBackup/mujoco_project/outputs/_highrate_overnight/campaign_highrate_truth_v4_expanded42_new20,/mnt/hdd16T/ToqeerHomeBackup/mujoco_project/outputs/_highrate_overnight/campaign_highrate_truth_v4_expanded42_new20/runs/P037/task_22/scenario22_age24_h1p69_sex_male_w64p0_20260926_075615/fall_scenario22_age24_20260926_075615_dynamics_frames.csv,False
/mnt/hdd16T/ToqeerHomeBackup/mujoco_project/outputs/_highrate_overnight/campaign_highrate_truth_v4_expanded42_new20/runs/P037/task_23/scenario23_age24_h1p69_sex_male_w64p0_20260926_075655/fall_scenario23_age24_20260926_075655_highrate_truth.csv,True,/mnt/hdd16T/ToqeerHomeBackup/mujoco_project/outputs/_highrate_overnight/campaign_highrate_truth_v4_expanded42_new20,/mnt/hdd16T/ToqeerHomeBackup/mujoco_project/outputs/_highrate_overnight/campaign_highrate_truth_v4_expanded42_new20/runs/P037/task_23/scenario23_age24_h1p69_sex_male_w64p0_20260926_075655/fall_scenario23_age24_20260926_075655_dynamics_frames.csv,False
/mnt/hdd16T/ToqeerHomeBackup/mujoco_project/outputs/_highrate_overnight/campaign_highrate_truth_v4_expanded42_new20/runs/P037/task_24/scenario24_age24_h1p69_sex_male_w64p0_20260926_075802/fall_scenario24_age24_20260926_075802_highrate_truth.csv,True,/mnt/hdd16T/ToqeerHomeBackup/mujoco_project/outputs/_highrate_overnight/campaign_highrate_truth_v4_expanded42_new20,/mnt/hdd16T/ToqeerHomeBackup/mujoco_project/outputs/_highrate_overnight/campaign_highrate_truth_v4_expanded42_new20/runs/P037/task_24/scenario24_age24_h1p69_sex_male_w64p0_20260926_075802/fall_scenario24_age24_20260926_075802_dynamics_frames.csv,False
/mnt/hdd16T/ToqeerHomeBackup/mujoco_project/outputs/_highrate_overnight/campaign_highrate_truth_v4_expanded42_new20/runs/P037/task_28/scenario28_age24_h1p69_sex_male_w64p0_20260926_075842/fall_scenario28_age24_20260926_075842_highrate_truth.csv,True,/mnt/hdd16T/ToqeerHomeBackup/mujoco_project/outputs/_highrate_overnight/campaign_highrate_truth_v4_expanded42_new20,/mnt/hdd16T/ToqeerHomeBackup/mujoco_project/outputs/_highrate_overnight/campaign_highrate_truth_v4_expanded42_new20/runs/P037/task_28/scenario28_age24_h1p69_sex_male_w64p0_20260926_075842/fall_scenario28_age24_20260926_075842_dynamics_frames.csv,False
/mnt/hdd16T/ToqeerHomeBackup/mujoco_project/outputs/_highrate_overnight/campaign_highrate_truth_v4_expanded42_new20/runs/P037/task_29/scenario29_age24_h1p69_sex_male_w64p0_20260926_080125/fall_scenario29_age24_20260926_080125_highrate_truth.csv,True,/mnt/hdd16T/ToqeerHomeBackup/mujoco_project/outputs/_highrate_overnight/campaign_highrate_truth_v4_expanded42_new20,/mnt/hdd16T/ToqeerHomeBackup/mujoco_project/outputs/_highrate_overnight/campaign_highrate_truth_v4_expanded42_new20/runs/P037/task_29/scenario29_age24_h1p69_sex_male_w64p0_20260926_080125/fall_scenario29_age24_20260926_080125_dynamics_frames.csv,False
/mnt/hdd16T/ToqeerHomeBackup/mujoco_project/outputs/_highrate_overnight/campaign_highrate_truth_v4_expanded42_new20/runs/P037/task_30/scenario30_age24_h1p69_sex_male_w64p0_20260926_080407/fall_scenario30_age24_20260926_080407_highrate_truth.csv,True,/mnt/hdd16T/ToqeerHomeBackup/mujoco_project/outputs/_highrate_overnight/campaign_highrate_truth_v4_expanded42_new20,/mnt/hdd16T/ToqeerHomeBackup/mujoco_project/outputs/_highrate_overnight/campaign_highrate_truth_v4_expanded42_new20/runs/P037/task_30/scenario30_age24_h1p69_sex_male_w64p0_20260926_080407/fall_scenario30_age24_20260926_080407_dynamics_frames.csv,False
/mnt/hdd16T/ToqeerHomeBackup/mujoco_project/outputs/_highrate_overnight/campaign_highrate_truth_v4_expanded42_new20/runs/P037/task_31/scenario31_age24_h1p69_sex_male_w64p0_20260926_080648/fall_scenario31_age24_20260926_080648_highrate_truth.csv,True,/mnt/hdd16T/ToqeerHomeBackup/mujoco_project/outputs/_highrate_overnight/campaign_highrate_truth_v4_expanded42_new20,/mnt/hdd16T/ToqeerHomeBackup/mujoco_project/outputs/_highrate_overnight/campaign_highrate_truth_v4_expanded42_new20/runs/P037/task_31/scenario31_age24_h1p69_sex_male_w64p0_20260926_080648/fall_scenario31_age24_20260926_080648_dynamics_frames.csv,False
/mnt/hdd16T/ToqeerHomeBackup/mujoco_project/outputs/_highrate_overnight/campaign_highrate_truth_v4_expanded42_new20/runs/P037/task_32/scenario32_age24_h1p69_sex_male_w64p0_20260926_080934/fall_scenario32_age24_20260926_080934_highrate_truth.csv,True,/mnt/hdd16T/ToqeerHomeBackup/mujoco_project/outputs/_highrate_overnight/campaign_highrate_truth_v4_expanded42_new20,/mnt/hdd16T/ToqeerHomeBackup/mujoco_project/outputs/_highrate_overnight/campaign_highrate_truth_v4_expanded42_new20/runs/P037/task_32/scenario32_age24_h1p69_sex_male_w64p0_20260926_080934/fall_scenario32_age24_20260926_080934_dynamics_frames.csv,False
/mnt/hdd16T/ToqeerHomeBackup/mujoco_project/outputs/_highrate_overnight/campaign_highrate_truth_v4_expanded42_new20/runs/P037/task_33/scenario33_age24_h1p69_sex_male_w64p0_20260926_081224/fall_scenario33_age24_20260926_081224_highrate_truth.csv,True,/mnt/hdd16T/ToqeerHomeBackup/mujoco_project/outputs/_highrate_overnight/campaign_highrate_truth_v4_expanded42_new20,/mnt/hdd16T/ToqeerHomeBackup/mujoco_project/outputs/_highrate_overnight/campaign_highrate_truth_v4_expanded42_new20/runs/P037/task_33/scenario33_age24_h1p69_sex_male_w64p0_20260926_081224/fall_scenario33_age24_20260926_081224_dynamics_frames.csv,False
/mnt/hdd16T/ToqeerHomeBackup/mujoco_project/outputs/_highrate_overnight/campaign_highrate_truth_v4_expanded42_new20/runs/P037/task_34/scenario34_age24_h1p69_sex_male_w64p0_20260926_081514/fall_scenario34_age24_20260926_081514_highrate_truth.csv,True,/mnt/hdd16T/ToqeerHomeBackup/mujoco_project/outputs/_highrate_overnight/campaign_highrate_truth_v4_expanded42_new20,/mnt/hdd16T/ToqeerHomeBackup/mujoco_project/outputs/_highrate_overnight/campaign_highrate_truth_v4_expanded42_new20/runs/P037/task_34/scenario34_age24_h1p69_sex_male_w64p0_20260926_081514/fall_scenario34_age24_20260926_081514_dynamics_frames.csv,False
/mnt/hdd16T/ToqeerHomeBackup/mujoco_project/outputs/_highrate_overnight/campaign_highrate_truth_v4_expanded42_new20/runs/P037/task_37/scenario37_age24_h1p69_sex_male_w64p0_20260926_081806/fall_scenario37_age24_20260926_081806_highrate_truth.csv,True,/mnt/hdd16T/ToqeerHomeBackup/mujoco_project/outputs/_highrate_overnight/campaign_highrate_truth_v4_expanded42_new20,/mnt/hdd16T/ToqeerHomeBackup/mujoco_project/outputs/_highrate_overnight/campaign_highrate_truth_v4_expanded42_new20/runs/P037/task_37/scenario37_age24_h1p69_sex_male_w64p0_20260926_081806/fall_scenario37_age24_20260926_081806_dynamics_frames.csv,False
/mnt/hdd16T/ToqeerHomeBackup/mujoco_project/outputs/_highrate_overnight/campaign_highrate_truth_v4_expanded42_new20/runs/P037/task_38/scenario38_age24_h1p69_sex_male_w64p0_20260926_082057/fall_scenario38_age24_20260926_082057_highrate_truth.csv,True,/mnt/hdd16T/ToqeerHomeBackup/mujoco_project/outputs/_highrate_overnight/campaign_highrate_truth_v4_expanded42_new20,/mnt/hdd16T/ToqeerHomeBackup/mujoco_project/outputs/_highrate_overnight/campaign_highrate_truth_v4_expanded42_new20/runs/P037/task_38/scenario38_age24_h1p69_sex_male_w64p0_20260926_082057/fall_scenario38_age24_20260926_082057_dynamics_frames.csv,False
/mnt/hdd16T/ToqeerHomeBackup/mujoco_project/outputs/_highrate_overnight/campaign_highrate_truth_v4_expanded42_new20/runs/P037/task_39/scenario39_age24_h1p69_sex_male_w64p0_20260926_082359/fall_scenario39_age24_20260926_082359_highrate_truth.csv,True,/mnt/hdd16T/ToqeerHomeBackup/mujoco_project/outputs/_highrate_overnight/campaign_highrate_truth_v4_expanded42_new20,/mnt/hdd16T/ToqeerHomeBackup/mujoco_project/outputs/_highrate_overnight/campaign_highrate_truth_v4_expanded42_new20/runs/P037/task_39/scenario39_age24_h1p69_sex_male_w64p0_20260926_082359/fall_scenario39_age24_20260926_082359_dynamics_frames.csv,False
/mnt/hdd16T/ToqeerHomeBackup/mujoco_project/outputs/_highrate_overnight/campaign_highrate_truth_v4_expanded42_new20/runs/P037/task_40/scenario40_age24_h1p69_sex_male_w64p0_20260926_082440/fall_scenario40_age24_20260926_082440_highrate_truth.csv,True,/mnt/hdd16T/ToqeerHomeBackup/mujoco_project/outputs/_highrate_overnight/campaign_highrate_truth_v4_expanded42_new20,/mnt/hdd16T/ToqeerHomeBackup/mujoco_project/outputs/_highrate_overnight/campaign_highrate_truth_v4_expanded42_new20/runs/P037/task_40/scenario40_age24_h1p69_sex_male_w64p0_20260926_082440/fall_scenario40_age24_20260926_082440_dynamics_frames.csv,False
/mnt/hdd16T/ToqeerHomeBackup/mujoco_project/outputs/_highrate_overnight/campaign_highrate_truth_v4_expanded42_new20/runs/P037/task_41/scenario41_age24_h1p69_sex_male_w64p0_20260926_082516/fall_scenario41_age24_20260926_082516_highrate_truth.csv,True,/mnt/hdd16T/ToqeerHomeBackup/mujoco_project/outputs/_highrate_overnight/campaign_highrate_truth_v4_expanded42_new20,/mnt/hdd16T/ToqeerHomeBackup/mujoco_project/outputs/_highrate_overnight/campaign_highrate_truth_v4_expanded42_new20/runs/P037/task_41/scenario41_age24_h1p69_sex_male_w64p0_20260926_082516/fall_scenario41_age24_20260926_082516_dynamics_frames.csv,False
/mnt/hdd16T/ToqeerHomeBackup/mujoco_project/outputs/_highrate_overnight/campaign_highrate_truth_v4_expanded42_new20/runs/P037/task_42/scenario42_age24_h1p69_sex_male_w64p0_20260926_082552/fall_scenario42_age24_20260926_082552_highrate_truth.csv,True,/mnt/hdd16T/ToqeerHomeBackup/mujoco_project/outputs/_highrate_overnight/campaign_highrate_truth_v4_expanded42_new20,/mnt/hdd16T/ToqeerHomeBackup/mujoco_project/outputs/_highrate_overnight/campaign_highrate_truth_v4_expanded42_new20/runs/P037/task_42/scenario42_age24_h1p69_sex_male_w64p0_20260926_082552/fall_scenario42_age24_20260926_082552_dynamics_frames.csv,False
/mnt/hdd16T/ToqeerHomeBackup/mujoco_project/outputs/_highrate_overnight/campaign_highrate_truth_v4_expanded42_new20/runs/P038/task_20/scenario20_age27_h1p57_sex_female_w54p0_20260926_082635/fall_scenario20_age27_20260926_082635_highrate_truth.csv,True,/mnt/hdd16T/ToqeerHomeBackup/mujoco_project/outputs/_highrate_overnight/campaign_highrate_truth_v4_expanded42_new20,/mnt/hdd16T/ToqeerHomeBackup/mujoco_project/outputs/_highrate_overnight/campaign_highrate_truth_v4_expanded42_new20/runs/P038/task_20/scenario20_age27_h1p57_sex_female_w54p0_20260926_082635/fall_scenario20_age27_20260926_082635_dynamics_frames.csv,False
/mnt/hdd16T/ToqeerHomeBackup/mujoco_project/outputs/_highrate_overnight/campaign_highrate_truth_v4_expanded42_new20/runs/P038/task_21/scenario21_age27_h1p57_sex_female_w54p0_20260926_082749/fall_scenario21_age27_20260926_082749_highrate_truth.csv,True,/mnt/hdd16T/ToqeerHomeBackup/mujoco_project/outputs/_highrate_overnight/campaign_highrate_truth_v4_expanded42_new20,/mnt/hdd16T/ToqeerHomeBackup/mujoco_project/outputs/_highrate_overnight/campaign_highrate_truth_v4_expanded42_new20/runs/P038/task_21/scenario21_age27_h1p57_sex_female_w54p0_20260926_082749/fall_scenario21_age27_20260926_082749_dynamics_frames.csv,False
/mnt/hdd16T/ToqeerHomeBackup/mujoco_project/outputs/_highrate_overnight/campaign_highrate_truth_v4_expanded42_new20/runs/P038/task_22/scenario22_age27_h1p57_sex_female_w54p0_20260926_082825/fall_scenario22_age27_20260926_082825_highrate_truth.csv,True,/mnt/hdd16T/ToqeerHomeBackup/mujoco_project/outputs/_highrate_overnight/campaign_highrate_truth_v4_expanded42_new20,/mnt/hdd16T/ToqeerHomeBackup/mujoco_project/outputs/_highrate_overnight/campaign_highrate_truth_v4_expanded42_new20/runs/P038/task_22/scenario22_age27_h1p57_sex_female_w54p0_20260926_082825/fall_scenario22_age27_20260926_082825_dynamics_frames.csv,False
/mnt/hdd16T/ToqeerHomeBackup/mujoco_project/outputs/_highrate_overnight/campaign_highrate_truth_v4_expanded42_new20/runs/P038/task_23/scenario23_age27_h1p57_sex_female_w54p0_20260926_082900/fall_scenario23_age27_20260926_082900_highrate_truth.csv,True,/mnt/hdd16T/ToqeerHomeBackup/mujoco_project/outputs/_highrate_overnight/campaign_highrate_truth_v4_expanded42_new20,/mnt/hdd16T/ToqeerHomeBackup/mujoco_project/outputs/_highrate_overnight/campaign_highrate_truth_v4_expanded42_new20/runs/P038/task_23/scenario23_age27_h1p57_sex_female_w54p0_20260926_082900/fall_scenario23_age27_20260926_082900_dynamics_frames.csv,False
/mnt/hdd16T/ToqeerHomeBackup/mujoco_project/outputs/_highrate_overnight/campaign_highrate_truth_v4_expanded42_new20/runs/P038/task_24/scenario24_age27_h1p57_sex_female_w54p0_20260926_083003/fall_scenario24_age27_20260926_083003_highrate_truth.csv,True,/mnt/hdd16T/ToqeerHomeBackup/mujoco_project/outputs/_highrate_overnight/campaign_highrate_truth_v4_expanded42_new20,/mnt/hdd16T/ToqeerHomeBackup/mujoco_project/outputs/_highrate_overnight/campaign_highrate_truth_v4_expanded42_new20/runs/P038/task_24/scenario24_age27_h1p57_sex_female_w54p0_20260926_083003/fall_scenario24_age27_20260926_083003_dynamics_frames.csv,False
/mnt/hdd16T/ToqeerHomeBackup/mujoco_project/outputs/_highrate_overnight/campaign_highrate_truth_v4_expanded42_new20/runs/P038/task_28/scenario28_age27_h1p57_sex_female_w54p0_20260926_083038/fall_scenario28_age27_20260926_083038_highrate_truth.csv,True,/mnt/hdd16T/ToqeerHomeBackup/mujoco_project/outputs/_highrate_overnight/campaign_highrate_truth_v4_expanded42_new20,/mnt/hdd16T/ToqeerHomeBackup/mujoco_project/outputs/_highrate_overnight/campaign_highrate_truth_v4_expanded42_new20/runs/P038/task_28/scenario28_age27_h1p57_sex_female_w54p0_20260926_083038/fall_scenario28_age27_20260926_083038_dynamics_frames.csv,False
/mnt/hdd16T/ToqeerHomeBackup/mujoco_project/outputs/_highrate_overnight/campaign_highrate_truth_v4_expanded42_new20/runs/P038/task_29/scenario29_age27_h1p57_sex_female_w54p0_20260926_083306/fall_scenario29_age27_20260926_083306_highrate_truth.csv,True,/mnt/hdd16T/ToqeerHomeBackup/mujoco_project/outputs/_highrate_overnight/campaign_highrate_truth_v4_expanded42_new20,/mnt/hdd16T/ToqeerHomeBackup/mujoco_project/outputs/_highrate_overnight/campaign_highrate_truth_v4_expanded42_new20/runs/P038/task_29/scenario29_age27_h1p57_sex_female_w54p0_20260926_083306/fall_scenario29_age27_20260926_083306_dynamics_frames.csv,False
/mnt/hdd16T/ToqeerHomeBackup/mujoco_project/outputs/_highrate_overnight/campaign_highrate_truth_v4_expanded42_new20/runs/P038/task_30/scenario30_age27_h1p57_sex_female_w54p0_20260926_083533/fall_scenario30_age27_20260926_083533_highrate_truth.csv,True,/mnt/hdd16T/ToqeerHomeBackup/mujoco_project/outputs/_highrate_overnight/campaign_highrate_truth_v4_expanded42_new20,/mnt/hdd16T/ToqeerHomeBackup/mujoco_project/outputs/_highrate_overnight/campaign_highrate_truth_v4_expanded42_new20/runs/P038/task_30/scenario30_age27_h1p57_sex_female_w54p0_20260926_083533/fall_scenario30_age27_20260926_083533_dynamics_frames.csv,False
/mnt/hdd16T/ToqeerHomeBackup/mujoco_project/outputs/_highrate_overnight/campaign_highrate_truth_v4_expanded42_new20/runs/P038/task_31/scenario31_age27_h1p57_sex_female_w54p0_20260926_083800/fall_scenario31_age27_20260926_083800_highrate_truth.csv,True,/mnt/hdd16T/ToqeerHomeBackup/mujoco_project/outputs/_highrate_overnight/campaign_highrate_truth_v4_expanded42_new20,/mnt/hdd16T/ToqeerHomeBackup/mujoco_project/outputs/_highrate_overnight/campaign_highrate_truth_v4_expanded42_new20/runs/P038/task_31/scenario31_age27_h1p57_sex_female_w54p0_20260926_083800/fall_scenario31_age27_20260926_083800_dynamics_frames.csv,False
/mnt/hdd16T/ToqeerHomeBackup/mujoco_project/outputs/_highrate_overnight/campaign_highrate_truth_v4_expanded42_new20/runs/P038/task_32/scenario32_age27_h1p57_sex_female_w54p0_20260926_084043/fall_scenario32_age27_20260926_084043_highrate_truth.csv,True,/mnt/hdd16T/ToqeerHomeBackup/mujoco_project/outputs/_highrate_overnight/campaign_highrate_truth_v4_expanded42_new20,/mnt/hdd16T/ToqeerHomeBackup/mujoco_project/outputs/_highrate_overnight/campaign_highrate_truth_v4_expanded42_new20/runs/P038/task_32/scenario32_age27_h1p57_sex_female_w54p0_20260926_084043/fall_scenario32_age27_20260926_084043_dynamics_frames.csv,False
/mnt/hdd16T/ToqeerHomeBackup/mujoco_project/outputs/_highrate_overnight/campaign_highrate_truth_v4_expanded42_new20/runs/P038/task_33/scenario33_age27_h1p57_sex_female_w54p0_20260926_084313/fall_scenario33_age27_20260926_084313_highrate_truth.csv,True,/mnt/hdd16T/ToqeerHomeBackup/mujoco_project/outputs/_highrate_overnight/campaign_highrate_truth_v4_expanded42_new20,/mnt/hdd16T/ToqeerHomeBackup/mujoco_project/outputs/_highrate_overnight/campaign_highrate_truth_v4_expanded42_new20/runs/P038/task_33/scenario33_age27_h1p57_sex_female_w54p0_20260926_084313/fall_scenario33_age27_20260926_084313_dynamics_frames.csv,False
/mnt/hdd16T/ToqeerHomeBackup/mujoco_project/outputs/_highrate_overnight/campaign_highrate_truth_v4_expanded42_new20/runs/P038/task_34/scenario34_age27_h1p57_sex_female_w54p0_20260926_084541/fall_scenario34_age27_20260926_084541_highrate_truth.csv,True,/mnt/hdd16T/ToqeerHomeBackup/mujoco_project/outputs/_highrate_overnight/campaign_highrate_truth_v4_expanded42_new20,/mnt/hdd16T/ToqeerHomeBackup/mujoco_project/outputs/_highrate_overnight/campaign_highrate_truth_v4_expanded42_new20/runs/P038/task_34/scenario34_age27_h1p57_sex_female_w54p0_20260926_084541/fall_scenario34_age27_20260926_084541_dynamics_frames.csv,False
/mnt/hdd16T/ToqeerHomeBackup/mujoco_project/outputs/_highrate_overnight/campaign_highrate_truth_v4_expanded42_new20/runs/P038/task_37/scenario37_age27_h1p57_sex_female_w54p0_20260926_084809/fall_scenario37_age27_20260926_084809_highrate_truth.csv,True,/mnt/hdd16T/ToqeerHomeBackup/mujoco_project/outputs/_highrate_overnight/campaign_highrate_truth_v4_expanded42_new20,/mnt/hdd16T/ToqeerHomeBackup/mujoco_project/outputs/_highrate_overnight/campaign_highrate_truth_v4_expanded42_new20/runs/P038/task_37/scenario37_age27_h1p57_sex_female_w54p0_20260926_084809/fall_scenario37_age27_20260926_084809_dynamics_frames.csv,False
/mnt/hdd16T/ToqeerHomeBackup/mujoco_project/outputs/_highrate_overnight/campaign_highrate_truth_v4_expanded42_new20/runs/P038/task_38/scenario38_age27_h1p57_sex_female_w54p0_20260926_085037/fall_scenario38_age27_20260926_085037_highrate_truth.csv,True,/mnt/hdd16T/ToqeerHomeBackup/mujoco_project/outputs/_highrate_overnight/campaign_highrate_truth_v4_expanded42_new20,/mnt/hdd16T/ToqeerHomeBackup/mujoco_project/outputs/_highrate_overnight/campaign_highrate_truth_v4_expanded42_new20/runs/P038/task_38/scenario38_age27_h1p57_sex_female_w54p0_20260926_085037/fall_scenario38_age27_20260926_085037_dynamics_frames.csv,False
/mnt/hdd16T/ToqeerHomeBackup/mujoco_project/outputs/_highrate_overnight/campaign_highrate_truth_v4_expanded42_new20/runs/P038/task_39/scenario39_age27_h1p57_sex_female_w54p0_20260926_085305/fall_scenario39_age27_20260926_085305_highrate_truth.csv,True,/mnt/hdd16T/ToqeerHomeBackup/mujoco_project/outputs/_highrate_overnight/campaign_highrate_truth_v4_expanded42_new20,/mnt/hdd16T/ToqeerHomeBackup/mujoco_project/outputs/_highrate_overnight/campaign_highrate_truth_v4_expanded42_new20/runs/P038/task_39/scenario39_age27_h1p57_sex_female_w54p0_20260926_085305/fall_scenario39_age27_20260926_085305_dynamics_frames.csv,False
/mnt/hdd16T/ToqeerHomeBackup/mujoco_project/outputs/_highrate_overnight/campaign_highrate_truth_v4_expanded42_new20/runs/P038/task_40/scenario40_age27_h1p57_sex_female_w54p0_20260926_085340/fall_scenario40_age27_20260926_085340_highrate_truth.csv,True,/mnt/hdd16T/ToqeerHomeBackup/mujoco_project/outputs/_highrate_overnight/campaign_highrate_truth_v4_expanded42_new20,/mnt/hdd16T/ToqeerHomeBackup/mujoco_project/outputs/_highrate_overnight/campaign_highrate_truth_v4_expanded42_new20/runs/P038/task_40/scenario40_age27_h1p57_sex_female_w54p0_20260926_085340/fall_scenario40_age27_20260926_085340_dynamics_frames.csv,False
/mnt/hdd16T/ToqeerHomeBackup/mujoco_project/outputs/_highrate_overnight/campaign_highrate_truth_v4_expanded42_new20/runs/P038/task_41/scenario41_age27_h1p57_sex_female_w54p0_20260926_085416/fall_scenario41_age27_20260926_085416_highrate_truth.csv,True,/mnt/hdd16T/ToqeerHomeBackup/mujoco_project/outputs/_highrate_overnight/campaign_highrate_truth_v4_expanded42_new20,/mnt/hdd16T/ToqeerHomeBackup/mujoco_project/outputs/_highrate_overnight/campaign_highrate_truth_v4_expanded42_new20/runs/P038/task_41/scenario41_age27_h1p57_sex_female_w54p0_20260926_085416/fall_scenario41_age27_20260926_085416_dynamics_frames.csv,False
/mnt/hdd16T/ToqeerHomeBackup/mujoco_project/outputs/_highrate_overnight/campaign_highrate_truth_v4_expanded42_new20/runs/P038/task_42/scenario42_age27_h1p57_sex_female_w54p0_20260926_085452/fall_scenario42_age27_20260926_085452_highrate_truth.csv,True,/mnt/hdd16T/ToqeerHomeBackup/mujoco_project/outputs/_highrate_overnight/campaign_highrate_truth_v4_expanded42_new20,/mnt/hdd16T/ToqeerHomeBackup/mujoco_project/outputs/_highrate_overnight/campaign_highrate_truth_v4_expanded42_new20/runs/P038/task_42/scenario42_age27_h1p57_sex_female_w54p0_20260926_085452/fall_scenario42_age27_20260926_085452_dynamics_frames.csv,False
/mnt/hdd16T/ToqeerHomeBackup/mujoco_project/outputs/_highrate_overnight/campaign_highrate_truth_v4_expanded42_new20/runs/P039/task_20/scenario20_age29_h1p76_sex_male_w84p0_20260926_085528/fall_scenario20_age29_20260926_085528_highrate_truth.csv,True,/mnt/hdd16T/ToqeerHomeBackup/mujoco_project/outputs/_highrate_overnight/campaign_highrate_truth_v4_expanded42_new20,/mnt/hdd16T/ToqeerHomeBackup/mujoco_project/outputs/_highrate_overnight/campaign_highrate_truth_v4_expanded42_new20/runs/P039/task_20/scenario20_age29_h1p76_sex_male_w84p0_20260926_085528/fall_scenario20_age29_20260926_085528_dynamics_frames.csv,False
/mnt/hdd16T/ToqeerHomeBackup/mujoco_project/outputs/_highrate_overnight/campaign_highrate_truth_v4_expanded42_new20/runs/P039/task_21/scenario21_age29_h1p76_sex_male_w84p0_20260926_085631/fall_scenario21_age29_20260926_085631_highrate_truth.csv,True,/mnt/hdd16T/ToqeerHomeBackup/mujoco_project/outputs/_highrate_overnight/campaign_highrate_truth_v4_expanded42_new20,/mnt/hdd16T/ToqeerHomeBackup/mujoco_project/outputs/_highrate_overnight/campaign_highrate_truth_v4_expanded42_new20/runs/P039/task_21/scenario21_age29_h1p76_sex_male_w84p0_20260926_085631/fall_scenario21_age29_20260926_085631_dynamics_frames.csv,False
/mnt/hdd16T/ToqeerHomeBackup/mujoco_project/outputs/_highrate_overnight/campaign_highrate_truth_v4_expanded42_new20/runs/P039/task_22/scenario22_age29_h1p76_sex_male_w84p0_20260926_085707/fall_scenario22_age29_20260926_085707_highrate_truth.csv,True,/mnt/hdd16T/ToqeerHomeBackup/mujoco_project/outputs/_highrate_overnight/campaign_highrate_truth_v4_expanded42_new20,/mnt/hdd16T/ToqeerHomeBackup/mujoco_project/outputs/_highrate_overnight/campaign_highrate_truth_v4_expanded42_new20/runs/P039/task_22/scenario22_age29_h1p76_sex_male_w84p0_20260926_085707/fall_scenario22_age29_20260926_085707_dynamics_frames.csv,False
/mnt/hdd16T/ToqeerHomeBackup/mujoco_project/outputs/_highrate_overnight/campaign_highrate_truth_v4_expanded42_new20/runs/P039/task_23/scenario23_age29_h1p76_sex_male_w84p0_20260926_085742/fall_scenario23_age29_20260926_085742_highrate_truth.csv,True,/mnt/hdd16T/ToqeerHomeBackup/mujoco_project/outputs/_highrate_overnight/campaign_highrate_truth_v4_expanded42_new20,/mnt/hdd16T/ToqeerHomeBackup/mujoco_project/outputs/_highrate_overnight/campaign_highrate_truth_v4_expanded42_new20/runs/P039/task_23/scenario23_age29_h1p76_sex_male_w84p0_20260926_085742/fall_scenario23_age29_20260926_085742_dynamics_frames.csv,False
/mnt/hdd16T/ToqeerHomeBackup/mujoco_project/outputs/_highrate_overnight/campaign_highrate_truth_v4_expanded42_new20/runs/P039/task_24/scenario24_age29_h1p76_sex_male_w84p0_20260926_085845/fall_scenario24_age29_20260926_085845_highrate_truth.csv,True,/mnt/hdd16T/ToqeerHomeBackup/mujoco_project/outputs/_highrate_overnight/campaign_highrate_truth_v4_expanded42_new20,/mnt/hdd16T/ToqeerHomeBackup/mujoco_project/outputs/_highrate_overnight/campaign_highrate_truth_v4_expanded42_new20/runs/P039/task_24/scenario24_age29_h1p76_sex_male_w84p0_20260926_085845/fall_scenario24_age29_20260926_085845_dynamics_frames.csv,False
/mnt/hdd16T/ToqeerHomeBackup/mujoco_project/outputs/_highrate_overnight/campaign_highrate_truth_v4_expanded42_new20/runs/P039/task_28/scenario28_age29_h1p76_sex_male_w84p0_20260926_085920/fall_scenario28_age29_20260926_085920_highrate_truth.csv,True,/mnt/hdd16T/ToqeerHomeBackup/mujoco_project/outputs/_highrate_overnight/campaign_highrate_truth_v4_expanded42_new20,/mnt/hdd16T/ToqeerHomeBackup/mujoco_project/outputs/_highrate_overnight/campaign_highrate_truth_v4_expanded42_new20/runs/P039/task_28/scenario28_age29_h1p76_sex_male_w84p0_20260926_085920/fall_scenario28_age29_20260926_085920_dynamics_frames.csv,False
/mnt/hdd16T/ToqeerHomeBackup/mujoco_project/outputs/_highrate_overnight/campaign_highrate_truth_v4_expanded42_new20/runs/P039/task_29/scenario29_age29_h1p76_sex_male_w84p0_20260926_090149/fall_scenario29_age29_20260926_090149_highrate_truth.csv,True,/mnt/hdd16T/ToqeerHomeBackup/mujoco_project/outputs/_highrate_overnight/campaign_highrate_truth_v4_expanded42_new20,/mnt/hdd16T/ToqeerHomeBackup/mujoco_project/outputs/_highrate_overnight/campaign_highrate_truth_v4_expanded42_new20/runs/P039/task_29/scenario29_age29_h1p76_sex_male_w84p0_20260926_090149/fall_scenario29_age29_20260926_090149_dynamics_frames.csv,False
/mnt/hdd16T/ToqeerHomeBackup/mujoco_project/outputs/_highrate_overnight/campaign_highrate_truth_v4_expanded42_new20/runs/P039/task_30/scenario30_age29_h1p76_sex_male_w84p0_20260926_090418/fall_scenario30_age29_20260926_090418_highrate_truth.csv,True,/mnt/hdd16T/ToqeerHomeBackup/mujoco_project/outputs/_highrate_overnight/campaign_highrate_truth_v4_expanded42_new20,/mnt/hdd16T/ToqeerHomeBackup/mujoco_project/outputs/_highrate_overnight/campaign_highrate_truth_v4_expanded42_new20/runs/P039/task_30/scenario30_age29_h1p76_sex_male_w84p0_20260926_090418/fall_scenario30_age29_20260926_090418_dynamics_frames.csv,False
/mnt/hdd16T/ToqeerHomeBackup/mujoco_project/outputs/_highrate_overnight/campaign_highrate_truth_v4_expanded42_new20/runs/P039/task_31/scenario31_age29_h1p76_sex_male_w84p0_20260926_090646/fall_scenario31_age29_20260926_090646_highrate_truth.csv,True,/mnt/hdd16T/ToqeerHomeBackup/mujoco_project/outputs/_highrate_overnight/campaign_highrate_truth_v4_expanded42_new20,/mnt/hdd16T/ToqeerHomeBackup/mujoco_project/outputs/_highrate_overnight/campaign_highrate_truth_v4_expanded42_new20/runs/P039/task_31/scenario31_age29_h1p76_sex_male_w84p0_20260926_090646/fall_scenario31_age29_20260926_090646_dynamics_frames.csv,False
/mnt/hdd16T/ToqeerHomeBackup/mujoco_project/outputs/_highrate_overnight/campaign_highrate_truth_v4_expanded42_new20/runs/P039/task_32/scenario32_age29_h1p76_sex_male_w84p0_20260926_090915/fall_scenario32_age29_20260926_090915_highrate_truth.csv,True,/mnt/hdd16T/ToqeerHomeBackup/mujoco_project/outputs/_highrate_overnight/campaign_highrate_truth_v4_expanded42_new20,/mnt/hdd16T/ToqeerHomeBackup/mujoco_project/outputs/_highrate_overnight/campaign_highrate_truth_v4_expanded42_new20/runs/P039/task_32/scenario32_age29_h1p76_sex_male_w84p0_20260926_090915/fall_scenario32_age29_20260926_090915_dynamics_frames.csv,False
/mnt/hdd16T/ToqeerHomeBackup/mujoco_project/outputs/_highrate_overnight/campaign_highrate_truth_v4_expanded42_new20/runs/P039/task_33/scenario33_age29_h1p76_sex_male_w84p0_20260926_091143/fall_scenario33_age29_20260926_091143_highrate_truth.csv,True,/mnt/hdd16T/ToqeerHomeBackup/mujoco_project/outputs/_highrate_overnight/campaign_highrate_truth_v4_expanded42_new20,/mnt/hdd16T/ToqeerHomeBackup/mujoco_project/outputs/_highrate_overnight/campaign_highrate_truth_v4_expanded42_new20/runs/P039/task_33/scenario33_age29_h1p76_sex_male_w84p0_20260926_091143/fall_scenario33_age29_20260926_091143_dynamics_frames.csv,False
/mnt/hdd16T/ToqeerHomeBackup/mujoco_project/outputs/_highrate_overnight/campaign_highrate_truth_v4_expanded42_new20/runs/P039/task_34/scenario34_age29_h1p76_sex_male_w84p0_20260926_091412/fall_scenario34_age29_20260926_091412_highrate_truth.csv,True,/mnt/hdd16T/ToqeerHomeBackup/mujoco_project/outputs/_highrate_overnight/campaign_highrate_truth_v4_expanded42_new20,/mnt/hdd16T/ToqeerHomeBackup/mujoco_project/outputs/_highrate_overnight/campaign_highrate_truth_v4_expanded42_new20/runs/P039/task_34/scenario34_age29_h1p76_sex_male_w84p0_20260926_091412/fall_scenario34_age29_20260926_091412_dynamics_frames.csv,False
/mnt/hdd16T/ToqeerHomeBackup/mujoco_project/outputs/_highrate_overnight/campaign_highrate_truth_v4_expanded42_new20/runs/P039/task_37/scenario37_age29_h1p76_sex_male_w84p0_20260926_091642/fall_scenario37_age29_20260926_091642_highrate_truth.csv,True,/mnt/hdd16T/ToqeerHomeBackup/mujoco_project/outputs/_highrate_overnight/campaign_highrate_truth_v4_expanded42_new20,/mnt/hdd16T/ToqeerHomeBackup/mujoco_project/outputs/_highrate_overnight/campaign_highrate_truth_v4_expanded42_new20/runs/P039/task_37/scenario37_age29_h1p76_sex_male_w84p0_20260926_091642/fall_scenario37_age29_20260926_091642_dynamics_frames.csv,False
/mnt/hdd16T/ToqeerHomeBackup/mujoco_project/outputs/_highrate_overnight/campaign_highrate_truth_v4_expanded42_new20/runs/P039/task_38/scenario38_age29_h1p76_sex_male_w84p0_20260926_091909/fall_scenario38_age29_20260926_091909_highrate_truth.csv,True,/mnt/hdd16T/ToqeerHomeBackup/mujoco_project/outputs/_highrate_overnight/campaign_highrate_truth_v4_expanded42_new20,/mnt/hdd16T/ToqeerHomeBackup/mujoco_project/outputs/_highrate_overnight/campaign_highrate_truth_v4_expanded42_new20/runs/P039/task_38/scenario38_age29_h1p76_sex_male_w84p0_20260926_091909/fall_scenario38_age29_20260926_091909_dynamics_frames.csv,False
/mnt/hdd16T/ToqeerHomeBackup/mujoco_project/outputs/_highrate_overnight/campaign_highrate_truth_v4_expanded42_new20/runs/P039/task_39/scenario39_age29_h1p76_sex_male_w84p0_20260926_092141/fall_scenario39_age29_20260926_092141_highrate_truth.csv,True,/mnt/hdd16T/ToqeerHomeBackup/mujoco_project/outputs/_highrate_overnight/campaign_highrate_truth_v4_expanded42_new20,/mnt/hdd16T/ToqeerHomeBackup/mujoco_project/outputs/_highrate_overnight/campaign_highrate_truth_v4_expanded42_new20/runs/P039/task_39/scenario39_age29_h1p76_sex_male_w84p0_20260926_092141/fall_scenario39_age29_20260926_092141_dynamics_frames.csv,False
/mnt/hdd16T/ToqeerHomeBackup/mujoco_project/outputs/_highrate_overnight/campaign_highrate_truth_v4_expanded42_new20/runs/P039/task_40/scenario40_age29_h1p76_sex_male_w84p0_20260926_092217/fall_scenario40_age29_20260926_092217_highrate_truth.csv,True,/mnt/hdd16T/ToqeerHomeBackup/mujoco_project/outputs/_highrate_overnight/campaign_highrate_truth_v4_expanded42_new20,/mnt/hdd16T/ToqeerHomeBackup/mujoco_project/outputs/_highrate_overnight/campaign_highrate_truth_v4_expanded42_new20/runs/P039/task_40/scenario40_age29_h1p76_sex_male_w84p0_20260926_092217/fall_scenario40_age29_20260926_092217_dynamics_frames.csv,False
/mnt/hdd16T/ToqeerHomeBackup/mujoco_project/outputs/_highrate_overnight/campaign_highrate_truth_v4_expanded42_new20/runs/P039/task_41/scenario41_age29_h1p76_sex_male_w84p0_20260926_092252/fall_scenario41_age29_20260926_092252_highrate_truth.csv,True,/mnt/hdd16T/ToqeerHomeBackup/mujoco_project/outputs/_highrate_overnight/campaign_highrate_truth_v4_expanded42_new20,/mnt/hdd16T/ToqeerHomeBackup/mujoco_project/outputs/_highrate_overnight/campaign_highrate_truth_v4_expanded42_new20/runs/P039/task_41/scenario41_age29_h1p76_sex_male_w84p0_20260926_092252/fall_scenario41_age29_20260926_092252_dynamics_frames.csv,False
/mnt/hdd16T/ToqeerHomeBackup/mujoco_project/outputs/_highrate_overnight/campaign_highrate_truth_v4_expanded42_new20/runs/P039/task_42/scenario42_age29_h1p76_sex_male_w84p0_20260926_092330/fall_scenario42_age29_20260926_092330_highrate_truth.csv,True,/mnt/hdd16T/ToqeerHomeBackup/mujoco_project/outputs/_highrate_overnight/campaign_highrate_truth_v4_expanded42_new20,/mnt/hdd16T/ToqeerHomeBackup/mujoco_project/outputs/_highrate_overnight/campaign_highrate_truth_v4_expanded42_new20/runs/P039/task_42/scenario42_age29_h1p76_sex_male_w84p0_20260926_092330/fall_scenario42_age29_20260926_092330_dynamics_frames.csv,False
/mnt/hdd16T/ToqeerHomeBackup/mujoco_project/outputs/_highrate_overnight/campaign_highrate_truth_v4_expanded42_new20/runs/P040/task_20/scenario20_age31_h1p91_sex_male_w89p0_20260926_092407/fall_scenario20_age31_20260926_092407_highrate_truth.csv,True,/mnt/hdd16T/ToqeerHomeBackup/mujoco_project/outputs/_highrate_overnight/campaign_highrate_truth_v4_expanded42_new20,/mnt/hdd16T/ToqeerHomeBackup/mujoco_project/outputs/_highrate_overnight/campaign_highrate_truth_v4_expanded42_new20/runs/P040/task_20/scenario20_age31_h1p91_sex_male_w89p0_20260926_092407/fall_scenario20_age31_20260926_092407_dynamics_frames.csv,False
/mnt/hdd16T/ToqeerHomeBackup/mujoco_project/outputs/_highrate_overnight/campaign_highrate_truth_v4_expanded42_new20/runs/P040/task_21/scenario21_age31_h1p91_sex_male_w89p0_20260926_092510/fall_scenario21_age31_20260926_092510_highrate_truth.csv,True,/mnt/hdd16T/ToqeerHomeBackup/mujoco_project/outputs/_highrate_overnight/campaign_highrate_truth_v4_expanded42_new20,/mnt/hdd16T/ToqeerHomeBackup/mujoco_project/outputs/_highrate_overnight/campaign_highrate_truth_v4_expanded42_new20/runs/P040/task_21/scenario21_age31_h1p91_sex_male_w89p0_20260926_092510/fall_scenario21_age31_20260926_092510_dynamics_frames.csv,False
/mnt/hdd16T/ToqeerHomeBackup/mujoco_project/outputs/_highrate_overnight/campaign_highrate_truth_v4_expanded42_new20/runs/P040/task_22/scenario22_age31_h1p91_sex_male_w89p0_20260926_092546/fall_scenario22_age31_20260926_092546_highrate_truth.csv,True,/mnt/hdd16T/ToqeerHomeBackup/mujoco_project/outputs/_highrate_overnight/campaign_highrate_truth_v4_expanded42_new20,/mnt/hdd16T/ToqeerHomeBackup/mujoco_project/outputs/_highrate_overnight/campaign_highrate_truth_v4_expanded42_new20/runs/P040/task_22/scenario22_age31_h1p91_sex_male_w89p0_20260926_092546/fall_scenario22_age31_20260926_092546_dynamics_frames.csv,False
/mnt/hdd16T/ToqeerHomeBackup/mujoco_project/outputs/_highrate_overnight/campaign_highrate_truth_v4_expanded42_new20/runs/P040/task_23/scenario23_age31_h1p91_sex_male_w89p0_20260926_092621/fall_scenario23_age31_20260926_092621_highrate_truth.csv,True,/mnt/hdd16T/ToqeerHomeBackup/mujoco_project/outputs/_highrate_overnight/campaign_highrate_truth_v4_expanded42_new20,/mnt/hdd16T/ToqeerHomeBackup/mujoco_project/outputs/_highrate_overnight/campaign_highrate_truth_v4_expanded42_new20/runs/P040/task_23/scenario23_age31_h1p91_sex_male_w89p0_20260926_092621/fall_scenario23_age31_20260926_092621_dynamics_frames.csv,False
/mnt/hdd16T/ToqeerHomeBackup/mujoco_project/outputs/_highrate_overnight/campaign_highrate_truth_v4_expanded42_new20/runs/P040/task_24/scenario24_age31_h1p91_sex_male_w89p0_20260926_092724/fall_scenario24_age31_20260926_092724_highrate_truth.csv,True,/mnt/hdd16T/ToqeerHomeBackup/mujoco_project/outputs/_highrate_overnight/campaign_highrate_truth_v4_expanded42_new20,/mnt/hdd16T/ToqeerHomeBackup/mujoco_project/outputs/_highrate_overnight/campaign_highrate_truth_v4_expanded42_new20/runs/P040/task_24/scenario24_age31_h1p91_sex_male_w89p0_20260926_092724/fall_scenario24_age31_20260926_092724_dynamics_frames.csv,False
/mnt/hdd16T/ToqeerHomeBackup/mujoco_project/outputs/_highrate_overnight/campaign_highrate_truth_v4_expanded42_new20/runs/P040/task_28/scenario28_age31_h1p91_sex_male_w89p0_20260926_092800/fall_scenario28_age31_20260926_092800_highrate_truth.csv,True,/mnt/hdd16T/ToqeerHomeBackup/mujoco_project/outputs/_highrate_overnight/campaign_highrate_truth_v4_expanded42_new20,/mnt/hdd16T/ToqeerHomeBackup/mujoco_project/outputs/_highrate_overnight/campaign_highrate_truth_v4_expanded42_new20/runs/P040/task_28/scenario28_age31_h1p91_sex_male_w89p0_20260926_092800/fall_scenario28_age31_20260926_092800_dynamics_frames.csv,False
/mnt/hdd16T/ToqeerHomeBackup/mujoco_project/outputs/_highrate_overnight/campaign_highrate_truth_v4_expanded42_new20/runs/P040/task_29/scenario29_age31_h1p91_sex_male_w89p0_20260926_093028/fall_scenario29_age31_20260926_093028_highrate_truth.csv,True,/mnt/hdd16T/ToqeerHomeBackup/mujoco_project/outputs/_highrate_overnight/campaign_highrate_truth_v4_expanded42_new20,/mnt/hdd16T/ToqeerHomeBackup/mujoco_project/outputs/_highrate_overnight/campaign_highrate_truth_v4_expanded42_new20/runs/P040/task_29/scenario29_age31_h1p91_sex_male_w89p0_20260926_093028/fall_scenario29_age31_20260926_093028_dynamics_frames.csv,False
/mnt/hdd16T/ToqeerHomeBackup/mujoco_project/outputs/_highrate_overnight/campaign_highrate_truth_v4_expanded42_new20/runs/P040/task_30/scenario30_age31_h1p91_sex_male_w89p0_20260926_093257/fall_scenario30_age31_20260926_093257_highrate_truth.csv,True,/mnt/hdd16T/ToqeerHomeBackup/mujoco_project/outputs/_highrate_overnight/campaign_highrate_truth_v4_expanded42_new20,/mnt/hdd16T/ToqeerHomeBackup/mujoco_project/outputs/_highrate_overnight/campaign_highrate_truth_v4_expanded42_new20/runs/P040/task_30/scenario30_age31_h1p91_sex_male_w89p0_20260926_093257/fall_scenario30_age31_20260926_093257_dynamics_frames.csv,False
/mnt/hdd16T/ToqeerHomeBackup/mujoco_project/outputs/_highrate_overnight/campaign_highrate_truth_v4_expanded42_new20/runs/P040/task_31/scenario31_age31_h1p91_sex_male_w89p0_20260926_093543/fall_scenario31_age31_20260926_093543_highrate_truth.csv,True,/mnt/hdd16T/ToqeerHomeBackup/mujoco_project/outputs/_highrate_overnight/campaign_highrate_truth_v4_expanded42_new20,/mnt/hdd16T/ToqeerHomeBackup/mujoco_project/outputs/_highrate_overnight/campaign_highrate_truth_v4_expanded42_new20/runs/P040/task_31/scenario31_age31_h1p91_sex_male_w89p0_20260926_093543/fall_scenario31_age31_20260926_093543_dynamics_frames.csv,False
/mnt/hdd16T/ToqeerHomeBackup/mujoco_project/outputs/_highrate_overnight/campaign_highrate_truth_v4_expanded42_new20/runs/P040/task_32/scenario32_age31_h1p91_sex_male_w89p0_20260926_093816/fall_scenario32_age31_20260926_093816_highrate_truth.csv,True,/mnt/hdd16T/ToqeerHomeBackup/mujoco_project/outputs/_highrate_overnight/campaign_highrate_truth_v4_expanded42_new20,/mnt/hdd16T/ToqeerHomeBackup/mujoco_project/outputs/_highrate_overnight/campaign_highrate_truth_v4_expanded42_new20/runs/P040/task_32/scenario32_age31_h1p91_sex_male_w89p0_20260926_093816/fall_scenario32_age31_20260926_093816_dynamics_frames.csv,False
/mnt/hdd16T/ToqeerHomeBackup/mujoco_project/outputs/_highrate_overnight/campaign_highrate_truth_v4_expanded42_new20/runs/P040/task_33/scenario33_age31_h1p91_sex_male_w89p0_20260926_094104/fall_scenario33_age31_20260926_094104_highrate_truth.csv,True,/mnt/hdd16T/ToqeerHomeBackup/mujoco_project/outputs/_highrate_overnight/campaign_highrate_truth_v4_expanded42_new20,/mnt/hdd16T/ToqeerHomeBackup/mujoco_project/outputs/_highrate_overnight/campaign_highrate_truth_v4_expanded42_new20/runs/P040/task_33/scenario33_age31_h1p91_sex_male_w89p0_20260926_094104/fall_scenario33_age31_20260926_094104_dynamics_frames.csv,False
/mnt/hdd16T/ToqeerHomeBackup/mujoco_project/outputs/_highrate_overnight/campaign_highrate_truth_v4_expanded42_new20/runs/P040/task_34/scenario34_age31_h1p91_sex_male_w89p0_20260926_094406/fall_scenario34_age31_20260926_094406_highrate_truth.csv,True,/mnt/hdd16T/ToqeerHomeBackup/mujoco_project/outputs/_highrate_overnight/campaign_highrate_truth_v4_expanded42_new20,/mnt/hdd16T/ToqeerHomeBackup/mujoco_project/outputs/_highrate_overnight/campaign_highrate_truth_v4_expanded42_new20/runs/P040/task_34/scenario34_age31_h1p91_sex_male_w89p0_20260926_094406/fall_scenario34_age31_20260926_094406_dynamics_frames.csv,False
/mnt/hdd16T/ToqeerHomeBackup/mujoco_project/outputs/_highrate_overnight/campaign_highrate_truth_v4_expanded42_new20/runs/P040/task_37/scenario37_age31_h1p91_sex_male_w89p0_20260926_094659/fall_scenario37_age31_20260926_094659_highrate_truth.csv,True,/mnt/hdd16T/ToqeerHomeBackup/mujoco_project/outputs/_highrate_overnight/campaign_highrate_truth_v4_expanded42_new20,/mnt/hdd16T/ToqeerHomeBackup/mujoco_project/outputs/_highrate_overnight/campaign_highrate_truth_v4_expanded42_new20/runs/P040/task_37/scenario37_age31_h1p91_sex_male_w89p0_20260926_094659/fall_scenario37_age31_20260926_094659_dynamics_frames.csv,False
/mnt/hdd16T/ToqeerHomeBackup/mujoco_project/outputs/_highrate_overnight/campaign_highrate_truth_v4_expanded42_new20/runs/P040/task_38/scenario38_age31_h1p91_sex_male_w89p0_20260926_095001/fall_scenario38_age31_20260926_095001_highrate_truth.csv,True,/mnt/hdd16T/ToqeerHomeBackup/mujoco_project/outputs/_highrate_overnight/campaign_highrate_truth_v4_expanded42_new20,/mnt/hdd16T/ToqeerHomeBackup/mujoco_project/outputs/_highrate_overnight/campaign_highrate_truth_v4_expanded42_new20/runs/P040/task_38/scenario38_age31_h1p91_sex_male_w89p0_20260926_095001/fall_scenario38_age31_20260926_095001_dynamics_frames.csv,False
/mnt/hdd16T/ToqeerHomeBackup/mujoco_project/outputs/_highrate_overnight/campaign_highrate_truth_v4_expanded42_new20/runs/P040/task_39/scenario39_age31_h1p91_sex_male_w89p0_20260926_095241/fall_scenario39_age31_20260926_095241_highrate_truth.csv,True,/mnt/hdd16T/ToqeerHomeBackup/mujoco_project/outputs/_highrate_overnight/campaign_highrate_truth_v4_expanded42_new20,/mnt/hdd16T/ToqeerHomeBackup/mujoco_project/outputs/_highrate_overnight/campaign_highrate_truth_v4_expanded42_new20/runs/P040/task_39/scenario39_age31_h1p91_sex_male_w89p0_20260926_095241/fall_scenario39_age31_20260926_095241_dynamics_frames.csv,False
/mnt/hdd16T/ToqeerHomeBackup/mujoco_project/outputs/_highrate_overnight/campaign_highrate_truth_v4_expanded42_new20/runs/P040/task_40/scenario40_age31_h1p91_sex_male_w89p0_20260926_095322/fall_scenario40_age31_20260926_095322_highrate_truth.csv,True,/mnt/hdd16T/ToqeerHomeBackup/mujoco_project/outputs/_highrate_overnight/campaign_highrate_truth_v4_expanded42_new20,/mnt/hdd16T/ToqeerHomeBackup/mujoco_project/outputs/_highrate_overnight/campaign_highrate_truth_v4_expanded42_new20/runs/P040/task_40/scenario40_age31_h1p91_sex_male_w89p0_20260926_095322/fall_scenario40_age31_20260926_095322_dynamics_frames.csv,False
/mnt/hdd16T/ToqeerHomeBackup/mujoco_project/outputs/_highrate_overnight/campaign_highrate_truth_v4_expanded42_new20/runs/P040/task_41/scenario41_age31_h1p91_sex_male_w89p0_20260926_095400/fall_scenario41_age31_20260926_095400_highrate_truth.csv,True,/mnt/hdd16T/ToqeerHomeBackup/mujoco_project/outputs/_highrate_overnight/campaign_highrate_truth_v4_expanded42_new20,/mnt/hdd16T/ToqeerHomeBackup/mujoco_project/outputs/_highrate_overnight/campaign_highrate_truth_v4_expanded42_new20/runs/P040/task_41/scenario41_age31_h1p91_sex_male_w89p0_20260926_095400/fall_scenario41_age31_20260926_095400_dynamics_frames.csv,False
/mnt/hdd16T/ToqeerHomeBackup/mujoco_project/outputs/_highrate_overnight/campaign_highrate_truth_v4_expanded42_new20/runs/P040/task_42/scenario42_age31_h1p91_sex_male_w89p0_20260926_095442/fall_scenario42_age31_20260926_095442_highrate_truth.csv,True,/mnt/hdd16T/ToqeerHomeBackup/mujoco_project/outputs/_highrate_overnight/campaign_highrate_truth_v4_expanded42_new20,/mnt/hdd16T/ToqeerHomeBackup/mujoco_project/outputs/_highrate_overnight/campaign_highrate_truth_v4_expanded42_new20/runs/P040/task_42/scenario42_age31_h1p91_sex_male_w89p0_20260926_095442/fall_scenario42_age31_20260926_095442_dynamics_frames.csv,False
/mnt/hdd16T/ToqeerHomeBackup/mujoco_project/outputs/_highrate_overnight/campaign_highrate_truth_v4_expanded42_new20/runs/P041/task_20/scenario20_age33_h1p73_sex_male_w70p0_20260926_095526/fall_scenario20_age33_20260926_095526_highrate_truth.csv,True,/mnt/hdd16T/ToqeerHomeBackup/mujoco_project/outputs/_highrate_overnight/campaign_highrate_truth_v4_expanded42_new20,/mnt/hdd16T/ToqeerHomeBackup/mujoco_project/outputs/_highrate_overnight/campaign_highrate_truth_v4_expanded42_new20/runs/P041/task_20/scenario20_age33_h1p73_sex_male_w70p0_20260926_095526/fall_scenario20_age33_20260926_095526_dynamics_frames.csv,False
/mnt/hdd16T/ToqeerHomeBackup/mujoco_project/outputs/_highrate_overnight/campaign_highrate_truth_v4_expanded42_new20/runs/P041/task_21/scenario21_age33_h1p73_sex_male_w70p0_20260926_095632/fall_scenario21_age33_20260926_095632_highrate_truth.csv,True,/mnt/hdd16T/ToqeerHomeBackup/mujoco_project/outputs/_highrate_overnight/campaign_highrate_truth_v4_expanded42_new20,/mnt/hdd16T/ToqeerHomeBackup/mujoco_project/outputs/_highrate_overnight/campaign_highrate_truth_v4_expanded42_new20/runs/P041/task_21/scenario21_age33_h1p73_sex_male_w70p0_20260926_095632/fall_scenario21_age33_20260926_095632_dynamics_frames.csv,False
/mnt/hdd16T/ToqeerHomeBackup/mujoco_project/outputs/_highrate_overnight/campaign_highrate_truth_v4_expanded42_new20/runs/P041/task_22/scenario22_age33_h1p73_sex_male_w70p0_20260926_095707/fall_scenario22_age33_20260926_095707_highrate_truth.csv,True,/mnt/hdd16T/ToqeerHomeBackup/mujoco_project/outputs/_highrate_overnight/campaign_highrate_truth_v4_expanded42_new20,/mnt/hdd16T/ToqeerHomeBackup/mujoco_project/outputs/_highrate_overnight/campaign_highrate_truth_v4_expanded42_new20/runs/P041/task_22/scenario22_age33_h1p73_sex_male_w70p0_20260926_095707/fall_scenario22_age33_20260926_095707_dynamics_frames.csv,False
/mnt/hdd16T/ToqeerHomeBackup/mujoco_project/outputs/_highrate_overnight/campaign_highrate_truth_v4_expanded42_new20/runs/P041/task_23/scenario23_age33_h1p73_sex_male_w70p0_20260926_095742/fall_scenario23_age33_20260926_095742_highrate_truth.csv,True,/mnt/hdd16T/ToqeerHomeBackup/mujoco_project/outputs/_highrate_overnight/campaign_highrate_truth_v4_expanded42_new20,/mnt/hdd16T/ToqeerHomeBackup/mujoco_project/outputs/_highrate_overnight/campaign_highrate_truth_v4_expanded42_new20/runs/P041/task_23/scenario23_age33_h1p73_sex_male_w70p0_20260926_095742/fall_scenario23_age33_20260926_095742_dynamics_frames.csv,False
/mnt/hdd16T/ToqeerHomeBackup/mujoco_project/outputs/_highrate_overnight/campaign_highrate_truth_v4_expanded42_new20/runs/P041/task_24/scenario24_age33_h1p73_sex_male_w70p0_20260926_095845/fall_scenario24_age33_20260926_095845_highrate_truth.csv,True,/mnt/hdd16T/ToqeerHomeBackup/mujoco_project/outputs/_highrate_overnight/campaign_highrate_truth_v4_expanded42_new20,/mnt/hdd16T/ToqeerHomeBackup/mujoco_project/outputs/_highrate_overnight/campaign_highrate_truth_v4_expanded42_new20/runs/P041/task_24/scenario24_age33_h1p73_sex_male_w70p0_20260926_095845/fall_scenario24_age33_20260926_095845_dynamics_frames.csv,False
/mnt/hdd16T/ToqeerHomeBackup/mujoco_project/outputs/_highrate_overnight/campaign_highrate_truth_v4_expanded42_new20/runs/P041/task_28/scenario28_age33_h1p73_sex_male_w70p0_20260926_095920/fall_scenario28_age33_20260926_095920_highrate_truth.csv,True,/mnt/hdd16T/ToqeerHomeBackup/mujoco_project/outputs/_highrate_overnight/campaign_highrate_truth_v4_expanded42_new20,/mnt/hdd16T/ToqeerHomeBackup/mujoco_project/outputs/_highrate_overnight/campaign_highrate_truth_v4_expanded42_new20/runs/P041/task_28/scenario28_age33_h1p73_sex_male_w70p0_20260926_095920/fall_scenario28_age33_20260926_095920_dynamics_frames.csv,False
/mnt/hdd16T/ToqeerHomeBackup/mujoco_project/outputs/_highrate_overnight/campaign_highrate_truth_v4_expanded42_new20/runs/P041/task_29/scenario29_age33_h1p73_sex_male_w70p0_20260926_100148/fall_scenario29_age33_20260926_100148_highrate_truth.csv,True,/mnt/hdd16T/ToqeerHomeBackup/mujoco_project/outputs/_highrate_overnight/campaign_highrate_truth_v4_expanded42_new20,/mnt/hdd16T/ToqeerHomeBackup/mujoco_project/outputs/_highrate_overnight/campaign_highrate_truth_v4_expanded42_new20/runs/P041/task_29/scenario29_age33_h1p73_sex_male_w70p0_20260926_100148/fall_scenario29_age33_20260926_100148_dynamics_frames.csv,False
/mnt/hdd16T/ToqeerHomeBackup/mujoco_project/outputs/_highrate_overnight/campaign_highrate_truth_v4_expanded42_new20/runs/P041/task_30/scenario30_age33_h1p73_sex_male_w70p0_20260926_100417/fall_scenario30_age33_20260926_100417_highrate_truth.csv,True,/mnt/hdd16T/ToqeerHomeBackup/mujoco_project/outputs/_highrate_overnight/campaign_highrate_truth_v4_expanded42_new20,/mnt/hdd16T/ToqeerHomeBackup/mujoco_project/outputs/_highrate_overnight/campaign_highrate_truth_v4_expanded42_new20/runs/P041/task_30/scenario30_age33_h1p73_sex_male_w70p0_20260926_100417/fall_scenario30_age33_20260926_100417_dynamics_frames.csv,False
/mnt/hdd16T/ToqeerHomeBackup/mujoco_project/outputs/_highrate_overnight/campaign_highrate_truth_v4_expanded42_new20/runs/P041/task_31/scenario31_age33_h1p73_sex_male_w70p0_20260926_100646/fall_scenario31_age33_20260926_100646_highrate_truth.csv,True,/mnt/hdd16T/ToqeerHomeBackup/mujoco_project/outputs/_highrate_overnight/campaign_highrate_truth_v4_expanded42_new20,/mnt/hdd16T/ToqeerHomeBackup/mujoco_project/outputs/_highrate_overnight/campaign_highrate_truth_v4_expanded42_new20/runs/P041/task_31/scenario31_age33_h1p73_sex_male_w70p0_20260926_100646/fall_scenario31_age33_20260926_100646_dynamics_frames.csv,False
/mnt/hdd16T/ToqeerHomeBackup/mujoco_project/outputs/_highrate_overnight/campaign_highrate_truth_v4_expanded42_new20/runs/P041/task_32/scenario32_age33_h1p73_sex_male_w70p0_20260926_100914/fall_scenario32_age33_20260926_100914_highrate_truth.csv,True,/mnt/hdd16T/ToqeerHomeBackup/mujoco_project/outputs/_highrate_overnight/campaign_highrate_truth_v4_expanded42_new20,/mnt/hdd16T/ToqeerHomeBackup/mujoco_project/outputs/_highrate_overnight/campaign_highrate_truth_v4_expanded42_new20/runs/P041/task_32/scenario32_age33_h1p73_sex_male_w70p0_20260926_100914/fall_scenario32_age33_20260926_100914_dynamics_frames.csv,False
/mnt/hdd16T/ToqeerHomeBackup/mujoco_project/outputs/_highrate_overnight/campaign_highrate_truth_v4_expanded42_new20/runs/P041/task_33/scenario33_age33_h1p73_sex_male_w70p0_20260926_101143/fall_scenario33_age33_20260926_101143_highrate_truth.csv,True,/mnt/hdd16T/ToqeerHomeBackup/mujoco_project/outputs/_highrate_overnight/campaign_highrate_truth_v4_expanded42_new20,/mnt/hdd16T/ToqeerHomeBackup/mujoco_project/outputs/_highrate_overnight/campaign_highrate_truth_v4_expanded42_new20/runs/P041/task_33/scenario33_age33_h1p73_sex_male_w70p0_20260926_101143/fall_scenario33_age33_20260926_101143_dynamics_frames.csv,False
/mnt/hdd16T/ToqeerHomeBackup/mujoco_project/outputs/_highrate_overnight/campaign_highrate_truth_v4_expanded42_new20/runs/P041/task_34/scenario34_age33_h1p73_sex_male_w70p0_20260926_101411/fall_scenario34_age33_20260926_101411_highrate_truth.csv,True,/mnt/hdd16T/ToqeerHomeBackup/mujoco_project/outputs/_highrate_overnight/campaign_highrate_truth_v4_expanded42_new20,/mnt/hdd16T/ToqeerHomeBackup/mujoco_project/outputs/_highrate_overnight/campaign_highrate_truth_v4_expanded42_new20/runs/P041/task_34/scenario34_age33_h1p73_sex_male_w70p0_20260926_101411/fall_scenario34_age33_20260926_101411_dynamics_frames.csv,False
/mnt/hdd16T/ToqeerHomeBackup/mujoco_project/outputs/_highrate_overnight/campaign_highrate_truth_v4_expanded42_new20/runs/P041/task_37/scenario37_age33_h1p73_sex_male_w70p0_20260926_101640/fall_scenario37_age33_20260926_101640_highrate_truth.csv,True,/mnt/hdd16T/ToqeerHomeBackup/mujoco_project/outputs/_highrate_overnight/campaign_highrate_truth_v4_expanded42_new20,/mnt/hdd16T/ToqeerHomeBackup/mujoco_project/outputs/_highrate_overnight/campaign_highrate_truth_v4_expanded42_new20/runs/P041/task_37/scenario37_age33_h1p73_sex_male_w70p0_20260926_101640/fall_scenario37_age33_20260926_101640_dynamics_frames.csv,False
/mnt/hdd16T/ToqeerHomeBackup/mujoco_project/outputs/_highrate_overnight/campaign_highrate_truth_v4_expanded42_new20/runs/P041/task_38/scenario38_age33_h1p73_sex_male_w70p0_20260926_101907/fall_scenario38_age33_20260926_101907_highrate_truth.csv,True,/mnt/hdd16T/ToqeerHomeBackup/mujoco_project/outputs/_highrate_overnight/campaign_highrate_truth_v4_expanded42_new20,/mnt/hdd16T/ToqeerHomeBackup/mujoco_project/outputs/_highrate_overnight/campaign_highrate_truth_v4_expanded42_new20/runs/P041/task_38/scenario38_age33_h1p73_sex_male_w70p0_20260926_101907/fall_scenario38_age33_20260926_101907_dynamics_frames.csv,False
/mnt/hdd16T/ToqeerHomeBackup/mujoco_project/outputs/_highrate_overnight/campaign_highrate_truth_v4_expanded42_new20/runs/P041/task_39/scenario39_age33_h1p73_sex_male_w70p0_20260926_102135/fall_scenario39_age33_20260926_102135_highrate_truth.csv,True,/mnt/hdd16T/ToqeerHomeBackup/mujoco_project/outputs/_highrate_overnight/campaign_highrate_truth_v4_expanded42_new20,/mnt/hdd16T/ToqeerHomeBackup/mujoco_project/outputs/_highrate_overnight/campaign_highrate_truth_v4_expanded42_new20/runs/P041/task_39/scenario39_age33_h1p73_sex_male_w70p0_20260926_102135/fall_scenario39_age33_20260926_102135_dynamics_frames.csv,False
/mnt/hdd16T/ToqeerHomeBackup/mujoco_project/outputs/_highrate_overnight/campaign_highrate_truth_v4_expanded42_new20/runs/P041/task_40/scenario40_age33_h1p73_sex_male_w70p0_20260926_102210/fall_scenario40_age33_20260926_102210_highrate_truth.csv,True,/mnt/hdd16T/ToqeerHomeBackup/mujoco_project/outputs/_highrate_overnight/campaign_highrate_truth_v4_expanded42_new20,/mnt/hdd16T/ToqeerHomeBackup/mujoco_project/outputs/_highrate_overnight/campaign_highrate_truth_v4_expanded42_new20/runs/P041/task_40/scenario40_age33_h1p73_sex_male_w70p0_20260926_102210/fall_scenario40_age33_20260926_102210_dynamics_frames.csv,False
/mnt/hdd16T/ToqeerHomeBackup/mujoco_project/outputs/_highrate_overnight/campaign_highrate_truth_v4_expanded42_new20/runs/P041/task_41/scenario41_age33_h1p73_sex_male_w70p0_20260926_102246/fall_scenario41_age33_20260926_102246_highrate_truth.csv,True,/mnt/hdd16T/ToqeerHomeBackup/mujoco_project/outputs/_highrate_overnight/campaign_highrate_truth_v4_expanded42_new20,/mnt/hdd16T/ToqeerHomeBackup/mujoco_project/outputs/_highrate_overnight/campaign_highrate_truth_v4_expanded42_new20/runs/P041/task_41/scenario41_age33_h1p73_sex_male_w70p0_20260926_102246/fall_scenario41_age33_20260926_102246_dynamics_frames.csv,False
/mnt/hdd16T/ToqeerHomeBackup/mujoco_project/outputs/_highrate_overnight/campaign_highrate_truth_v4_expanded42_new20/runs/P041/task_42/scenario42_age33_h1p73_sex_male_w70p0_20260926_102322/fall_scenario42_age33_20260926_102322_highrate_truth.csv,True,/mnt/hdd16T/ToqeerHomeBackup/mujoco_project/outputs/_highrate_overnight/campaign_highrate_truth_v4_expanded42_new20,/mnt/hdd16T/ToqeerHomeBackup/mujoco_project/outputs/_highrate_overnight/campaign_highrate_truth_v4_expanded42_new20/runs/P041/task_42/scenario42_age33_h1p73_sex_male_w70p0_20260926_102322/fall_scenario42_age33_20260926_102322_dynamics_frames.csv,False
/mnt/hdd16T/ToqeerHomeBackup/mujoco_project/outputs/_highrate_overnight/campaign_highrate_truth_v4_expanded42_new20/runs/P042/task_20/scenario20_age34_h1p80_sex_male_w79p0_20260926_102359/fall_scenario20_age34_20260926_102359_highrate_truth.csv,True,/mnt/hdd16T/ToqeerHomeBackup/mujoco_project/outputs/_highrate_overnight/campaign_highrate_truth_v4_expanded42_new20,/mnt/hdd16T/ToqeerHomeBackup/mujoco_project/outputs/_highrate_overnight/campaign_highrate_truth_v4_expanded42_new20/runs/P042/task_20/scenario20_age34_h1p80_sex_male_w79p0_20260926_102359/fall_scenario20_age34_20260926_102359_dynamics_frames.csv,False
/mnt/hdd16T/ToqeerHomeBackup/mujoco_project/outputs/_highrate_overnight/campaign_highrate_truth_v4_expanded42_new20/runs/P042/task_21/scenario21_age34_h1p80_sex_male_w79p0_20260926_102502/fall_scenario21_age34_20260926_102502_highrate_truth.csv,True,/mnt/hdd16T/ToqeerHomeBackup/mujoco_project/outputs/_highrate_overnight/campaign_highrate_truth_v4_expanded42_new20,/mnt/hdd16T/ToqeerHomeBackup/mujoco_project/outputs/_highrate_overnight/campaign_highrate_truth_v4_expanded42_new20/runs/P042/task_21/scenario21_age34_h1p80_sex_male_w79p0_20260926_102502/fall_scenario21_age34_20260926_102502_dynamics_frames.csv,False
/mnt/hdd16T/ToqeerHomeBackup/mujoco_project/outputs/_highrate_overnight/campaign_highrate_truth_v4_expanded42_new20/runs/P042/task_22/scenario22_age34_h1p80_sex_male_w79p0_20260926_102537/fall_scenario22_age34_20260926_102537_highrate_truth.csv,True,/mnt/hdd16T/ToqeerHomeBackup/mujoco_project/outputs/_highrate_overnight/campaign_highrate_truth_v4_expanded42_new20,/mnt/hdd16T/ToqeerHomeBackup/mujoco_project/outputs/_highrate_overnight/campaign_highrate_truth_v4_expanded42_new20/runs/P042/task_22/scenario22_age34_h1p80_sex_male_w79p0_20260926_102537/fall_scenario22_age34_20260926_102537_dynamics_frames.csv,False
/mnt/hdd16T/ToqeerHomeBackup/mujoco_project/outputs/_highrate_overnight/campaign_highrate_truth_v4_expanded42_new20/runs/P042/task_23/scenario23_age34_h1p80_sex_male_w79p0_20260926_102612/fall_scenario23_age34_20260926_102612_highrate_truth.csv,True,/mnt/hdd16T/ToqeerHomeBackup/mujoco_project/outputs/_highrate_overnight/campaign_highrate_truth_v4_expanded42_new20,/mnt/hdd16T/ToqeerHomeBackup/mujoco_project/outputs/_highrate_overnight/campaign_highrate_truth_v4_expanded42_new20/runs/P042/task_23/scenario23_age34_h1p80_sex_male_w79p0_20260926_102612/fall_scenario23_age34_20260926_102612_dynamics_frames.csv,False
/mnt/hdd16T/ToqeerHomeBackup/mujoco_project/outputs/_highrate_overnight/campaign_highrate_truth_v4_expanded42_new20/runs/P042/task_24/scenario24_age34_h1p80_sex_male_w79p0_20260926_102715/fall_scenario24_age34_20260926_102715_highrate_truth.csv,True,/mnt/hdd16T/ToqeerHomeBackup/mujoco_project/outputs/_highrate_overnight/campaign_highrate_truth_v4_expanded42_new20,/mnt/hdd16T/ToqeerHomeBackup/mujoco_project/outputs/_highrate_overnight/campaign_highrate_truth_v4_expanded42_new20/runs/P042/task_24/scenario24_age34_h1p80_sex_male_w79p0_20260926_102715/fall_scenario24_age34_20260926_102715_dynamics_frames.csv,False
/mnt/hdd16T/ToqeerHomeBackup/mujoco_project/outputs/_highrate_overnight/campaign_highrate_truth_v4_expanded42_new20/runs/P042/task_28/scenario28_age34_h1p80_sex_male_w79p0_20260926_102750/fall_scenario28_age34_20260926_102750_highrate_truth.csv,True,/mnt/hdd16T/ToqeerHomeBackup/mujoco_project/outputs/_highrate_overnight/campaign_highrate_truth_v4_expanded42_new20,/mnt/hdd16T/ToqeerHomeBackup/mujoco_project/outputs/_highrate_overnight/campaign_highrate_truth_v4_expanded42_new20/runs/P042/task_28/scenario28_age34_h1p80_sex_male_w79p0_20260926_102750/fall_scenario28_age34_20260926_102750_dynamics_frames.csv,False
/mnt/hdd16T/ToqeerHomeBackup/mujoco_project/outputs/_highrate_overnight/campaign_highrate_truth_v4_expanded42_new20/runs/P042/task_29/scenario29_age34_h1p80_sex_male_w79p0_20260926_103019/fall_scenario29_age34_20260926_103019_highrate_truth.csv,True,/mnt/hdd16T/ToqeerHomeBackup/mujoco_project/outputs/_highrate_overnight/campaign_highrate_truth_v4_expanded42_new20,/mnt/hdd16T/ToqeerHomeBackup/mujoco_project/outputs/_highrate_overnight/campaign_highrate_truth_v4_expanded42_new20/runs/P042/task_29/scenario29_age34_h1p80_sex_male_w79p0_20260926_103019/fall_scenario29_age34_20260926_103019_dynamics_frames.csv,False
/mnt/hdd16T/ToqeerHomeBackup/mujoco_project/outputs/_highrate_overnight/campaign_highrate_truth_v4_expanded42_new20/runs/P042/task_30/scenario30_age34_h1p80_sex_male_w79p0_20260926_103248/fall_scenario30_age34_20260926_103248_highrate_truth.csv,True,/mnt/hdd16T/ToqeerHomeBackup/mujoco_project/outputs/_highrate_overnight/campaign_highrate_truth_v4_expanded42_new20,/mnt/hdd16T/ToqeerHomeBackup/mujoco_project/outputs/_highrate_overnight/campaign_highrate_truth_v4_expanded42_new20/runs/P042/task_30/scenario30_age34_h1p80_sex_male_w79p0_20260926_103248/fall_scenario30_age34_20260926_103248_dynamics_frames.csv,False
/mnt/hdd16T/ToqeerHomeBackup/mujoco_project/outputs/_highrate_overnight/campaign_highrate_truth_v4_expanded42_new20/runs/P042/task_31/scenario31_age34_h1p80_sex_male_w79p0_20260926_103516/fall_scenario31_age34_20260926_103516_highrate_truth.csv,True,/mnt/hdd16T/ToqeerHomeBackup/mujoco_project/outputs/_highrate_overnight/campaign_highrate_truth_v4_expanded42_new20,/mnt/hdd16T/ToqeerHomeBackup/mujoco_project/outputs/_highrate_overnight/campaign_highrate_truth_v4_expanded42_new20/runs/P042/task_31/scenario31_age34_h1p80_sex_male_w79p0_20260926_103516/fall_scenario31_age34_20260926_103516_dynamics_frames.csv,False
/mnt/hdd16T/ToqeerHomeBackup/mujoco_project/outputs/_highrate_overnight/campaign_highrate_truth_v4_expanded42_new20/runs/P042/task_32/scenario32_age34_h1p80_sex_male_w79p0_20260926_103745/fall_scenario32_age34_20260926_103745_highrate_truth.csv,True,/mnt/hdd16T/ToqeerHomeBackup/mujoco_project/outputs/_highrate_overnight/campaign_highrate_truth_v4_expanded42_new20,/mnt/hdd16T/ToqeerHomeBackup/mujoco_project/outputs/_highrate_overnight/campaign_highrate_truth_v4_expanded42_new20/runs/P042/task_32/scenario32_age34_h1p80_sex_male_w79p0_20260926_103745/fall_scenario32_age34_20260926_103745_dynamics_frames.csv,False
/mnt/hdd16T/ToqeerHomeBackup/mujoco_project/outputs/_highrate_overnight/campaign_highrate_truth_v4_expanded42_new20/runs/P042/task_33/scenario33_age34_h1p80_sex_male_w79p0_20260926_104014/fall_scenario33_age34_20260926_104014_highrate_truth.csv,True,/mnt/hdd16T/ToqeerHomeBackup/mujoco_project/outputs/_highrate_overnight/campaign_highrate_truth_v4_expanded42_new20,/mnt/hdd16T/ToqeerHomeBackup/mujoco_project/outputs/_highrate_overnight/campaign_highrate_truth_v4_expanded42_new20/runs/P042/task_33/scenario33_age34_h1p80_sex_male_w79p0_20260926_104014/fall_scenario33_age34_20260926_104014_dynamics_frames.csv,False
/mnt/hdd16T/ToqeerHomeBackup/mujoco_project/outputs/_highrate_overnight/campaign_highrate_truth_v4_expanded42_new20/runs/P042/task_34/scenario34_age34_h1p80_sex_male_w79p0_20260926_104242/fall_scenario34_age34_20260926_104242_highrate_truth.csv,True,/mnt/hdd16T/ToqeerHomeBackup/mujoco_project/outputs/_highrate_overnight/campaign_highrate_truth_v4_expanded42_new20,/mnt/hdd16T/ToqeerHomeBackup/mujoco_project/outputs/_highrate_overnight/campaign_highrate_truth_v4_expanded42_new20/runs/P042/task_34/scenario34_age34_h1p80_sex_male_w79p0_20260926_104242/fall_scenario34_age34_20260926_104242_dynamics_frames.csv,False
/mnt/hdd16T/ToqeerHomeBackup/mujoco_project/outputs/_highrate_overnight/campaign_highrate_truth_v4_expanded42_new20/runs/P042/task_37/scenario37_age34_h1p80_sex_male_w79p0_20260926_104511/fall_scenario37_age34_20260926_104511_highrate_truth.csv,True,/mnt/hdd16T/ToqeerHomeBackup/mujoco_project/outputs/_highrate_overnight/campaign_highrate_truth_v4_expanded42_new20,/mnt/hdd16T/ToqeerHomeBackup/mujoco_project/outputs/_highrate_overnight/campaign_highrate_truth_v4_expanded42_new20/runs/P042/task_37/scenario37_age34_h1p80_sex_male_w79p0_20260926_104511/fall_scenario37_age34_20260926_104511_dynamics_frames.csv,False
/mnt/hdd16T/ToqeerHomeBackup/mujoco_project/outputs/_highrate_overnight/campaign_highrate_truth_v4_expanded42_new20/runs/P042/task_38/scenario38_age34_h1p80_sex_male_w79p0_20260926_104739/fall_scenario38_age34_20260926_104739_highrate_truth.csv,True,/mnt/hdd16T/ToqeerHomeBackup/mujoco_project/outputs/_highrate_overnight/campaign_highrate_truth_v4_expanded42_new20,/mnt/hdd16T/ToqeerHomeBackup/mujoco_project/outputs/_highrate_overnight/campaign_highrate_truth_v4_expanded42_new20/runs/P042/task_38/scenario38_age34_h1p80_sex_male_w79p0_20260926_104739/fall_scenario38_age34_20260926_104739_dynamics_frames.csv,False
/mnt/hdd16T/ToqeerHomeBackup/mujoco_project/outputs/_highrate_overnight/campaign_highrate_truth_v4_expanded42_new20/runs/P042/task_39/scenario39_age34_h1p80_sex_male_w79p0_20260926_105006/fall_scenario39_age34_20260926_105006_highrate_truth.csv,True,/mnt/hdd16T/ToqeerHomeBackup/mujoco_project/outputs/_highrate_overnight/campaign_highrate_truth_v4_expanded42_new20,/mnt/hdd16T/ToqeerHomeBackup/mujoco_project/outputs/_highrate_overnight/campaign_highrate_truth_v4_expanded42_new20/runs/P042/task_39/scenario39_age34_h1p80_sex_male_w79p0_20260926_105006/fall_scenario39_age34_20260926_105006_dynamics_frames.csv,False
/mnt/hdd16T/ToqeerHomeBackup/mujoco_project/outputs/_highrate_overnight/campaign_highrate_truth_v4_expanded42_new20/runs/P042/task_40/scenario40_age34_h1p80_sex_male_w79p0_20260926_105042/fall_scenario40_age34_20260926_105042_highrate_truth.csv,True,/mnt/hdd16T/ToqeerHomeBackup/mujoco_project/outputs/_highrate_overnight/campaign_highrate_truth_v4_expanded42_new20,/mnt/hdd16T/ToqeerHomeBackup/mujoco_project/outputs/_highrate_overnight/campaign_highrate_truth_v4_expanded42_new20/runs/P042/task_40/scenario40_age34_h1p80_sex_male_w79p0_20260926_105042/fall_scenario40_age34_20260926_105042_dynamics_frames.csv,False
/mnt/hdd16T/ToqeerHomeBackup/mujoco_project/outputs/_highrate_overnight/campaign_highrate_truth_v4_expanded42_new20/runs/P042/task_41/scenario41_age34_h1p80_sex_male_w79p0_20260926_105118/fall_scenario41_age34_20260926_105118_highrate_truth.csv,True,/mnt/hdd16T/ToqeerHomeBackup/mujoco_project/outputs/_highrate_overnight/campaign_highrate_truth_v4_expanded42_new20,/mnt/hdd16T/ToqeerHomeBackup/mujoco_project/outputs/_highrate_overnight/campaign_highrate_truth_v4_expanded42_new20/runs/P042/task_41/scenario41_age34_h1p80_sex_male_w79p0_20260926_105118/fall_scenario41_age34_20260926_105118_dynamics_frames.csv,False
/mnt/hdd16T/ToqeerHomeBackup/mujoco_project/outputs/_highrate_overnight/campaign_highrate_truth_v4_expanded42_new20/runs/P042/task_42/scenario42_age34_h1p80_sex_male_w79p0_20260926_105154/fall_scenario42_age34_20260926_105154_highrate_truth.csv,True,/mnt/hdd16T/ToqeerHomeBackup/mujoco_project/outputs/_highrate_overnight/campaign_highrate_truth_v4_expanded42_new20,/mnt/hdd16T/ToqeerHomeBackup/mujoco_project/outputs/_highrate_overnight/campaign_highrate_truth_v4_expanded42_new20/runs/P042/task_42/scenario42_age34_h1p80_sex_male_w79p0_20260926_105154/fall_scenario42_age34_20260926_105154_dynamics_frames.csv,False
/mnt/hdd16T/ToqeerHomeBackup/mujoco_project/outputs/_highrate_overnight/campaign_highrate_truth_v4_expanded42_new20/runs/P043/task_20/scenario20_age35_h1p74_sex_male_w71p0_20260926_105230/fall_scenario20_age35_20260926_105230_highrate_truth.csv,True,/mnt/hdd16T/ToqeerHomeBackup/mujoco_project/outputs/_highrate_overnight/campaign_highrate_truth_v4_expanded42_new20,/mnt/hdd16T/ToqeerHomeBackup/mujoco_project/outputs/_highrate_overnight/campaign_highrate_truth_v4_expanded42_new20/runs/P043/task_20/scenario20_age35_h1p74_sex_male_w71p0_20260926_105230/fall_scenario20_age35_20260926_105230_dynamics_frames.csv,False
/mnt/hdd16T/ToqeerHomeBackup/mujoco_project/outputs/_highrate_overnight/campaign_highrate_truth_v4_expanded42_new20/runs/P043/task_21/scenario21_age35_h1p74_sex_male_w71p0_20260926_105334/fall_scenario21_age35_20260926_105334_highrate_truth.csv,True,/mnt/hdd16T/ToqeerHomeBackup/mujoco_project/outputs/_highrate_overnight/campaign_highrate_truth_v4_expanded42_new20,/mnt/hdd16T/ToqeerHomeBackup/mujoco_project/outputs/_highrate_overnight/campaign_highrate_truth_v4_expanded42_new20/runs/P043/task_21/scenario21_age35_h1p74_sex_male_w71p0_20260926_105334/fall_scenario21_age35_20260926_105334_dynamics_frames.csv,False
/mnt/hdd16T/ToqeerHomeBackup/mujoco_project/outputs/_highrate_overnight/campaign_highrate_truth_v4_expanded42_new20/runs/P043/task_22/scenario22_age35_h1p74_sex_male_w71p0_20260926_105409/fall_scenario22_age35_20260926_105409_highrate_truth.csv,True,/mnt/hdd16T/ToqeerHomeBackup/mujoco_project/outputs/_highrate_overnight/campaign_highrate_truth_v4_expanded42_new20,/mnt/hdd16T/ToqeerHomeBackup/mujoco_project/outputs/_highrate_overnight/campaign_highrate_truth_v4_expanded42_new20/runs/P043/task_22/scenario22_age35_h1p74_sex_male_w71p0_20260926_105409/fall_scenario22_age35_20260926_105409_dynamics_frames.csv,False
/mnt/hdd16T/ToqeerHomeBackup/mujoco_project/outputs/_highrate_overnight/campaign_highrate_truth_v4_expanded42_new20/runs/P043/task_23/scenario23_age35_h1p74_sex_male_w71p0_20260926_105444/fall_scenario23_age35_20260926_105444_highrate_truth.csv,True,/mnt/hdd16T/ToqeerHomeBackup/mujoco_project/outputs/_highrate_overnight/campaign_highrate_truth_v4_expanded42_new20,/mnt/hdd16T/ToqeerHomeBackup/mujoco_project/outputs/_highrate_overnight/campaign_highrate_truth_v4_expanded42_new20/runs/P043/task_23/scenario23_age35_h1p74_sex_male_w71p0_20260926_105444/fall_scenario23_age35_20260926_105444_dynamics_frames.csv,False
/mnt/hdd16T/ToqeerHomeBackup/mujoco_project/outputs/_highrate_overnight/campaign_highrate_truth_v4_expanded42_new20/runs/P043/task_24/scenario24_age35_h1p74_sex_male_w71p0_20260926_105547/fall_scenario24_age35_20260926_105547_highrate_truth.csv,True,/mnt/hdd16T/ToqeerHomeBackup/mujoco_project/outputs/_highrate_overnight/campaign_highrate_truth_v4_expanded42_new20,/mnt/hdd16T/ToqeerHomeBackup/mujoco_project/outputs/_highrate_overnight/campaign_highrate_truth_v4_expanded42_new20/runs/P043/task_24/scenario24_age35_h1p74_sex_male_w71p0_20260926_105547/fall_scenario24_age35_20260926_105547_dynamics_frames.csv,False
/mnt/hdd16T/ToqeerHomeBackup/mujoco_project/outputs/_highrate_overnight/campaign_highrate_truth_v4_expanded42_new20/runs/P043/task_28/scenario28_age35_h1p74_sex_male_w71p0_20260926_105622/fall_scenario28_age35_20260926_105622_highrate_truth.csv,True,/mnt/hdd16T/ToqeerHomeBackup/mujoco_project/outputs/_highrate_overnight/campaign_highrate_truth_v4_expanded42_new20,/mnt/hdd16T/ToqeerHomeBackup/mujoco_project/outputs/_highrate_overnight/campaign_highrate_truth_v4_expanded42_new20/runs/P043/task_28/scenario28_age35_h1p74_sex_male_w71p0_20260926_105622/fall_scenario28_age35_20260926_105622_dynamics_frames.csv,False
/mnt/hdd16T/ToqeerHomeBackup/mujoco_project/outputs/_highrate_overnight/campaign_highrate_truth_v4_expanded42_new20/runs/P043/task_29/scenario29_age35_h1p74_sex_male_w71p0_20260926_105852/fall_scenario29_age35_20260926_105852_highrate_truth.csv,True,/mnt/hdd16T/ToqeerHomeBackup/mujoco_project/outputs/_highrate_overnight/campaign_highrate_truth_v4_expanded42_new20,/mnt/hdd16T/ToqeerHomeBackup/mujoco_project/outputs/_highrate_overnight/campaign_highrate_truth_v4_expanded42_new20/runs/P043/task_29/scenario29_age35_h1p74_sex_male_w71p0_20260926_105852/fall_scenario29_age35_20260926_105852_dynamics_frames.csv,False
/mnt/hdd16T/ToqeerHomeBackup/mujoco_project/outputs/_highrate_overnight/campaign_highrate_truth_v4_expanded42_new20/runs/P043/task_30/scenario30_age35_h1p74_sex_male_w71p0_20260926_110121/fall_scenario30_age35_20260926_110121_highrate_truth.csv,True,/mnt/hdd16T/ToqeerHomeBackup/mujoco_project/outputs/_highrate_overnight/campaign_highrate_truth_v4_expanded42_new20,/mnt/hdd16T/ToqeerHomeBackup/mujoco_project/outputs/_highrate_overnight/campaign_highrate_truth_v4_expanded42_new20/runs/P043/task_30/scenario30_age35_h1p74_sex_male_w71p0_20260926_110121/fall_scenario30_age35_20260926_110121_dynamics_frames.csv,False
/mnt/hdd16T/ToqeerHomeBackup/mujoco_project/outputs/_highrate_overnight/campaign_highrate_truth_v4_expanded42_new20/runs/P043/task_31/scenario31_age35_h1p74_sex_male_w71p0_20260926_110349/fall_scenario31_age35_20260926_110349_highrate_truth.csv,True,/mnt/hdd16T/ToqeerHomeBackup/mujoco_project/outputs/_highrate_overnight/campaign_highrate_truth_v4_expanded42_new20,/mnt/hdd16T/ToqeerHomeBackup/mujoco_project/outputs/_highrate_overnight/campaign_highrate_truth_v4_expanded42_new20/runs/P043/task_31/scenario31_age35_h1p74_sex_male_w71p0_20260926_110349/fall_scenario31_age35_20260926_110349_dynamics_frames.csv,False
/mnt/hdd16T/ToqeerHomeBackup/mujoco_project/outputs/_highrate_overnight/campaign_highrate_truth_v4_expanded42_new20/runs/P043/task_32/scenario32_age35_h1p74_sex_male_w71p0_20260926_110617/fall_scenario32_age35_20260926_110617_highrate_truth.csv,True,/mnt/hdd16T/ToqeerHomeBackup/mujoco_project/outputs/_highrate_overnight/campaign_highrate_truth_v4_expanded42_new20,/mnt/hdd16T/ToqeerHomeBackup/mujoco_project/outputs/_highrate_overnight/campaign_highrate_truth_v4_expanded42_new20/runs/P043/task_32/scenario32_age35_h1p74_sex_male_w71p0_20260926_110617/fall_scenario32_age35_20260926_110617_dynamics_frames.csv,False
/mnt/hdd16T/ToqeerHomeBackup/mujoco_project/outputs/_highrate_overnight/campaign_highrate_truth_v4_expanded42_new20/runs/P043/task_33/scenario33_age35_h1p74_sex_male_w71p0_20260926_110847/fall_scenario33_age35_20260926_110847_highrate_truth.csv,True,/mnt/hdd16T/ToqeerHomeBackup/mujoco_project/outputs/_highrate_overnight/campaign_highrate_truth_v4_expanded42_new20,/mnt/hdd16T/ToqeerHomeBackup/mujoco_project/outputs/_highrate_overnight/campaign_highrate_truth_v4_expanded42_new20/runs/P043/task_33/scenario33_age35_h1p74_sex_male_w71p0_20260926_110847/fall_scenario33_age35_20260926_110847_dynamics_frames.csv,False
/mnt/hdd16T/ToqeerHomeBackup/mujoco_project/outputs/_highrate_overnight/campaign_highrate_truth_v4_expanded42_new20/runs/P043/task_34/scenario34_age35_h1p74_sex_male_w71p0_20260926_111115/fall_scenario34_age35_20260926_111115_highrate_truth.csv,True,/mnt/hdd16T/ToqeerHomeBackup/mujoco_project/outputs/_highrate_overnight/campaign_highrate_truth_v4_expanded42_new20,/mnt/hdd16T/ToqeerHomeBackup/mujoco_project/outputs/_highrate_overnight/campaign_highrate_truth_v4_expanded42_new20/runs/P043/task_34/scenario34_age35_h1p74_sex_male_w71p0_20260926_111115/fall_scenario34_age35_20260926_111115_dynamics_frames.csv,False
/mnt/hdd16T/ToqeerHomeBackup/mujoco_project/outputs/_highrate_overnight/campaign_highrate_truth_v4_expanded42_new20/runs/P043/task_37/scenario37_age35_h1p74_sex_male_w71p0_20260926_111343/fall_scenario37_age35_20260926_111343_highrate_truth.csv,True,/mnt/hdd16T/ToqeerHomeBackup/mujoco_project/outputs/_highrate_overnight/campaign_highrate_truth_v4_expanded42_new20,/mnt/hdd16T/ToqeerHomeBackup/mujoco_project/outputs/_highrate_overnight/campaign_highrate_truth_v4_expanded42_new20/runs/P043/task_37/scenario37_age35_h1p74_sex_male_w71p0_20260926_111343/fall_scenario37_age35_20260926_111343_dynamics_frames.csv,False
/mnt/hdd16T/ToqeerHomeBackup/mujoco_project/outputs/_highrate_overnight/campaign_highrate_truth_v4_expanded42_new20/runs/P043/task_38/scenario38_age35_h1p74_sex_male_w71p0_20260926_111610/fall_scenario38_age35_20260926_111610_highrate_truth.csv,True,/mnt/hdd16T/ToqeerHomeBackup/mujoco_project/outputs/_highrate_overnight/campaign_highrate_truth_v4_expanded42_new20,/mnt/hdd16T/ToqeerHomeBackup/mujoco_project/outputs/_highrate_overnight/campaign_highrate_truth_v4_expanded42_new20/runs/P043/task_38/scenario38_age35_h1p74_sex_male_w71p0_20260926_111610/fall_scenario38_age35_20260926_111610_dynamics_frames.csv,False
/mnt/hdd16T/ToqeerHomeBackup/mujoco_project/outputs/_highrate_overnight/campaign_highrate_truth_v4_expanded42_new20/runs/P043/task_39/scenario39_age35_h1p74_sex_male_w71p0_20260926_111838/fall_scenario39_age35_20260926_111838_highrate_truth.csv,True,/mnt/hdd16T/ToqeerHomeBackup/mujoco_project/outputs/_highrate_overnight/campaign_highrate_truth_v4_expanded42_new20,/mnt/hdd16T/ToqeerHomeBackup/mujoco_project/outputs/_highrate_overnight/campaign_highrate_truth_v4_expanded42_new20/runs/P043/task_39/scenario39_age35_h1p74_sex_male_w71p0_20260926_111838/fall_scenario39_age35_20260926_111838_dynamics_frames.csv,False
/mnt/hdd16T/ToqeerHomeBackup/mujoco_project/outputs/_highrate_overnight/campaign_highrate_truth_v4_expanded42_new20/runs/P043/task_40/scenario40_age35_h1p74_sex_male_w71p0_20260926_111913/fall_scenario40_age35_20260926_111913_highrate_truth.csv,True,/mnt/hdd16T/ToqeerHomeBackup/mujoco_project/outputs/_highrate_overnight/campaign_highrate_truth_v4_expanded42_new20,/mnt/hdd16T/ToqeerHomeBackup/mujoco_project/outputs/_highrate_overnight/campaign_highrate_truth_v4_expanded42_new20/runs/P043/task_40/scenario40_age35_h1p74_sex_male_w71p0_20260926_111913/fall_scenario40_age35_20260926_111913_dynamics_frames.csv,False
/mnt/hdd16T/ToqeerHomeBackup/mujoco_project/outputs/_highrate_overnight/campaign_highrate_truth_v4_expanded42_new20/runs/P043/task_41/scenario41_age35_h1p74_sex_male_w71p0_20260926_111949/fall_scenario41_age35_20260926_111949_highrate_truth.csv,True,/mnt/hdd16T/ToqeerHomeBackup/mujoco_project/outputs/_highrate_overnight/campaign_highrate_truth_v4_expanded42_new20,/mnt/hdd16T/ToqeerHomeBackup/mujoco_project/outputs/_highrate_overnight/campaign_highrate_truth_v4_expanded42_new20/runs/P043/task_41/scenario41_age35_h1p74_sex_male_w71p0_20260926_111949/fall_scenario41_age35_20260926_111949_dynamics_frames.csv,False
/mnt/hdd16T/ToqeerHomeBackup/mujoco_project/outputs/_highrate_overnight/campaign_highrate_truth_v4_expanded42_new20/runs/P043/task_42/scenario42_age35_h1p74_sex_male_w71p0_20260926_112026/fall_scenario42_age35_20260926_112026_highrate_truth.csv,True,/mnt/hdd16T/ToqeerHomeBackup/mujoco_project/outputs/_highrate_overnight/campaign_highrate_truth_v4_expanded42_new20,/mnt/hdd16T/ToqeerHomeBackup/mujoco_project/outputs/_highrate_overnight/campaign_highrate_truth_v4_expanded42_new20/runs/P043/task_42/scenario42_age35_h1p74_sex_male_w71p0_20260926_112026/fall_scenario42_age35_20260926_112026_dynamics_frames.csv,False
/mnt/hdd16T/ToqeerHomeBackup/mujoco_project/outputs/_highrate_overnight/campaign_highrate_truth_v4_expanded42_new20/runs/P044/task_20/scenario20_age40_h1p67_sex_female_w63p0_20260926_112102/fall_scenario20_age40_20260926_112102_highrate_truth.csv,True,/mnt/hdd16T/ToqeerHomeBackup/mujoco_project/outputs/_highrate_overnight/campaign_highrate_truth_v4_expanded42_new20,/mnt/hdd16T/ToqeerHomeBackup/mujoco_project/outputs/_highrate_overnight/campaign_highrate_truth_v4_expanded42_new20/runs/P044/task_20/scenario20_age40_h1p67_sex_female_w63p0_20260926_112102/fall_scenario20_age40_20260926_112102_dynamics_frames.csv,False
/mnt/hdd16T/ToqeerHomeBackup/mujoco_project/outputs/_highrate_overnight/campaign_highrate_truth_v4_expanded42_new20/runs/P044/task_21/scenario21_age40_h1p67_sex_female_w63p0_20260926_112205/fall_scenario21_age40_20260926_112205_highrate_truth.csv,True,/mnt/hdd16T/ToqeerHomeBackup/mujoco_project/outputs/_highrate_overnight/campaign_highrate_truth_v4_expanded42_new20,/mnt/hdd16T/ToqeerHomeBackup/mujoco_project/outputs/_highrate_overnight/campaign_highrate_truth_v4_expanded42_new20/runs/P044/task_21/scenario21_age40_h1p67_sex_female_w63p0_20260926_112205/fall_scenario21_age40_20260926_112205_dynamics_frames.csv,False
/mnt/hdd16T/ToqeerHomeBackup/mujoco_project/outputs/_highrate_overnight/campaign_highrate_truth_v4_expanded42_new20/runs/P044/task_22/scenario22_age40_h1p67_sex_female_w63p0_20260926_112240/fall_scenario22_age40_20260926_112240_highrate_truth.csv,True,/mnt/hdd16T/ToqeerHomeBackup/mujoco_project/outputs/_highrate_overnight/campaign_highrate_truth_v4_expanded42_new20,/mnt/hdd16T/ToqeerHomeBackup/mujoco_project/outputs/_highrate_overnight/campaign_highrate_truth_v4_expanded42_new20/runs/P044/task_22/scenario22_age40_h1p67_sex_female_w63p0_20260926_112240/fall_scenario22_age40_20260926_112240_dynamics_frames.csv,False
/mnt/hdd16T/ToqeerHomeBackup/mujoco_project/outputs/_highrate_overnight/campaign_highrate_truth_v4_expanded42_new20/runs/P044/task_23/scenario23_age40_h1p67_sex_female_w63p0_20260926_112315/fall_scenario23_age40_20260926_112315_highrate_truth.csv,True,/mnt/hdd16T/ToqeerHomeBackup/mujoco_project/outputs/_highrate_overnight/campaign_highrate_truth_v4_expanded42_new20,/mnt/hdd16T/ToqeerHomeBackup/mujoco_project/outputs/_highrate_overnight/campaign_highrate_truth_v4_expanded42_new20/runs/P044/task_23/scenario23_age40_h1p67_sex_female_w63p0_20260926_112315/fall_scenario23_age40_20260926_112315_dynamics_frames.csv,False
/mnt/hdd16T/ToqeerHomeBackup/mujoco_project/outputs/_highrate_overnight/campaign_highrate_truth_v4_expanded42_new20/runs/P044/task_24/scenario24_age40_h1p67_sex_female_w63p0_20260926_112418/fall_scenario24_age40_20260926_112418_highrate_truth.csv,True,/mnt/hdd16T/ToqeerHomeBackup/mujoco_project/outputs/_highrate_overnight/campaign_highrate_truth_v4_expanded42_new20,/mnt/hdd16T/ToqeerHomeBackup/mujoco_project/outputs/_highrate_overnight/campaign_highrate_truth_v4_expanded42_new20/runs/P044/task_24/scenario24_age40_h1p67_sex_female_w63p0_20260926_112418/fall_scenario24_age40_20260926_112418_dynamics_frames.csv,False
/mnt/hdd16T/ToqeerHomeBackup/mujoco_project/outputs/_highrate_overnight/campaign_highrate_truth_v4_expanded42_new20/runs/P044/task_28/scenario28_age40_h1p67_sex_female_w63p0_20260926_112453/fall_scenario28_age40_20260926_112453_highrate_truth.csv,True,/mnt/hdd16T/ToqeerHomeBackup/mujoco_project/outputs/_highrate_overnight/campaign_highrate_truth_v4_expanded42_new20,/mnt/hdd16T/ToqeerHomeBackup/mujoco_project/outputs/_highrate_overnight/campaign_highrate_truth_v4_expanded42_new20/runs/P044/task_28/scenario28_age40_h1p67_sex_female_w63p0_20260926_112453/fall_scenario28_age40_20260926_112453_dynamics_frames.csv,False
/mnt/hdd16T/ToqeerHomeBackup/mujoco_project/outputs/_highrate_overnight/campaign_highrate_truth_v4_expanded42_new20/runs/P044/task_29/scenario29_age40_h1p67_sex_female_w63p0_20260926_112722/fall_scenario29_age40_20260926_112722_highrate_truth.csv,True,/mnt/hdd16T/ToqeerHomeBackup/mujoco_project/outputs/_highrate_overnight/campaign_highrate_truth_v4_expanded42_new20,/mnt/hdd16T/ToqeerHomeBackup/mujoco_project/outputs/_highrate_overnight/campaign_highrate_truth_v4_expanded42_new20/runs/P044/task_29/scenario29_age40_h1p67_sex_female_w63p0_20260926_112722/fall_scenario29_age40_20260926_112722_dynamics_frames.csv,False
/mnt/hdd16T/ToqeerHomeBackup/mujoco_project/outputs/_highrate_overnight/campaign_highrate_truth_v4_expanded42_new20/runs/P044/task_30/scenario30_age40_h1p67_sex_female_w63p0_20260926_112950/fall_scenario30_age40_20260926_112950_highrate_truth.csv,True,/mnt/hdd16T/ToqeerHomeBackup/mujoco_project/outputs/_highrate_overnight/campaign_highrate_truth_v4_expanded42_new20,/mnt/hdd16T/ToqeerHomeBackup/mujoco_project/outputs/_highrate_overnight/campaign_highrate_truth_v4_expanded42_new20/runs/P044/task_30/scenario30_age40_h1p67_sex_female_w63p0_20260926_112950/fall_scenario30_age40_20260926_112950_dynamics_frames.csv,False
/mnt/hdd16T/ToqeerHomeBackup/mujoco_project/outputs/_highrate_overnight/campaign_highrate_truth_v4_expanded42_new20/runs/P044/task_31/scenario31_age40_h1p67_sex_female_w63p0_20260926_113219/fall_scenario31_age40_20260926_113219_highrate_truth.csv,True,/mnt/hdd16T/ToqeerHomeBackup/mujoco_project/outputs/_highrate_overnight/campaign_highrate_truth_v4_expanded42_new20,/mnt/hdd16T/ToqeerHomeBackup/mujoco_project/outputs/_highrate_overnight/campaign_highrate_truth_v4_expanded42_new20/runs/P044/task_31/scenario31_age40_h1p67_sex_female_w63p0_20260926_113219/fall_scenario31_age40_20260926_113219_dynamics_frames.csv,False
/mnt/hdd16T/ToqeerHomeBackup/mujoco_project/outputs/_highrate_overnight/campaign_highrate_truth_v4_expanded42_new20/runs/P044/task_32/scenario32_age40_h1p67_sex_female_w63p0_20260926_113447/fall_scenario32_age40_20260926_113447_highrate_truth.csv,True,/mnt/hdd16T/ToqeerHomeBackup/mujoco_project/outputs/_highrate_overnight/campaign_highrate_truth_v4_expanded42_new20,/mnt/hdd16T/ToqeerHomeBackup/mujoco_project/outputs/_highrate_overnight/campaign_highrate_truth_v4_expanded42_new20/runs/P044/task_32/scenario32_age40_h1p67_sex_female_w63p0_20260926_113447/fall_scenario32_age40_20260926_113447_dynamics_frames.csv,False
/mnt/hdd16T/ToqeerHomeBackup/mujoco_project/outputs/_highrate_overnight/campaign_highrate_truth_v4_expanded42_new20/runs/P044/task_33/scenario33_age40_h1p67_sex_female_w63p0_20260926_113714/fall_scenario33_age40_20260926_113714_highrate_truth.csv,True,/mnt/hdd16T/ToqeerHomeBackup/mujoco_project/outputs/_highrate_overnight/campaign_highrate_truth_v4_expanded42_new20,/mnt/hdd16T/ToqeerHomeBackup/mujoco_project/outputs/_highrate_overnight/campaign_highrate_truth_v4_expanded42_new20/runs/P044/task_33/scenario33_age40_h1p67_sex_female_w63p0_20260926_113714/fall_scenario33_age40_20260926_113714_dynamics_frames.csv,False
/mnt/hdd16T/ToqeerHomeBackup/mujoco_project/outputs/_highrate_overnight/campaign_highrate_truth_v4_expanded42_new20/runs/P044/task_34/scenario34_age40_h1p67_sex_female_w63p0_20260926_113942/fall_scenario34_age40_20260926_113942_highrate_truth.csv,True,/mnt/hdd16T/ToqeerHomeBackup/mujoco_project/outputs/_highrate_overnight/campaign_highrate_truth_v4_expanded42_new20,/mnt/hdd16T/ToqeerHomeBackup/mujoco_project/outputs/_highrate_overnight/campaign_highrate_truth_v4_expanded42_new20/runs/P044/task_34/scenario34_age40_h1p67_sex_female_w63p0_20260926_113942/fall_scenario34_age40_20260926_113942_dynamics_frames.csv,False
/mnt/hdd16T/ToqeerHomeBackup/mujoco_project/outputs/_highrate_overnight/campaign_highrate_truth_v4_expanded42_new20/runs/P044/task_37/scenario37_age40_h1p67_sex_female_w63p0_20260926_114210/fall_scenario37_age40_20260926_114210_highrate_truth.csv,True,/mnt/hdd16T/ToqeerHomeBackup/mujoco_project/outputs/_highrate_overnight/campaign_highrate_truth_v4_expanded42_new20,/mnt/hdd16T/ToqeerHomeBackup/mujoco_project/outputs/_highrate_overnight/campaign_highrate_truth_v4_expanded42_new20/runs/P044/task_37/scenario37_age40_h1p67_sex_female_w63p0_20260926_114210/fall_scenario37_age40_20260926_114210_dynamics_frames.csv,False
/mnt/hdd16T/ToqeerHomeBackup/mujoco_project/outputs/_highrate_overnight/campaign_highrate_truth_v4_expanded42_new20/runs/P044/task_38/scenario38_age40_h1p67_sex_female_w63p0_20260926_114438/fall_scenario38_age40_20260926_114438_highrate_truth.csv,True,/mnt/hdd16T/ToqeerHomeBackup/mujoco_project/outputs/_highrate_overnight/campaign_highrate_truth_v4_expanded42_new20,/mnt/hdd16T/ToqeerHomeBackup/mujoco_project/outputs/_highrate_overnight/campaign_highrate_truth_v4_expanded42_new20/runs/P044/task_38/scenario38_age40_h1p67_sex_female_w63p0_20260926_114438/fall_scenario38_age40_20260926_114438_dynamics_frames.csv,False
/mnt/hdd16T/ToqeerHomeBackup/mujoco_project/outputs/_highrate_overnight/campaign_highrate_truth_v4_expanded42_new20/runs/P044/task_39/scenario39_age40_h1p67_sex_female_w63p0_20260926_114706/fall_scenario39_age40_20260926_114706_highrate_truth.csv,True,/mnt/hdd16T/ToqeerHomeBackup/mujoco_project/outputs/_highrate_overnight/campaign_highrate_truth_v4_expanded42_new20,/mnt/hdd16T/ToqeerHomeBackup/mujoco_project/outputs/_highrate_overnight/campaign_highrate_truth_v4_expanded42_new20/runs/P044/task_39/scenario39_age40_h1p67_sex_female_w63p0_20260926_114706/fall_scenario39_age40_20260926_114706_dynamics_frames.csv,False
/mnt/hdd16T/ToqeerHomeBackup/mujoco_project/outputs/_highrate_overnight/campaign_highrate_truth_v4_expanded42_new20/runs/P044/task_40/scenario40_age40_h1p67_sex_female_w63p0_20260926_114741/fall_scenario40_age40_20260926_114741_highrate_truth.csv,True,/mnt/hdd16T/ToqeerHomeBackup/mujoco_project/outputs/_highrate_overnight/campaign_highrate_truth_v4_expanded42_new20,/mnt/hdd16T/ToqeerHomeBackup/mujoco_project/outputs/_highrate_overnight/campaign_highrate_truth_v4_expanded42_new20/runs/P044/task_40/scenario40_age40_h1p67_sex_female_w63p0_20260926_114741/fall_scenario40_age40_20260926_114741_dynamics_frames.csv,False
/mnt/hdd16T/ToqeerHomeBackup/mujoco_project/outputs/_highrate_overnight/campaign_highrate_truth_v4_expanded42_new20/runs/P044/task_41/scenario41_age40_h1p67_sex_female_w63p0_20260926_114817/fall_scenario41_age40_20260926_114817_highrate_truth.csv,True,/mnt/hdd16T/ToqeerHomeBackup/mujoco_project/outputs/_highrate_overnight/campaign_highrate_truth_v4_expanded42_new20,/mnt/hdd16T/ToqeerHomeBackup/mujoco_project/outputs/_highrate_overnight/campaign_highrate_truth_v4_expanded42_new20/runs/P044/task_41/scenario41_age40_h1p67_sex_female_w63p0_20260926_114817/fall_scenario41_age40_20260926_114817_dynamics_frames.csv,False
/mnt/hdd16T/ToqeerHomeBackup/mujoco_project/outputs/_highrate_overnight/campaign_highrate_truth_v4_expanded42_new20/runs/P044/task_42/scenario42_age40_h1p67_sex_female_w63p0_20260926_114853/fall_scenario42_age40_20260926_114853_highrate_truth.csv,True,/mnt/hdd16T/ToqeerHomeBackup/mujoco_project/outputs/_highrate_overnight/campaign_highrate_truth_v4_expanded42_new20,/mnt/hdd16T/ToqeerHomeBackup/mujoco_project/outputs/_highrate_overnight/campaign_highrate_truth_v4_expanded42_new20/runs/P044/task_42/scenario42_age40_h1p67_sex_female_w63p0_20260926_114853/fall_scenario42_age40_20260926_114853_dynamics_frames.csv,False
/mnt/hdd16T/ToqeerHomeBackup/mujoco_project/outputs/_highrate_overnight/campaign_highrate_truth_v4_expanded42_new20/runs/P045/task_20/scenario20_age43_h1p85_sex_male_w88p0_20260926_114930/fall_scenario20_age43_20260926_114930_highrate_truth.csv,True,/mnt/hdd16T/ToqeerHomeBackup/mujoco_project/outputs/_highrate_overnight/campaign_highrate_truth_v4_expanded42_new20,/mnt/hdd16T/ToqeerHomeBackup/mujoco_project/outputs/_highrate_overnight/campaign_highrate_truth_v4_expanded42_new20/runs/P045/task_20/scenario20_age43_h1p85_sex_male_w88p0_20260926_114930/fall_scenario20_age43_20260926_114930_dynamics_frames.csv,False
/mnt/hdd16T/ToqeerHomeBackup/mujoco_project/outputs/_highrate_overnight/campaign_highrate_truth_v4_expanded42_new20/runs/P045/task_21/scenario21_age43_h1p85_sex_male_w88p0_20260926_115033/fall_scenario21_age43_20260926_115033_highrate_truth.csv,True,/mnt/hdd16T/ToqeerHomeBackup/mujoco_project/outputs/_highrate_overnight/campaign_highrate_truth_v4_expanded42_new20,/mnt/hdd16T/ToqeerHomeBackup/mujoco_project/outputs/_highrate_overnight/campaign_highrate_truth_v4_expanded42_new20/runs/P045/task_21/scenario21_age43_h1p85_sex_male_w88p0_20260926_115033/fall_scenario21_age43_20260926_115033_dynamics_frames.csv,False
/mnt/hdd16T/ToqeerHomeBackup/mujoco_project/outputs/_highrate_overnight/campaign_highrate_truth_v4_expanded42_new20/runs/P045/task_22/scenario22_age43_h1p85_sex_male_w88p0_20260926_115108/fall_scenario22_age43_20260926_115108_highrate_truth.csv,True,/mnt/hdd16T/ToqeerHomeBackup/mujoco_project/outputs/_highrate_overnight/campaign_highrate_truth_v4_expanded42_new20,/mnt/hdd16T/ToqeerHomeBackup/mujoco_project/outputs/_highrate_overnight/campaign_highrate_truth_v4_expanded42_new20/runs/P045/task_22/scenario22_age43_h1p85_sex_male_w88p0_20260926_115108/fall_scenario22_age43_20260926_115108_dynamics_frames.csv,False
/mnt/hdd16T/ToqeerHomeBackup/mujoco_project/outputs/_highrate_overnight/campaign_highrate_truth_v4_expanded42_new20/runs/P045/task_23/scenario23_age43_h1p85_sex_male_w88p0_20260926_115143/fall_scenario23_age43_20260926_115143_highrate_truth.csv,True,/mnt/hdd16T/ToqeerHomeBackup/mujoco_project/outputs/_highrate_overnight/campaign_highrate_truth_v4_expanded42_new20,/mnt/hdd16T/ToqeerHomeBackup/mujoco_project/outputs/_highrate_overnight/campaign_highrate_truth_v4_expanded42_new20/runs/P045/task_23/scenario23_age43_h1p85_sex_male_w88p0_20260926_115143/fall_scenario23_age43_20260926_115143_dynamics_frames.csv,False
/mnt/hdd16T/ToqeerHomeBackup/mujoco_project/outputs/_highrate_overnight/campaign_highrate_truth_v4_expanded42_new20/runs/P045/task_24/scenario24_age43_h1p85_sex_male_w88p0_20260926_115246/fall_scenario24_age43_20260926_115246_highrate_truth.csv,True,/mnt/hdd16T/ToqeerHomeBackup/mujoco_project/outputs/_highrate_overnight/campaign_highrate_truth_v4_expanded42_new20,/mnt/hdd16T/ToqeerHomeBackup/mujoco_project/outputs/_highrate_overnight/campaign_highrate_truth_v4_expanded42_new20/runs/P045/task_24/scenario24_age43_h1p85_sex_male_w88p0_20260926_115246/fall_scenario24_age43_20260926_115246_dynamics_frames.csv,False
/mnt/hdd16T/ToqeerHomeBackup/mujoco_project/outputs/_highrate_overnight/campaign_highrate_truth_v4_expanded42_new20/runs/P045/task_28/scenario28_age43_h1p85_sex_male_w88p0_20260926_115322/fall_scenario28_age43_20260926_115322_highrate_truth.csv,True,/mnt/hdd16T/ToqeerHomeBackup/mujoco_project/outputs/_highrate_overnight/campaign_highrate_truth_v4_expanded42_new20,/mnt/hdd16T/ToqeerHomeBackup/mujoco_project/outputs/_highrate_overnight/campaign_highrate_truth_v4_expanded42_new20/runs/P045/task_28/scenario28_age43_h1p85_sex_male_w88p0_20260926_115322/fall_scenario28_age43_20260926_115322_dynamics_frames.csv,False
/mnt/hdd16T/ToqeerHomeBackup/mujoco_project/outputs/_highrate_overnight/campaign_highrate_truth_v4_expanded42_new20/runs/P045/task_29/scenario29_age43_h1p85_sex_male_w88p0_20260926_115551/fall_scenario29_age43_20260926_115551_highrate_truth.csv,True,/mnt/hdd16T/ToqeerHomeBackup/mujoco_project/outputs/_highrate_overnight/campaign_highrate_truth_v4_expanded42_new20,/mnt/hdd16T/ToqeerHomeBackup/mujoco_project/outputs/_highrate_overnight/campaign_highrate_truth_v4_expanded42_new20/runs/P045/task_29/scenario29_age43_h1p85_sex_male_w88p0_20260926_115551/fall_scenario29_age43_20260926_115551_dynamics_frames.csv,False
/mnt/hdd16T/ToqeerHomeBackup/mujoco_project/outputs/_highrate_overnight/campaign_highrate_truth_v4_expanded42_new20/runs/P045/task_30/scenario30_age43_h1p85_sex_male_w88p0_20260926_115821/fall_scenario30_age43_20260926_115821_highrate_truth.csv,True,/mnt/hdd16T/ToqeerHomeBackup/mujoco_project/outputs/_highrate_overnight/campaign_highrate_truth_v4_expanded42_new20,/mnt/hdd16T/ToqeerHomeBackup/mujoco_project/outputs/_highrate_overnight/campaign_highrate_truth_v4_expanded42_new20/runs/P045/task_30/scenario30_age43_h1p85_sex_male_w88p0_20260926_115821/fall_scenario30_age43_20260926_115821_dynamics_frames.csv,False
/mnt/hdd16T/ToqeerHomeBackup/mujoco_project/outputs/_highrate_overnight/campaign_highrate_truth_v4_expanded42_new20/runs/P045/task_31/scenario31_age43_h1p85_sex_male_w88p0_20260926_120050/fall_scenario31_age43_20260926_120050_highrate_truth.csv,True,/mnt/hdd16T/ToqeerHomeBackup/mujoco_project/outputs/_highrate_overnight/campaign_highrate_truth_v4_expanded42_new20,/mnt/hdd16T/ToqeerHomeBackup/mujoco_project/outputs/_highrate_overnight/campaign_highrate_truth_v4_expanded42_new20/runs/P045/task_31/scenario31_age43_h1p85_sex_male_w88p0_20260926_120050/fall_scenario31_age43_20260926_120050_dynamics_frames.csv,False
/mnt/hdd16T/ToqeerHomeBackup/mujoco_project/outputs/_highrate_overnight/campaign_highrate_truth_v4_expanded42_new20/runs/P045/task_32/scenario32_age43_h1p85_sex_male_w88p0_20260926_120319/fall_scenario32_age43_20260926_120319_highrate_truth.csv,True,/mnt/hdd16T/ToqeerHomeBackup/mujoco_project/outputs/_highrate_overnight/campaign_highrate_truth_v4_expanded42_new20,/mnt/hdd16T/ToqeerHomeBackup/mujoco_project/outputs/_highrate_overnight/campaign_highrate_truth_v4_expanded42_new20/runs/P045/task_32/scenario32_age43_h1p85_sex_male_w88p0_20260926_120319/fall_scenario32_age43_20260926_120319_dynamics_frames.csv,False
/mnt/hdd16T/ToqeerHomeBackup/mujoco_project/outputs/_highrate_overnight/campaign_highrate_truth_v4_expanded42_new20/runs/P045/task_33/scenario33_age43_h1p85_sex_male_w88p0_20260926_120549/fall_scenario33_age43_20260926_120549_highrate_truth.csv,True,/mnt/hdd16T/ToqeerHomeBackup/mujoco_project/outputs/_highrate_overnight/campaign_highrate_truth_v4_expanded42_new20,/mnt/hdd16T/ToqeerHomeBackup/mujoco_project/outputs/_highrate_overnight/campaign_highrate_truth_v4_expanded42_new20/runs/P045/task_33/scenario33_age43_h1p85_sex_male_w88p0_20260926_120549/fall_scenario33_age43_20260926_120549_dynamics_frames.csv,False
/mnt/hdd16T/ToqeerHomeBackup/mujoco_project/outputs/_highrate_overnight/campaign_highrate_truth_v4_expanded42_new20/runs/P045/task_34/scenario34_age43_h1p85_sex_male_w88p0_20260926_120819/fall_scenario34_age43_20260926_120819_highrate_truth.csv,True,/mnt/hdd16T/ToqeerHomeBackup/mujoco_project/outputs/_highrate_overnight/campaign_highrate_truth_v4_expanded42_new20,/mnt/hdd16T/ToqeerHomeBackup/mujoco_project/outputs/_highrate_overnight/campaign_highrate_truth_v4_expanded42_new20/runs/P045/task_34/scenario34_age43_h1p85_sex_male_w88p0_20260926_120819/fall_scenario34_age43_20260926_120819_dynamics_frames.csv,False
/mnt/hdd16T/ToqeerHomeBackup/mujoco_project/outputs/_highrate_overnight/campaign_highrate_truth_v4_expanded42_new20/runs/P045/task_37/scenario37_age43_h1p85_sex_male_w88p0_20260926_121047/fall_scenario37_age43_20260926_121047_highrate_truth.csv,True,/mnt/hdd16T/ToqeerHomeBackup/mujoco_project/outputs/_highrate_overnight/campaign_highrate_truth_v4_expanded42_new20,/mnt/hdd16T/ToqeerHomeBackup/mujoco_project/outputs/_highrate_overnight/campaign_highrate_truth_v4_expanded42_new20/runs/P045/task_37/scenario37_age43_h1p85_sex_male_w88p0_20260926_121047/fall_scenario37_age43_20260926_121047_dynamics_frames.csv,False
/mnt/hdd16T/ToqeerHomeBackup/mujoco_project/outputs/_highrate_overnight/campaign_highrate_truth_v4_expanded42_new20/runs/P045/task_38/scenario38_age43_h1p85_sex_male_w88p0_20260926_121317/fall_scenario38_age43_20260926_121317_highrate_truth.csv,True,/mnt/hdd16T/ToqeerHomeBackup/mujoco_project/outputs/_highrate_overnight/campaign_highrate_truth_v4_expanded42_new20,/mnt/hdd16T/ToqeerHomeBackup/mujoco_project/outputs/_highrate_overnight/campaign_highrate_truth_v4_expanded42_new20/runs/P045/task_38/scenario38_age43_h1p85_sex_male_w88p0_20260926_121317/fall_scenario38_age43_20260926_121317_dynamics_frames.csv,False
/mnt/hdd16T/ToqeerHomeBackup/mujoco_project/outputs/_highrate_overnight/campaign_highrate_truth_v4_expanded42_new20/runs/P045/task_39/scenario39_age43_h1p85_sex_male_w88p0_20260926_121546/fall_scenario39_age43_20260926_121546_highrate_truth.csv,True,/mnt/hdd16T/ToqeerHomeBackup/mujoco_project/outputs/_highrate_overnight/campaign_highrate_truth_v4_expanded42_new20,/mnt/hdd16T/ToqeerHomeBackup/mujoco_project/outputs/_highrate_overnight/campaign_highrate_truth_v4_expanded42_new20/runs/P045/task_39/scenario39_age43_h1p85_sex_male_w88p0_20260926_121546/fall_scenario39_age43_20260926_121546_dynamics_frames.csv,False
/mnt/hdd16T/ToqeerHomeBackup/mujoco_project/outputs/_highrate_overnight/campaign_highrate_truth_v4_expanded42_new20/runs/P045/task_40/scenario40_age43_h1p85_sex_male_w88p0_20260926_121621/fall_scenario40_age43_20260926_121621_highrate_truth.csv,True,/mnt/hdd16T/ToqeerHomeBackup/mujoco_project/outputs/_highrate_overnight/campaign_highrate_truth_v4_expanded42_new20,/mnt/hdd16T/ToqeerHomeBackup/mujoco_project/outputs/_highrate_overnight/campaign_highrate_truth_v4_expanded42_new20/runs/P045/task_40/scenario40_age43_h1p85_sex_male_w88p0_20260926_121621/fall_scenario40_age43_20260926_121621_dynamics_frames.csv,False
/mnt/hdd16T/ToqeerHomeBackup/mujoco_project/outputs/_highrate_overnight/campaign_highrate_truth_v4_expanded42_new20/runs/P045/task_41/scenario41_age43_h1p85_sex_male_w88p0_20260926_121657/fall_scenario41_age43_20260926_121657_highrate_truth.csv,True,/mnt/hdd16T/ToqeerHomeBackup/mujoco_project/outputs/_highrate_overnight/campaign_highrate_truth_v4_expanded42_new20,/mnt/hdd16T/ToqeerHomeBackup/mujoco_project/outputs/_highrate_overnight/campaign_highrate_truth_v4_expanded42_new20/runs/P045/task_41/scenario41_age43_h1p85_sex_male_w88p0_20260926_121657/fall_scenario41_age43_20260926_121657_dynamics_frames.csv,False
/mnt/hdd16T/ToqeerHomeBackup/mujoco_project/outputs/_highrate_overnight/campaign_highrate_truth_v4_expanded42_new20/runs/P045/task_42/scenario42_age43_h1p85_sex_male_w88p0_20260926_121733/fall_scenario42_age43_20260926_121733_highrate_truth.csv,True,/mnt/hdd16T/ToqeerHomeBackup/mujoco_project/outputs/_highrate_overnight/campaign_highrate_truth_v4_expanded42_new20,/mnt/hdd16T/ToqeerHomeBackup/mujoco_project/outputs/_highrate_overnight/campaign_highrate_truth_v4_expanded42_new20/runs/P045/task_42/scenario42_age43_h1p85_sex_male_w88p0_20260926_121733/fall_scenario42_age43_20260926_121733_dynamics_frames.csv,False
/mnt/hdd16T/ToqeerHomeBackup/mujoco_project/outputs/_highrate_overnight/campaign_highrate_truth_v4_expanded42_new20/runs/P046/task_20/scenario20_age47_h1p72_sex_male_w76p0_20260926_121810/fall_scenario20_age47_20260926_121810_highrate_truth.csv,True,/mnt/hdd16T/ToqeerHomeBackup/mujoco_project/outputs/_highrate_overnight/campaign_highrate_truth_v4_expanded42_new20,/mnt/hdd16T/ToqeerHomeBackup/mujoco_project/outputs/_highrate_overnight/campaign_highrate_truth_v4_expanded42_new20/runs/P046/task_20/scenario20_age47_h1p72_sex_male_w76p0_20260926_121810/fall_scenario20_age47_20260926_121810_dynamics_frames.csv,False
/mnt/hdd16T/ToqeerHomeBackup/mujoco_project/outputs/_highrate_overnight/campaign_highrate_truth_v4_expanded42_new20/runs/P046/task_21/scenario21_age47_h1p72_sex_male_w76p0_20260926_121913/fall_scenario21_age47_20260926_121913_highrate_truth.csv,True,/mnt/hdd16T/ToqeerHomeBackup/mujoco_project/outputs/_highrate_overnight/campaign_highrate_truth_v4_expanded42_new20,/mnt/hdd16T/ToqeerHomeBackup/mujoco_project/outputs/_highrate_overnight/campaign_highrate_truth_v4_expanded42_new20/runs/P046/task_21/scenario21_age47_h1p72_sex_male_w76p0_20260926_121913/fall_scenario21_age47_20260926_121913_dynamics_frames.csv,False
/mnt/hdd16T/ToqeerHomeBackup/mujoco_project/outputs/_highrate_overnight/campaign_highrate_truth_v4_expanded42_new20/runs/P046/task_22/scenario22_age47_h1p72_sex_male_w76p0_20260926_121948/fall_scenario22_age47_20260926_121948_highrate_truth.csv,True,/mnt/hdd16T/ToqeerHomeBackup/mujoco_project/outputs/_highrate_overnight/campaign_highrate_truth_v4_expanded42_new20,/mnt/hdd16T/ToqeerHomeBackup/mujoco_project/outputs/_highrate_overnight/campaign_highrate_truth_v4_expanded42_new20/runs/P046/task_22/scenario22_age47_h1p72_sex_male_w76p0_20260926_121948/fall_scenario22_age47_20260926_121948_dynamics_frames.csv,False
/mnt/hdd16T/ToqeerHomeBackup/mujoco_project/outputs/_highrate_overnight/campaign_highrate_truth_v4_expanded42_new20/runs/P046/task_23/scenario23_age47_h1p72_sex_male_w76p0_20260926_122023/fall_scenario23_age47_20260926_122023_highrate_truth.csv,True,/mnt/hdd16T/ToqeerHomeBackup/mujoco_project/outputs/_highrate_overnight/campaign_highrate_truth_v4_expanded42_new20,/mnt/hdd16T/ToqeerHomeBackup/mujoco_project/outputs/_highrate_overnight/campaign_highrate_truth_v4_expanded42_new20/runs/P046/task_23/scenario23_age47_h1p72_sex_male_w76p0_20260926_122023/fall_scenario23_age47_20260926_122023_dynamics_frames.csv,False
/mnt/hdd16T/ToqeerHomeBackup/mujoco_project/outputs/_highrate_overnight/campaign_highrate_truth_v4_expanded42_new20/runs/P046/task_24/scenario24_age47_h1p72_sex_male_w76p0_20260926_122127/fall_scenario24_age47_20260926_122127_highrate_truth.csv,True,/mnt/hdd16T/ToqeerHomeBackup/mujoco_project/outputs/_highrate_overnight/campaign_highrate_truth_v4_expanded42_new20,/mnt/hdd16T/ToqeerHomeBackup/mujoco_project/outputs/_highrate_overnight/campaign_highrate_truth_v4_expanded42_new20/runs/P046/task_24/scenario24_age47_h1p72_sex_male_w76p0_20260926_122127/fall_scenario24_age47_20260926_122127_dynamics_frames.csv,False
/mnt/hdd16T/ToqeerHomeBackup/mujoco_project/outputs/_highrate_overnight/campaign_highrate_truth_v4_expanded42_new20/runs/P046/task_28/scenario28_age47_h1p72_sex_male_w76p0_20260926_122202/fall_scenario28_age47_20260926_122202_highrate_truth.csv,True,/mnt/hdd16T/ToqeerHomeBackup/mujoco_project/outputs/_highrate_overnight/campaign_highrate_truth_v4_expanded42_new20,/mnt/hdd16T/ToqeerHomeBackup/mujoco_project/outputs/_highrate_overnight/campaign_highrate_truth_v4_expanded42_new20/runs/P046/task_28/scenario28_age47_h1p72_sex_male_w76p0_20260926_122202/fall_scenario28_age47_20260926_122202_dynamics_frames.csv,False
/mnt/hdd16T/ToqeerHomeBackup/mujoco_project/outputs/_highrate_overnight/campaign_highrate_truth_v4_expanded42_new20/runs/P046/task_29/scenario29_age47_h1p72_sex_male_w76p0_20260926_122431/fall_scenario29_age47_20260926_122431_highrate_truth.csv,True,/mnt/hdd16T/ToqeerHomeBackup/mujoco_project/outputs/_highrate_overnight/campaign_highrate_truth_v4_expanded42_new20,/mnt/hdd16T/ToqeerHomeBackup/mujoco_project/outputs/_highrate_overnight/campaign_highrate_truth_v4_expanded42_new20/runs/P046/task_29/scenario29_age47_h1p72_sex_male_w76p0_20260926_122431/fall_scenario29_age47_20260926_122431_dynamics_frames.csv,False
/mnt/hdd16T/ToqeerHomeBackup/mujoco_project/outputs/_highrate_overnight/campaign_highrate_truth_v4_expanded42_new20/runs/P046/task_30/scenario30_age47_h1p72_sex_male_w76p0_20260926_122700/fall_scenario30_age47_20260926_122700_highrate_truth.csv,True,/mnt/hdd16T/ToqeerHomeBackup/mujoco_project/outputs/_highrate_overnight/campaign_highrate_truth_v4_expanded42_new20,/mnt/hdd16T/ToqeerHomeBackup/mujoco_project/outputs/_highrate_overnight/campaign_highrate_truth_v4_expanded42_new20/runs/P046/task_30/scenario30_age47_h1p72_sex_male_w76p0_20260926_122700/fall_scenario30_age47_20260926_122700_dynamics_frames.csv,False
/mnt/hdd16T/ToqeerHomeBackup/mujoco_project/outputs/_highrate_overnight/campaign_highrate_truth_v4_expanded42_new20/runs/P046/task_31/scenario31_age47_h1p72_sex_male_w76p0_20260926_122929/fall_scenario31_age47_20260926_122929_highrate_truth.csv,True,/mnt/hdd16T/ToqeerHomeBackup/mujoco_project/outputs/_highrate_overnight/campaign_highrate_truth_v4_expanded42_new20,/mnt/hdd16T/ToqeerHomeBackup/mujoco_project/outputs/_highrate_overnight/campaign_highrate_truth_v4_expanded42_new20/runs/P046/task_31/scenario31_age47_h1p72_sex_male_w76p0_20260926_122929/fall_scenario31_age47_20260926_122929_dynamics_frames.csv,False
/mnt/hdd16T/ToqeerHomeBackup/mujoco_project/outputs/_highrate_overnight/campaign_highrate_truth_v4_expanded42_new20/runs/P046/task_32/scenario32_age47_h1p72_sex_male_w76p0_20260926_123158/fall_scenario32_age47_20260926_123158_highrate_truth.csv,True,/mnt/hdd16T/ToqeerHomeBackup/mujoco_project/outputs/_highrate_overnight/campaign_highrate_truth_v4_expanded42_new20,/mnt/hdd16T/ToqeerHomeBackup/mujoco_project/outputs/_highrate_overnight/campaign_highrate_truth_v4_expanded42_new20/runs/P046/task_32/scenario32_age47_h1p72_sex_male_w76p0_20260926_123158/fall_scenario32_age47_20260926_123158_dynamics_frames.csv,False
/mnt/hdd16T/ToqeerHomeBackup/mujoco_project/outputs/_highrate_overnight/campaign_highrate_truth_v4_expanded42_new20/runs/P046/task_33/scenario33_age47_h1p72_sex_male_w76p0_20260926_123427/fall_scenario33_age47_20260926_123427_highrate_truth.csv,True,/mnt/hdd16T/ToqeerHomeBackup/mujoco_project/outputs/_highrate_overnight/campaign_highrate_truth_v4_expanded42_new20,/mnt/hdd16T/ToqeerHomeBackup/mujoco_project/outputs/_highrate_overnight/campaign_highrate_truth_v4_expanded42_new20/runs/P046/task_33/scenario33_age47_h1p72_sex_male_w76p0_20260926_123427/fall_scenario33_age47_20260926_123427_dynamics_frames.csv,False
/mnt/hdd16T/ToqeerHomeBackup/mujoco_project/outputs/_highrate_overnight/campaign_highrate_truth_v4_expanded42_new20/runs/P046/task_34/scenario34_age47_h1p72_sex_male_w76p0_20260926_123656/fall_scenario34_age47_20260926_123656_highrate_truth.csv,True,/mnt/hdd16T/ToqeerHomeBackup/mujoco_project/outputs/_highrate_overnight/campaign_highrate_truth_v4_expanded42_new20,/mnt/hdd16T/ToqeerHomeBackup/mujoco_project/outputs/_highrate_overnight/campaign_highrate_truth_v4_expanded42_new20/runs/P046/task_34/scenario34_age47_h1p72_sex_male_w76p0_20260926_123656/fall_scenario34_age47_20260926_123656_dynamics_frames.csv,False
/mnt/hdd16T/ToqeerHomeBackup/mujoco_project/outputs/_highrate_overnight/campaign_highrate_truth_v4_expanded42_new20/runs/P046/task_37/scenario37_age47_h1p72_sex_male_w76p0_20260926_123925/fall_scenario37_age47_20260926_123925_highrate_truth.csv,True,/mnt/hdd16T/ToqeerHomeBackup/mujoco_project/outputs/_highrate_overnight/campaign_highrate_truth_v4_expanded42_new20,/mnt/hdd16T/ToqeerHomeBackup/mujoco_project/outputs/_highrate_overnight/campaign_highrate_truth_v4_expanded42_new20/runs/P046/task_37/scenario37_age47_h1p72_sex_male_w76p0_20260926_123925/fall_scenario37_age47_20260926_123925_dynamics_frames.csv,False
/mnt/hdd16T/ToqeerHomeBackup/mujoco_project/outputs/_highrate_overnight/campaign_highrate_truth_v4_expanded42_new20/runs/P046/task_38/scenario38_age47_h1p72_sex_male_w76p0_20260926_124153/fall_scenario38_age47_20260926_124153_highrate_truth.csv,True,/mnt/hdd16T/ToqeerHomeBackup/mujoco_project/outputs/_highrate_overnight/campaign_highrate_truth_v4_expanded42_new20,/mnt/hdd16T/ToqeerHomeBackup/mujoco_project/outputs/_highrate_overnight/campaign_highrate_truth_v4_expanded42_new20/runs/P046/task_38/scenario38_age47_h1p72_sex_male_w76p0_20260926_124153/fall_scenario38_age47_20260926_124153_dynamics_frames.csv,False
/mnt/hdd16T/ToqeerHomeBackup/mujoco_project/outputs/_highrate_overnight/campaign_highrate_truth_v4_expanded42_new20/runs/P046/task_39/scenario39_age47_h1p72_sex_male_w76p0_20260926_124421/fall_scenario39_age47_20260926_124421_highrate_truth.csv,True,/mnt/hdd16T/ToqeerHomeBackup/mujoco_project/outputs/_highrate_overnight/campaign_highrate_truth_v4_expanded42_new20,/mnt/hdd16T/ToqeerHomeBackup/mujoco_project/outputs/_highrate_overnight/campaign_highrate_truth_v4_expanded42_new20/runs/P046/task_39/scenario39_age47_h1p72_sex_male_w76p0_20260926_124421/fall_scenario39_age47_20260926_124421_dynamics_frames.csv,False
/mnt/hdd16T/ToqeerHomeBackup/mujoco_project/outputs/_highrate_overnight/campaign_highrate_truth_v4_expanded42_new20/runs/P046/task_40/scenario40_age47_h1p72_sex_male_w76p0_20260926_124456/fall_scenario40_age47_20260926_124456_highrate_truth.csv,True,/mnt/hdd16T/ToqeerHomeBackup/mujoco_project/outputs/_highrate_overnight/campaign_highrate_truth_v4_expanded42_new20,/mnt/hdd16T/ToqeerHomeBackup/mujoco_project/outputs/_highrate_overnight/campaign_highrate_truth_v4_expanded42_new20/runs/P046/task_40/scenario40_age47_h1p72_sex_male_w76p0_20260926_124456/fall_scenario40_age47_20260926_124456_dynamics_frames.csv,False
/mnt/hdd16T/ToqeerHomeBackup/mujoco_project/outputs/_highrate_overnight/campaign_highrate_truth_v4_expanded42_new20/runs/P046/task_41/scenario41_age47_h1p72_sex_male_w76p0_20260926_124532/fall_scenario41_age47_20260926_124532_highrate_truth.csv,True,/mnt/hdd16T/ToqeerHomeBackup/mujoco_project/outputs/_highrate_overnight/campaign_highrate_truth_v4_expanded42_new20,/mnt/hdd16T/ToqeerHomeBackup/mujoco_project/outputs/_highrate_overnight/campaign_highrate_truth_v4_expanded42_new20/runs/P046/task_41/scenario41_age47_h1p72_sex_male_w76p0_20260926_124532/fall_scenario41_age47_20260926_124532_dynamics_frames.csv,False
/mnt/hdd16T/ToqeerHomeBackup/mujoco_project/outputs/_highrate_overnight/campaign_highrate_truth_v4_expanded42_new20/runs/P046/task_42/scenario42_age47_h1p72_sex_male_w76p0_20260926_124608/fall_scenario42_age47_20260926_124608_highrate_truth.csv,True,/mnt/hdd16T/ToqeerHomeBackup/mujoco_project/outputs/_highrate_overnight/campaign_highrate_truth_v4_expanded42_new20,/mnt/hdd16T/ToqeerHomeBackup/mujoco_project/outputs/_highrate_overnight/campaign_highrate_truth_v4_expanded42_new20/runs/P046/task_42/scenario42_age47_h1p72_sex_male_w76p0_20260926_124608/fall_scenario42_age47_20260926_124608_dynamics_frames.csv,False
/mnt/hdd16T/ToqeerHomeBackup/mujoco_project/outputs/_highrate_overnight/campaign_highrate_truth_v4_expanded42_new20/runs/P047/task_20/scenario20_age50_h1p89_sex_male_w94p0_20260926_124645/fall_scenario20_age50_20260926_124645_highrate_truth.csv,True,/mnt/hdd16T/ToqeerHomeBackup/mujoco_project/outputs/_highrate_overnight/campaign_highrate_truth_v4_expanded42_new20,/mnt/hdd16T/ToqeerHomeBackup/mujoco_project/outputs/_highrate_overnight/campaign_highrate_truth_v4_expanded42_new20/runs/P047/task_20/scenario20_age50_h1p89_sex_male_w94p0_20260926_124645/fall_scenario20_age50_20260926_124645_dynamics_frames.csv,False
/mnt/hdd16T/ToqeerHomeBackup/mujoco_project/outputs/_highrate_overnight/campaign_highrate_truth_v4_expanded42_new20/runs/P047/task_21/scenario21_age50_h1p89_sex_male_w94p0_20260926_124748/fall_scenario21_age50_20260926_124748_highrate_truth.csv,True,/mnt/hdd16T/ToqeerHomeBackup/mujoco_project/outputs/_highrate_overnight/campaign_highrate_truth_v4_expanded42_new20,/mnt/hdd16T/ToqeerHomeBackup/mujoco_project/outputs/_highrate_overnight/campaign_highrate_truth_v4_expanded42_new20/runs/P047/task_21/scenario21_age50_h1p89_sex_male_w94p0_20260926_124748/fall_scenario21_age50_20260926_124748_dynamics_frames.csv,False
/mnt/hdd16T/ToqeerHomeBackup/mujoco_project/outputs/_highrate_overnight/campaign_highrate_truth_v4_expanded42_new20/runs/P047/task_22/scenario22_age50_h1p89_sex_male_w94p0_20260926_124824/fall_scenario22_age50_20260926_124824_highrate_truth.csv,True,/mnt/hdd16T/ToqeerHomeBackup/mujoco_project/outputs/_highrate_overnight/campaign_highrate_truth_v4_expanded42_new20,/mnt/hdd16T/ToqeerHomeBackup/mujoco_project/outputs/_highrate_overnight/campaign_highrate_truth_v4_expanded42_new20/runs/P047/task_22/scenario22_age50_h1p89_sex_male_w94p0_20260926_124824/fall_scenario22_age50_20260926_124824_dynamics_frames.csv,False
/mnt/hdd16T/ToqeerHomeBackup/mujoco_project/outputs/_highrate_overnight/campaign_highrate_truth_v4_expanded42_new20/runs/P047/task_23/scenario23_age50_h1p89_sex_male_w94p0_20260926_124859/fall_scenario23_age50_20260926_124859_highrate_truth.csv,True,/mnt/hdd16T/ToqeerHomeBackup/mujoco_project/outputs/_highrate_overnight/campaign_highrate_truth_v4_expanded42_new20,/mnt/hdd16T/ToqeerHomeBackup/mujoco_project/outputs/_highrate_overnight/campaign_highrate_truth_v4_expanded42_new20/runs/P047/task_23/scenario23_age50_h1p89_sex_male_w94p0_20260926_124859/fall_scenario23_age50_20260926_124859_dynamics_frames.csv,False
/mnt/hdd16T/ToqeerHomeBackup/mujoco_project/outputs/_highrate_overnight/campaign_highrate_truth_v4_expanded42_new20/runs/P047/task_24/scenario24_age50_h1p89_sex_male_w94p0_20260926_125002/fall_scenario24_age50_20260926_125002_highrate_truth.csv,True,/mnt/hdd16T/ToqeerHomeBackup/mujoco_project/outputs/_highrate_overnight/campaign_highrate_truth_v4_expanded42_new20,/mnt/hdd16T/ToqeerHomeBackup/mujoco_project/outputs/_highrate_overnight/campaign_highrate_truth_v4_expanded42_new20/runs/P047/task_24/scenario24_age50_h1p89_sex_male_w94p0_20260926_125002/fall_scenario24_age50_20260926_125002_dynamics_frames.csv,False
/mnt/hdd16T/ToqeerHomeBackup/mujoco_project/outputs/_highrate_overnight/campaign_highrate_truth_v4_expanded42_new20/runs/P047/task_28/scenario28_age50_h1p89_sex_male_w94p0_20260926_125037/fall_scenario28_age50_20260926_125037_highrate_truth.csv,True,/mnt/hdd16T/ToqeerHomeBackup/mujoco_project/outputs/_highrate_overnight/campaign_highrate_truth_v4_expanded42_new20,/mnt/hdd16T/ToqeerHomeBackup/mujoco_project/outputs/_highrate_overnight/campaign_highrate_truth_v4_expanded42_new20/runs/P047/task_28/scenario28_age50_h1p89_sex_male_w94p0_20260926_125037/fall_scenario28_age50_20260926_125037_dynamics_frames.csv,False
/mnt/hdd16T/ToqeerHomeBackup/mujoco_project/outputs/_highrate_overnight/campaign_highrate_truth_v4_expanded42_new20/runs/P047/task_29/scenario29_age50_h1p89_sex_male_w94p0_20260926_125307/fall_scenario29_age50_20260926_125307_highrate_truth.csv,True,/mnt/hdd16T/ToqeerHomeBackup/mujoco_project/outputs/_highrate_overnight/campaign_highrate_truth_v4_expanded42_new20,/mnt/hdd16T/ToqeerHomeBackup/mujoco_project/outputs/_highrate_overnight/campaign_highrate_truth_v4_expanded42_new20/runs/P047/task_29/scenario29_age50_h1p89_sex_male_w94p0_20260926_125307/fall_scenario29_age50_20260926_125307_dynamics_frames.csv,False
/mnt/hdd16T/ToqeerHomeBackup/mujoco_project/outputs/_highrate_overnight/campaign_highrate_truth_v4_expanded42_new20/runs/P047/task_30/scenario30_age50_h1p89_sex_male_w94p0_20260926_125537/fall_scenario30_age50_20260926_125537_highrate_truth.csv,True,/mnt/hdd16T/ToqeerHomeBackup/mujoco_project/outputs/_highrate_overnight/campaign_highrate_truth_v4_expanded42_new20,/mnt/hdd16T/ToqeerHomeBackup/mujoco_project/outputs/_highrate_overnight/campaign_highrate_truth_v4_expanded42_new20/runs/P047/task_30/scenario30_age50_h1p89_sex_male_w94p0_20260926_125537/fall_scenario30_age50_20260926_125537_dynamics_frames.csv,False
/mnt/hdd16T/ToqeerHomeBackup/mujoco_project/outputs/_highrate_overnight/campaign_highrate_truth_v4_expanded42_new20/runs/P047/task_31/scenario31_age50_h1p89_sex_male_w94p0_20260926_125807/fall_scenario31_age50_20260926_125807_highrate_truth.csv,True,/mnt/hdd16T/ToqeerHomeBackup/mujoco_project/outputs/_highrate_overnight/campaign_highrate_truth_v4_expanded42_new20,/mnt/hdd16T/ToqeerHomeBackup/mujoco_project/outputs/_highrate_overnight/campaign_highrate_truth_v4_expanded42_new20/runs/P047/task_31/scenario31_age50_h1p89_sex_male_w94p0_20260926_125807/fall_scenario31_age50_20260926_125807_dynamics_frames.csv,False
/mnt/hdd16T/ToqeerHomeBackup/mujoco_project/outputs/_highrate_overnight/campaign_highrate_truth_v4_expanded42_new20/runs/P047/task_32/scenario32_age50_h1p89_sex_male_w94p0_20260926_130036/fall_scenario32_age50_20260926_130036_highrate_truth.csv,True,/mnt/hdd16T/ToqeerHomeBackup/mujoco_project/outputs/_highrate_overnight/campaign_highrate_truth_v4_expanded42_new20,/mnt/hdd16T/ToqeerHomeBackup/mujoco_project/outputs/_highrate_overnight/campaign_highrate_truth_v4_expanded42_new20/runs/P047/task_32/scenario32_age50_h1p89_sex_male_w94p0_20260926_130036/fall_scenario32_age50_20260926_130036_dynamics_frames.csv,False
/mnt/hdd16T/ToqeerHomeBackup/mujoco_project/outputs/_highrate_overnight/campaign_highrate_truth_v4_expanded42_new20/runs/P047/task_33/scenario33_age50_h1p89_sex_male_w94p0_20260926_130306/fall_scenario33_age50_20260926_130306_highrate_truth.csv,True,/mnt/hdd16T/ToqeerHomeBackup/mujoco_project/outputs/_highrate_overnight/campaign_highrate_truth_v4_expanded42_new20,/mnt/hdd16T/ToqeerHomeBackup/mujoco_project/outputs/_highrate_overnight/campaign_highrate_truth_v4_expanded42_new20/runs/P047/task_33/scenario33_age50_h1p89_sex_male_w94p0_20260926_130306/fall_scenario33_age50_20260926_130306_dynamics_frames.csv,False
/mnt/hdd16T/ToqeerHomeBackup/mujoco_project/outputs/_highrate_overnight/campaign_highrate_truth_v4_expanded42_new20/runs/P047/task_34/scenario34_age50_h1p89_sex_male_w94p0_20260926_130535/fall_scenario34_age50_20260926_130535_highrate_truth.csv,True,/mnt/hdd16T/ToqeerHomeBackup/mujoco_project/outputs/_highrate_overnight/campaign_highrate_truth_v4_expanded42_new20,/mnt/hdd16T/ToqeerHomeBackup/mujoco_project/outputs/_highrate_overnight/campaign_highrate_truth_v4_expanded42_new20/runs/P047/task_34/scenario34_age50_h1p89_sex_male_w94p0_20260926_130535/fall_scenario34_age50_20260926_130535_dynamics_frames.csv,False
/mnt/hdd16T/ToqeerHomeBackup/mujoco_project/outputs/_highrate_overnight/campaign_highrate_truth_v4_expanded42_new20/runs/P047/task_37/scenario37_age50_h1p89_sex_male_w94p0_20260926_130804/fall_scenario37_age50_20260926_130804_highrate_truth.csv,True,/mnt/hdd16T/ToqeerHomeBackup/mujoco_project/outputs/_highrate_overnight/campaign_highrate_truth_v4_expanded42_new20,/mnt/hdd16T/ToqeerHomeBackup/mujoco_project/outputs/_highrate_overnight/campaign_highrate_truth_v4_expanded42_new20/runs/P047/task_37/scenario37_age50_h1p89_sex_male_w94p0_20260926_130804/fall_scenario37_age50_20260926_130804_dynamics_frames.csv,False
/mnt/hdd16T/ToqeerHomeBackup/mujoco_project/outputs/_highrate_overnight/campaign_highrate_truth_v4_expanded42_new20/runs/P047/task_38/scenario38_age50_h1p89_sex_male_w94p0_20260926_131033/fall_scenario38_age50_20260926_131033_highrate_truth.csv,True,/mnt/hdd16T/ToqeerHomeBackup/mujoco_project/outputs/_highrate_overnight/campaign_highrate_truth_v4_expanded42_new20,/mnt/hdd16T/ToqeerHomeBackup/mujoco_project/outputs/_highrate_overnight/campaign_highrate_truth_v4_expanded42_new20/runs/P047/task_38/scenario38_age50_h1p89_sex_male_w94p0_20260926_131033/fall_scenario38_age50_20260926_131033_dynamics_frames.csv,False
/mnt/hdd16T/ToqeerHomeBackup/mujoco_project/outputs/_highrate_overnight/campaign_highrate_truth_v4_expanded42_new20/runs/P047/task_39/scenario39_age50_h1p89_sex_male_w94p0_20260926_131302/fall_scenario39_age50_20260926_131302_highrate_truth.csv,True,/mnt/hdd16T/ToqeerHomeBackup/mujoco_project/outputs/_highrate_overnight/campaign_highrate_truth_v4_expanded42_new20,/mnt/hdd16T/ToqeerHomeBackup/mujoco_project/outputs/_highrate_overnight/campaign_highrate_truth_v4_expanded42_new20/runs/P047/task_39/scenario39_age50_h1p89_sex_male_w94p0_20260926_131302/fall_scenario39_age50_20260926_131302_dynamics_frames.csv,False
/mnt/hdd16T/ToqeerHomeBackup/mujoco_project/outputs/_highrate_overnight/campaign_highrate_truth_v4_expanded42_new20/runs/P047/task_40/scenario40_age50_h1p89_sex_male_w94p0_20260926_131338/fall_scenario40_age50_20260926_131338_highrate_truth.csv,True,/mnt/hdd16T/ToqeerHomeBackup/mujoco_project/outputs/_highrate_overnight/campaign_highrate_truth_v4_expanded42_new20,/mnt/hdd16T/ToqeerHomeBackup/mujoco_project/outputs/_highrate_overnight/campaign_highrate_truth_v4_expanded42_new20/runs/P047/task_40/scenario40_age50_h1p89_sex_male_w94p0_20260926_131338/fall_scenario40_age50_20260926_131338_dynamics_frames.csv,False
/mnt/hdd16T/ToqeerHomeBackup/mujoco_project/outputs/_highrate_overnight/campaign_highrate_truth_v4_expanded42_new20/runs/P047/task_41/scenario41_age50_h1p89_sex_male_w94p0_20260926_131414/fall_scenario41_age50_20260926_131414_highrate_truth.csv,True,/mnt/hdd16T/ToqeerHomeBackup/mujoco_project/outputs/_highrate_overnight/campaign_highrate_truth_v4_expanded42_new20,/mnt/hdd16T/ToqeerHomeBackup/mujoco_project/outputs/_highrate_overnight/campaign_highrate_truth_v4_expanded42_new20/runs/P047/task_41/scenario41_age50_h1p89_sex_male_w94p0_20260926_131414/fall_scenario41_age50_20260926_131414_dynamics_frames.csv,False
/mnt/hdd16T/ToqeerHomeBackup/mujoco_project/outputs/_highrate_overnight/campaign_highrate_truth_v4_expanded42_new20/runs/P047/task_42/scenario42_age50_h1p89_sex_male_w94p0_20260926_131450/fall_scenario42_age50_20260926_131450_highrate_truth.csv,True,/mnt/hdd16T/ToqeerHomeBackup/mujoco_project/outputs/_highrate_overnight/campaign_highrate_truth_v4_expanded42_new20,/mnt/hdd16T/ToqeerHomeBackup/mujoco_project/outputs/_highrate_overnight/campaign_highrate_truth_v4_expanded42_new20/runs/P047/task_42/scenario42_age50_h1p89_sex_male_w94p0_20260926_131450/fall_scenario42_age50_20260926_131450_dynamics_frames.csv,False
/mnt/hdd16T/ToqeerHomeBackup/mujoco_project/outputs/_highrate_overnight/campaign_highrate_truth_v4_expanded42_new20/runs/P048/task_20/scenario20_age54_h1p79_sex_male_w82p0_20260926_131527/fall_scenario20_age54_20260926_131527_highrate_truth.csv,True,/mnt/hdd16T/ToqeerHomeBackup/mujoco_project/outputs/_highrate_overnight/campaign_highrate_truth_v4_expanded42_new20,/mnt/hdd16T/ToqeerHomeBackup/mujoco_project/outputs/_highrate_overnight/campaign_highrate_truth_v4_expanded42_new20/runs/P048/task_20/scenario20_age54_h1p79_sex_male_w82p0_20260926_131527/fall_scenario20_age54_20260926_131527_dynamics_frames.csv,False
/mnt/hdd16T/ToqeerHomeBackup/mujoco_project/outputs/_highrate_overnight/campaign_highrate_truth_v4_expanded42_new20/runs/P048/task_21/scenario21_age54_h1p79_sex_male_w82p0_20260926_131631/fall_scenario21_age54_20260926_131631_highrate_truth.csv,True,/mnt/hdd16T/ToqeerHomeBackup/mujoco_project/outputs/_highrate_overnight/campaign_highrate_truth_v4_expanded42_new20,/mnt/hdd16T/ToqeerHomeBackup/mujoco_project/outputs/_highrate_overnight/campaign_highrate_truth_v4_expanded42_new20/runs/P048/task_21/scenario21_age54_h1p79_sex_male_w82p0_20260926_131631/fall_scenario21_age54_20260926_131631_dynamics_frames.csv,False
/mnt/hdd16T/ToqeerHomeBackup/mujoco_project/outputs/_highrate_overnight/campaign_highrate_truth_v4_expanded42_new20/runs/P048/task_22/scenario22_age54_h1p79_sex_male_w82p0_20260926_131706/fall_scenario22_age54_20260926_131706_highrate_truth.csv,True,/mnt/hdd16T/ToqeerHomeBackup/mujoco_project/outputs/_highrate_overnight/campaign_highrate_truth_v4_expanded42_new20,/mnt/hdd16T/ToqeerHomeBackup/mujoco_project/outputs/_highrate_overnight/campaign_highrate_truth_v4_expanded42_new20/runs/P048/task_22/scenario22_age54_h1p79_sex_male_w82p0_20260926_131706/fall_scenario22_age54_20260926_131706_dynamics_frames.csv,False
/mnt/hdd16T/ToqeerHomeBackup/mujoco_project/outputs/_highrate_overnight/campaign_highrate_truth_v4_expanded42_new20/runs/P048/task_23/scenario23_age54_h1p79_sex_male_w82p0_20260926_131741/fall_scenario23_age54_20260926_131741_highrate_truth.csv,True,/mnt/hdd16T/ToqeerHomeBackup/mujoco_project/outputs/_highrate_overnight/campaign_highrate_truth_v4_expanded42_new20,/mnt/hdd16T/ToqeerHomeBackup/mujoco_project/outputs/_highrate_overnight/campaign_highrate_truth_v4_expanded42_new20/runs/P048/task_23/scenario23_age54_h1p79_sex_male_w82p0_20260926_131741/fall_scenario23_age54_20260926_131741_dynamics_frames.csv,False
/mnt/hdd16T/ToqeerHomeBackup/mujoco_project/outputs/_highrate_overnight/campaign_highrate_truth_v4_expanded42_new20/runs/P048/task_24/scenario24_age54_h1p79_sex_male_w82p0_20260926_131845/fall_scenario24_age54_20260926_131845_highrate_truth.csv,True,/mnt/hdd16T/ToqeerHomeBackup/mujoco_project/outputs/_highrate_overnight/campaign_highrate_truth_v4_expanded42_new20,/mnt/hdd16T/ToqeerHomeBackup/mujoco_project/outputs/_highrate_overnight/campaign_highrate_truth_v4_expanded42_new20/runs/P048/task_24/scenario24_age54_h1p79_sex_male_w82p0_20260926_131845/fall_scenario24_age54_20260926_131845_dynamics_frames.csv,False
/mnt/hdd16T/ToqeerHomeBackup/mujoco_project/outputs/_highrate_overnight/campaign_highrate_truth_v4_expanded42_new20/runs/P048/task_28/scenario28_age54_h1p79_sex_male_w82p0_20260926_131920/fall_scenario28_age54_20260926_131920_highrate_truth.csv,True,/mnt/hdd16T/ToqeerHomeBackup/mujoco_project/outputs/_highrate_overnight/campaign_highrate_truth_v4_expanded42_new20,/mnt/hdd16T/ToqeerHomeBackup/mujoco_project/outputs/_highrate_overnight/campaign_highrate_truth_v4_expanded42_new20/runs/P048/task_28/scenario28_age54_h1p79_sex_male_w82p0_20260926_131920/fall_scenario28_age54_20260926_131920_dynamics_frames.csv,False
/mnt/hdd16T/ToqeerHomeBackup/mujoco_project/outputs/_highrate_overnight/campaign_highrate_truth_v4_expanded42_new20/runs/P048/task_29/scenario29_age54_h1p79_sex_male_w82p0_20260926_132150/fall_scenario29_age54_20260926_132150_highrate_truth.csv,True,/mnt/hdd16T/ToqeerHomeBackup/mujoco_project/outputs/_highrate_overnight/campaign_highrate_truth_v4_expanded42_new20,/mnt/hdd16T/ToqeerHomeBackup/mujoco_project/outputs/_highrate_overnight/campaign_highrate_truth_v4_expanded42_new20/runs/P048/task_29/scenario29_age54_h1p79_sex_male_w82p0_20260926_132150/fall_scenario29_age54_20260926_132150_dynamics_frames.csv,False
/mnt/hdd16T/ToqeerHomeBackup/mujoco_project/outputs/_highrate_overnight/campaign_highrate_truth_v4_expanded42_new20/runs/P048/task_30/scenario30_age54_h1p79_sex_male_w82p0_20260926_132420/fall_scenario30_age54_20260926_132420_highrate_truth.csv,True,/mnt/hdd16T/ToqeerHomeBackup/mujoco_project/outputs/_highrate_overnight/campaign_highrate_truth_v4_expanded42_new20,/mnt/hdd16T/ToqeerHomeBackup/mujoco_project/outputs/_highrate_overnight/campaign_highrate_truth_v4_expanded42_new20/runs/P048/task_30/scenario30_age54_h1p79_sex_male_w82p0_20260926_132420/fall_scenario30_age54_20260926_132420_dynamics_frames.csv,False
/mnt/hdd16T/ToqeerHomeBackup/mujoco_project/outputs/_highrate_overnight/campaign_highrate_truth_v4_expanded42_new20/runs/P048/task_31/scenario31_age54_h1p79_sex_male_w82p0_20260926_132650/fall_scenario31_age54_20260926_132650_highrate_truth.csv,True,/mnt/hdd16T/ToqeerHomeBackup/mujoco_project/outputs/_highrate_overnight/campaign_highrate_truth_v4_expanded42_new20,/mnt/hdd16T/ToqeerHomeBackup/mujoco_project/outputs/_highrate_overnight/campaign_highrate_truth_v4_expanded42_new20/runs/P048/task_31/scenario31_age54_h1p79_sex_male_w82p0_20260926_132650/fall_scenario31_age54_20260926_132650_dynamics_frames.csv,False
/mnt/hdd16T/ToqeerHomeBackup/mujoco_project/outputs/_highrate_overnight/campaign_highrate_truth_v4_expanded42_new20/runs/P048/task_32/scenario32_age54_h1p79_sex_male_w82p0_20260926_132920/fall_scenario32_age54_20260926_132920_highrate_truth.csv,True,/mnt/hdd16T/ToqeerHomeBackup/mujoco_project/outputs/_highrate_overnight/campaign_highrate_truth_v4_expanded42_new20,/mnt/hdd16T/ToqeerHomeBackup/mujoco_project/outputs/_highrate_overnight/campaign_highrate_truth_v4_expanded42_new20/runs/P048/task_32/scenario32_age54_h1p79_sex_male_w82p0_20260926_132920/fall_scenario32_age54_20260926_132920_dynamics_frames.csv,False
/mnt/hdd16T/ToqeerHomeBackup/mujoco_project/outputs/_highrate_overnight/campaign_highrate_truth_v4_expanded42_new20/runs/P048/task_33/scenario33_age54_h1p79_sex_male_w82p0_20260926_133150/fall_scenario33_age54_20260926_133150_highrate_truth.csv,True,/mnt/hdd16T/ToqeerHomeBackup/mujoco_project/outputs/_highrate_overnight/campaign_highrate_truth_v4_expanded42_new20,/mnt/hdd16T/ToqeerHomeBackup/mujoco_project/outputs/_highrate_overnight/campaign_highrate_truth_v4_expanded42_new20/runs/P048/task_33/scenario33_age54_h1p79_sex_male_w82p0_20260926_133150/fall_scenario33_age54_20260926_133150_dynamics_frames.csv,False
/mnt/hdd16T/ToqeerHomeBackup/mujoco_project/outputs/_highrate_overnight/campaign_highrate_truth_v4_expanded42_new20/runs/P048/task_34/scenario34_age54_h1p79_sex_male_w82p0_20260926_133420/fall_scenario34_age54_20260926_133420_highrate_truth.csv,True,/mnt/hdd16T/ToqeerHomeBackup/mujoco_project/outputs/_highrate_overnight/campaign_highrate_truth_v4_expanded42_new20,/mnt/hdd16T/ToqeerHomeBackup/mujoco_project/outputs/_highrate_overnight/campaign_highrate_truth_v4_expanded42_new20/runs/P048/task_34/scenario34_age54_h1p79_sex_male_w82p0_20260926_133420/fall_scenario34_age54_20260926_133420_dynamics_frames.csv,False
/mnt/hdd16T/ToqeerHomeBackup/mujoco_project/outputs/_highrate_overnight/campaign_highrate_truth_v4_expanded42_new20/runs/P048/task_37/scenario37_age54_h1p79_sex_male_w82p0_20260926_133649/fall_scenario37_age54_20260926_133649_highrate_truth.csv,True,/mnt/hdd16T/ToqeerHomeBackup/mujoco_project/outputs/_highrate_overnight/campaign_highrate_truth_v4_expanded42_new20,/mnt/hdd16T/ToqeerHomeBackup/mujoco_project/outputs/_highrate_overnight/campaign_highrate_truth_v4_expanded42_new20/runs/P048/task_37/scenario37_age54_h1p79_sex_male_w82p0_20260926_133649/fall_scenario37_age54_20260926_133649_dynamics_frames.csv,False
/mnt/hdd16T/ToqeerHomeBackup/mujoco_project/outputs/_highrate_overnight/campaign_highrate_truth_v4_expanded42_new20/runs/P048/task_38/scenario38_age54_h1p79_sex_male_w82p0_20260926_133919/fall_scenario38_age54_20260926_133919_highrate_truth.csv,True,/mnt/hdd16T/ToqeerHomeBackup/mujoco_project/outputs/_highrate_overnight/campaign_highrate_truth_v4_expanded42_new20,/mnt/hdd16T/ToqeerHomeBackup/mujoco_project/outputs/_highrate_overnight/campaign_highrate_truth_v4_expanded42_new20/runs/P048/task_38/scenario38_age54_h1p79_sex_male_w82p0_20260926_133919/fall_scenario38_age54_20260926_133919_dynamics_frames.csv,False
/mnt/hdd16T/ToqeerHomeBackup/mujoco_project/outputs/_highrate_overnight/campaign_highrate_truth_v4_expanded42_new20/runs/P048/task_39/scenario39_age54_h1p79_sex_male_w82p0_20260926_134147/fall_scenario39_age54_20260926_134147_highrate_truth.csv,True,/mnt/hdd16T/ToqeerHomeBackup/mujoco_project/outputs/_highrate_overnight/campaign_highrate_truth_v4_expanded42_new20,/mnt/hdd16T/ToqeerHomeBackup/mujoco_project/outputs/_highrate_overnight/campaign_highrate_truth_v4_expanded42_new20/runs/P048/task_39/scenario39_age54_h1p79_sex_male_w82p0_20260926_134147/fall_scenario39_age54_20260926_134147_dynamics_frames.csv,False
/mnt/hdd16T/ToqeerHomeBackup/mujoco_project/outputs/_highrate_overnight/campaign_highrate_truth_v4_expanded42_new20/runs/P048/task_40/scenario40_age54_h1p79_sex_male_w82p0_20260926_134222/fall_scenario40_age54_20260926_134222_highrate_truth.csv,True,/mnt/hdd16T/ToqeerHomeBackup/mujoco_project/outputs/_highrate_overnight/campaign_highrate_truth_v4_expanded42_new20,/mnt/hdd16T/ToqeerHomeBackup/mujoco_project/outputs/_highrate_overnight/campaign_highrate_truth_v4_expanded42_new20/runs/P048/task_40/scenario40_age54_h1p79_sex_male_w82p0_20260926_134222/fall_scenario40_age54_20260926_134222_dynamics_frames.csv,False
/mnt/hdd16T/ToqeerHomeBackup/mujoco_project/outputs/_highrate_overnight/campaign_highrate_truth_v4_expanded42_new20/runs/P048/task_41/scenario41_age54_h1p79_sex_male_w82p0_20260926_134258/fall_scenario41_age54_20260926_134258_highrate_truth.csv,True,/mnt/hdd16T/ToqeerHomeBackup/mujoco_project/outputs/_highrate_overnight/campaign_highrate_truth_v4_expanded42_new20,/mnt/hdd16T/ToqeerHomeBackup/mujoco_project/outputs/_highrate_overnight/campaign_highrate_truth_v4_expanded42_new20/runs/P048/task_41/scenario41_age54_h1p79_sex_male_w82p0_20260926_134258/fall_scenario41_age54_20260926_134258_dynamics_frames.csv,False
/mnt/hdd16T/ToqeerHomeBackup/mujoco_project/outputs/_highrate_overnight/campaign_highrate_truth_v4_expanded42_new20/runs/P048/task_42/scenario42_age54_h1p79_sex_male_w82p0_20260926_134334/fall_scenario42_age54_20260926_134334_highrate_truth.csv,True,/mnt/hdd16T/ToqeerHomeBackup/mujoco_project/outputs/_highrate_overnight/campaign_highrate_truth_v4_expanded42_new20,/mnt/hdd16T/ToqeerHomeBackup/mujoco_project/outputs/_highrate_overnight/campaign_highrate_truth_v4_expanded42_new20/runs/P048/task_42/scenario42_age54_h1p79_sex_male_w82p0_20260926_134334/fall_scenario42_age54_20260926_134334_dynamics_frames.csv,False
/mnt/hdd16T/ToqeerHomeBackup/mujoco_project/outputs/_highrate_overnight/campaign_highrate_truth_v4_expanded42_new20/runs/P049/task_20/scenario20_age57_h1p70_sex_male_w74p0_20260926_134411/fall_scenario20_age57_20260926_134411_highrate_truth.csv,True,/mnt/hdd16T/ToqeerHomeBackup/mujoco_project/outputs/_highrate_overnight/campaign_highrate_truth_v4_expanded42_new20,/mnt/hdd16T/ToqeerHomeBackup/mujoco_project/outputs/_highrate_overnight/campaign_highrate_truth_v4_expanded42_new20/runs/P049/task_20/scenario20_age57_h1p70_sex_male_w74p0_20260926_134411/fall_scenario20_age57_20260926_134411_dynamics_frames.csv,False
/mnt/hdd16T/ToqeerHomeBackup/mujoco_project/outputs/_highrate_overnight/campaign_highrate_truth_v4_expanded42_new20/runs/P049/task_21/scenario21_age57_h1p70_sex_male_w74p0_20260926_134514/fall_scenario21_age57_20260926_134514_highrate_truth.csv,True,/mnt/hdd16T/ToqeerHomeBackup/mujoco_project/outputs/_highrate_overnight/campaign_highrate_truth_v4_expanded42_new20,/mnt/hdd16T/ToqeerHomeBackup/mujoco_project/outputs/_highrate_overnight/campaign_highrate_truth_v4_expanded42_new20/runs/P049/task_21/scenario21_age57_h1p70_sex_male_w74p0_20260926_134514/fall_scenario21_age57_20260926_134514_dynamics_frames.csv,False
/mnt/hdd16T/ToqeerHomeBackup/mujoco_project/outputs/_highrate_overnight/campaign_highrate_truth_v4_expanded42_new20/runs/P049/task_22/scenario22_age57_h1p70_sex_male_w74p0_20260926_134550/fall_scenario22_age57_20260926_134550_highrate_truth.csv,True,/mnt/hdd16T/ToqeerHomeBackup/mujoco_project/outputs/_highrate_overnight/campaign_highrate_truth_v4_expanded42_new20,/mnt/hdd16T/ToqeerHomeBackup/mujoco_project/outputs/_highrate_overnight/campaign_highrate_truth_v4_expanded42_new20/runs/P049/task_22/scenario22_age57_h1p70_sex_male_w74p0_20260926_134550/fall_scenario22_age57_20260926_134550_dynamics_frames.csv,False
/mnt/hdd16T/ToqeerHomeBackup/mujoco_project/outputs/_highrate_overnight/campaign_highrate_truth_v4_expanded42_new20/runs/P049/task_23/scenario23_age57_h1p70_sex_male_w74p0_20260926_134625/fall_scenario23_age57_20260926_134625_highrate_truth.csv,True,/mnt/hdd16T/ToqeerHomeBackup/mujoco_project/outputs/_highrate_overnight/campaign_highrate_truth_v4_expanded42_new20,/mnt/hdd16T/ToqeerHomeBackup/mujoco_project/outputs/_highrate_overnight/campaign_highrate_truth_v4_expanded42_new20/runs/P049/task_23/scenario23_age57_h1p70_sex_male_w74p0_20260926_134625/fall_scenario23_age57_20260926_134625_dynamics_frames.csv,False
/mnt/hdd16T/ToqeerHomeBackup/mujoco_project/outputs/_highrate_overnight/campaign_highrate_truth_v4_expanded42_new20/runs/P049/task_24/scenario24_age57_h1p70_sex_male_w74p0_20260926_134728/fall_scenario24_age57_20260926_134728_highrate_truth.csv,True,/mnt/hdd16T/ToqeerHomeBackup/mujoco_project/outputs/_highrate_overnight/campaign_highrate_truth_v4_expanded42_new20,/mnt/hdd16T/ToqeerHomeBackup/mujoco_project/outputs/_highrate_overnight/campaign_highrate_truth_v4_expanded42_new20/runs/P049/task_24/scenario24_age57_h1p70_sex_male_w74p0_20260926_134728/fall_scenario24_age57_20260926_134728_dynamics_frames.csv,False
/mnt/hdd16T/ToqeerHomeBackup/mujoco_project/outputs/_highrate_overnight/campaign_highrate_truth_v4_expanded42_new20/runs/P049/task_28/scenario28_age57_h1p70_sex_male_w74p0_20260926_134803/fall_scenario28_age57_20260926_134803_highrate_truth.csv,True,/mnt/hdd16T/ToqeerHomeBackup/mujoco_project/outputs/_highrate_overnight/campaign_highrate_truth_v4_expanded42_new20,/mnt/hdd16T/ToqeerHomeBackup/mujoco_project/outputs/_highrate_overnight/campaign_highrate_truth_v4_expanded42_new20/runs/P049/task_28/scenario28_age57_h1p70_sex_male_w74p0_20260926_134803/fall_scenario28_age57_20260926_134803_dynamics_frames.csv,False
/mnt/hdd16T/ToqeerHomeBackup/mujoco_project/outputs/_highrate_overnight/campaign_highrate_truth_v4_expanded42_new20/runs/P049/task_29/scenario29_age57_h1p70_sex_male_w74p0_20260926_135032/fall_scenario29_age57_20260926_135032_highrate_truth.csv,True,/mnt/hdd16T/ToqeerHomeBackup/mujoco_project/outputs/_highrate_overnight/campaign_highrate_truth_v4_expanded42_new20,/mnt/hdd16T/ToqeerHomeBackup/mujoco_project/outputs/_highrate_overnight/campaign_highrate_truth_v4_expanded42_new20/runs/P049/task_29/scenario29_age57_h1p70_sex_male_w74p0_20260926_135032/fall_scenario29_age57_20260926_135032_dynamics_frames.csv,False
/mnt/hdd16T/ToqeerHomeBackup/mujoco_project/outputs/_highrate_overnight/campaign_highrate_truth_v4_expanded42_new20/runs/P049/task_30/scenario30_age57_h1p70_sex_male_w74p0_20260926_135303/fall_scenario30_age57_20260926_135303_highrate_truth.csv,True,/mnt/hdd16T/ToqeerHomeBackup/mujoco_project/outputs/_highrate_overnight/campaign_highrate_truth_v4_expanded42_new20,/mnt/hdd16T/ToqeerHomeBackup/mujoco_project/outputs/_highrate_overnight/campaign_highrate_truth_v4_expanded42_new20/runs/P049/task_30/scenario30_age57_h1p70_sex_male_w74p0_20260926_135303/fall_scenario30_age57_20260926_135303_dynamics_frames.csv,False
/mnt/hdd16T/ToqeerHomeBackup/mujoco_project/outputs/_highrate_overnight/campaign_highrate_truth_v4_expanded42_new20/runs/P049/task_31/scenario31_age57_h1p70_sex_male_w74p0_20260926_135533/fall_scenario31_age57_20260926_135533_highrate_truth.csv,True,/mnt/hdd16T/ToqeerHomeBackup/mujoco_project/outputs/_highrate_overnight/campaign_highrate_truth_v4_expanded42_new20,/mnt/hdd16T/ToqeerHomeBackup/mujoco_project/outputs/_highrate_overnight/campaign_highrate_truth_v4_expanded42_new20/runs/P049/task_31/scenario31_age57_h1p70_sex_male_w74p0_20260926_135533/fall_scenario31_age57_20260926_135533_dynamics_frames.csv,False
/mnt/hdd16T/ToqeerHomeBackup/mujoco_project/outputs/_highrate_overnight/campaign_highrate_truth_v4_expanded42_new20/runs/P049/task_32/scenario32_age57_h1p70_sex_male_w74p0_20260926_135802/fall_scenario32_age57_20260926_135802_highrate_truth.csv,True,/mnt/hdd16T/ToqeerHomeBackup/mujoco_project/outputs/_highrate_overnight/campaign_highrate_truth_v4_expanded42_new20,/mnt/hdd16T/ToqeerHomeBackup/mujoco_project/outputs/_highrate_overnight/campaign_highrate_truth_v4_expanded42_new20/runs/P049/task_32/scenario32_age57_h1p70_sex_male_w74p0_20260926_135802/fall_scenario32_age57_20260926_135802_dynamics_frames.csv,False
/mnt/hdd16T/ToqeerHomeBackup/mujoco_project/outputs/_highrate_overnight/campaign_highrate_truth_v4_expanded42_new20/runs/P049/task_33/scenario33_age57_h1p70_sex_male_w74p0_20260926_140032/fall_scenario33_age57_20260926_140032_highrate_truth.csv,True,/mnt/hdd16T/ToqeerHomeBackup/mujoco_project/outputs/_highrate_overnight/campaign_highrate_truth_v4_expanded42_new20,/mnt/hdd16T/ToqeerHomeBackup/mujoco_project/outputs/_highrate_overnight/campaign_highrate_truth_v4_expanded42_new20/runs/P049/task_33/scenario33_age57_h1p70_sex_male_w74p0_20260926_140032/fall_scenario33_age57_20260926_140032_dynamics_frames.csv,False
/mnt/hdd16T/ToqeerHomeBackup/mujoco_project/outputs/_highrate_overnight/campaign_highrate_truth_v4_expanded42_new20/runs/P049/task_34/scenario34_age57_h1p70_sex_male_w74p0_20260926_140302/fall_scenario34_age57_20260926_140302_highrate_truth.csv,True,/mnt/hdd16T/ToqeerHomeBackup/mujoco_project/outputs/_highrate_overnight/campaign_highrate_truth_v4_expanded42_new20,/mnt/hdd16T/ToqeerHomeBackup/mujoco_project/outputs/_highrate_overnight/campaign_highrate_truth_v4_expanded42_new20/runs/P049/task_34/scenario34_age57_h1p70_sex_male_w74p0_20260926_140302/fall_scenario34_age57_20260926_140302_dynamics_frames.csv,False
/mnt/hdd16T/ToqeerHomeBackup/mujoco_project/outputs/_highrate_overnight/campaign_highrate_truth_v4_expanded42_new20/runs/P049/task_37/scenario37_age57_h1p70_sex_male_w74p0_20260926_140532/fall_scenario37_age57_20260926_140532_highrate_truth.csv,True,/mnt/hdd16T/ToqeerHomeBackup/mujoco_project/outputs/_highrate_overnight/campaign_highrate_truth_v4_expanded42_new20,/mnt/hdd16T/ToqeerHomeBackup/mujoco_project/outputs/_highrate_overnight/campaign_highrate_truth_v4_expanded42_new20/runs/P049/task_37/scenario37_age57_h1p70_sex_male_w74p0_20260926_140532/fall_scenario37_age57_20260926_140532_dynamics_frames.csv,False
/mnt/hdd16T/ToqeerHomeBackup/mujoco_project/outputs/_highrate_overnight/campaign_highrate_truth_v4_expanded42_new20/runs/P049/task_38/scenario38_age57_h1p70_sex_male_w74p0_20260926_140801/fall_scenario38_age57_20260926_140801_highrate_truth.csv,True,/mnt/hdd16T/ToqeerHomeBackup/mujoco_project/outputs/_highrate_overnight/campaign_highrate_truth_v4_expanded42_new20,/mnt/hdd16T/ToqeerHomeBackup/mujoco_project/outputs/_highrate_overnight/campaign_highrate_truth_v4_expanded42_new20/runs/P049/task_38/scenario38_age57_h1p70_sex_male_w74p0_20260926_140801/fall_scenario38_age57_20260926_140801_dynamics_frames.csv,False
/mnt/hdd16T/ToqeerHomeBackup/mujoco_project/outputs/_highrate_overnight/campaign_highrate_truth_v4_expanded42_new20/runs/P049/task_39/scenario39_age57_h1p70_sex_male_w74p0_20260926_141030/fall_scenario39_age57_20260926_141030_highrate_truth.csv,True,/mnt/hdd16T/ToqeerHomeBackup/mujoco_project/outputs/_highrate_overnight/campaign_highrate_truth_v4_expanded42_new20,/mnt/hdd16T/ToqeerHomeBackup/mujoco_project/outputs/_highrate_overnight/campaign_highrate_truth_v4_expanded42_new20/runs/P049/task_39/scenario39_age57_h1p70_sex_male_w74p0_20260926_141030/fall_scenario39_age57_20260926_141030_dynamics_frames.csv,False
/mnt/hdd16T/ToqeerHomeBackup/mujoco_project/outputs/_highrate_overnight/campaign_highrate_truth_v4_expanded42_new20/runs/P049/task_40/scenario40_age57_h1p70_sex_male_w74p0_20260926_141106/fall_scenario40_age57_20260926_141106_highrate_truth.csv,True,/mnt/hdd16T/ToqeerHomeBackup/mujoco_project/outputs/_highrate_overnight/campaign_highrate_truth_v4_expanded42_new20,/mnt/hdd16T/ToqeerHomeBackup/mujoco_project/outputs/_highrate_overnight/campaign_highrate_truth_v4_expanded42_new20/runs/P049/task_40/scenario40_age57_h1p70_sex_male_w74p0_20260926_141106/fall_scenario40_age57_20260926_141106_dynamics_frames.csv,False
/mnt/hdd16T/ToqeerHomeBackup/mujoco_project/outputs/_highrate_overnight/campaign_highrate_truth_v4_expanded42_new20/runs/P049/task_41/scenario41_age57_h1p70_sex_male_w74p0_20260926_141142/fall_scenario41_age57_20260926_141142_highrate_truth.csv,True,/mnt/hdd16T/ToqeerHomeBackup/mujoco_project/outputs/_highrate_overnight/campaign_highrate_truth_v4_expanded42_new20,/mnt/hdd16T/ToqeerHomeBackup/mujoco_project/outputs/_highrate_overnight/campaign_highrate_truth_v4_expanded42_new20/runs/P049/task_41/scenario41_age57_h1p70_sex_male_w74p0_20260926_141142/fall_scenario41_age57_20260926_141142_dynamics_frames.csv,False
/mnt/hdd16T/ToqeerHomeBackup/mujoco_project/outputs/_highrate_overnight/campaign_highrate_truth_v4_expanded42_new20/runs/P049/task_42/scenario42_age57_h1p70_sex_male_w74p0_20260926_141218/fall_scenario42_age57_20260926_141218_highrate_truth.csv,True,/mnt/hdd16T/ToqeerHomeBackup/mujoco_project/outputs/_highrate_overnight/campaign_highrate_truth_v4_expanded42_new20,/mnt/hdd16T/ToqeerHomeBackup/mujoco_project/outputs/_highrate_overnight/campaign_highrate_truth_v4_expanded42_new20/runs/P049/task_42/scenario42_age57_h1p70_sex_male_w74p0_20260926_141218/fall_scenario42_age57_20260926_141218_dynamics_frames.csv,False
/mnt/hdd16T/ToqeerHomeBackup/mujoco_project/outputs/_highrate_overnight/campaign_highrate_truth_v4_expanded42_new20/runs/P050/task_20/scenario20_age60_h1p59_sex_female_w62p0_20260926_141254/fall_scenario20_age60_20260926_141254_highrate_truth.csv,True,/mnt/hdd16T/ToqeerHomeBackup/mujoco_project/outputs/_highrate_overnight/campaign_highrate_truth_v4_expanded42_new20,/mnt/hdd16T/ToqeerHomeBackup/mujoco_project/outputs/_highrate_overnight/campaign_highrate_truth_v4_expanded42_new20/runs/P050/task_20/scenario20_age60_h1p59_sex_female_w62p0_20260926_141254/fall_scenario20_age60_20260926_141254_dynamics_frames.csv,False
/mnt/hdd16T/ToqeerHomeBackup/mujoco_project/outputs/_highrate_overnight/campaign_highrate_truth_v4_expanded42_new20/runs/P050/task_21/scenario21_age60_h1p59_sex_female_w62p0_20260926_141357/fall_scenario21_age60_20260926_141357_highrate_truth.csv,True,/mnt/hdd16T/ToqeerHomeBackup/mujoco_project/outputs/_highrate_overnight/campaign_highrate_truth_v4_expanded42_new20,/mnt/hdd16T/ToqeerHomeBackup/mujoco_project/outputs/_highrate_overnight/campaign_highrate_truth_v4_expanded42_new20/runs/P050/task_21/scenario21_age60_h1p59_sex_female_w62p0_20260926_141357/fall_scenario21_age60_20260926_141357_dynamics_frames.csv,False
/mnt/hdd16T/ToqeerHomeBackup/mujoco_project/outputs/_highrate_overnight/campaign_highrate_truth_v4_expanded42_new20/runs/P050/task_22/scenario22_age60_h1p59_sex_female_w62p0_20260926_141432/fall_scenario22_age60_20260926_141432_highrate_truth.csv,True,/mnt/hdd16T/ToqeerHomeBackup/mujoco_project/outputs/_highrate_overnight/campaign_highrate_truth_v4_expanded42_new20,/mnt/hdd16T/ToqeerHomeBackup/mujoco_project/outputs/_highrate_overnight/campaign_highrate_truth_v4_expanded42_new20/runs/P050/task_22/scenario22_age60_h1p59_sex_female_w62p0_20260926_141432/fall_scenario22_age60_20260926_141432_dynamics_frames.csv,False
/mnt/hdd16T/ToqeerHomeBackup/mujoco_project/outputs/_highrate_overnight/campaign_highrate_truth_v4_expanded42_new20/runs/P050/task_23/scenario23_age60_h1p59_sex_female_w62p0_20260926_141507/fall_scenario23_age60_20260926_141507_highrate_truth.csv,True,/mnt/hdd16T/ToqeerHomeBackup/mujoco_project/outputs/_highrate_overnight/campaign_highrate_truth_v4_expanded42_new20,/mnt/hdd16T/ToqeerHomeBackup/mujoco_project/outputs/_highrate_overnight/campaign_highrate_truth_v4_expanded42_new20/runs/P050/task_23/scenario23_age60_h1p59_sex_female_w62p0_20260926_141507/fall_scenario23_age60_20260926_141507_dynamics_frames.csv,False
/mnt/hdd16T/ToqeerHomeBackup/mujoco_project/outputs/_highrate_overnight/campaign_highrate_truth_v4_expanded42_new20/runs/P050/task_24/scenario24_age60_h1p59_sex_female_w62p0_20260926_141610/fall_scenario24_age60_20260926_141610_highrate_truth.csv,True,/mnt/hdd16T/ToqeerHomeBackup/mujoco_project/outputs/_highrate_overnight/campaign_highrate_truth_v4_expanded42_new20,/mnt/hdd16T/ToqeerHomeBackup/mujoco_project/outputs/_highrate_overnight/campaign_highrate_truth_v4_expanded42_new20/runs/P050/task_24/scenario24_age60_h1p59_sex_female_w62p0_20260926_141610/fall_scenario24_age60_20260926_141610_dynamics_frames.csv,False
/mnt/hdd16T/ToqeerHomeBackup/mujoco_project/outputs/_highrate_overnight/campaign_highrate_truth_v4_expanded42_new20/runs/P050/task_28/scenario28_age60_h1p59_sex_female_w62p0_20260926_141645/fall_scenario28_age60_20260926_141645_highrate_truth.csv,True,/mnt/hdd16T/ToqeerHomeBackup/mujoco_project/outputs/_highrate_overnight/campaign_highrate_truth_v4_expanded42_new20,/mnt/hdd16T/ToqeerHomeBackup/mujoco_project/outputs/_highrate_overnight/campaign_highrate_truth_v4_expanded42_new20/runs/P050/task_28/scenario28_age60_h1p59_sex_female_w62p0_20260926_141645/fall_scenario28_age60_20260926_141645_dynamics_frames.csv,False
/mnt/hdd16T/ToqeerHomeBackup/mujoco_project/outputs/_highrate_overnight/campaign_highrate_truth_v4_expanded42_new20/runs/P050/task_29/scenario29_age60_h1p59_sex_female_w62p0_20260926_141913/fall_scenario29_age60_20260926_141913_highrate_truth.csv,True,/mnt/hdd16T/ToqeerHomeBackup/mujoco_project/outputs/_highrate_overnight/campaign_highrate_truth_v4_expanded42_new20,/mnt/hdd16T/ToqeerHomeBackup/mujoco_project/outputs/_highrate_overnight/campaign_highrate_truth_v4_expanded42_new20/runs/P050/task_29/scenario29_age60_h1p59_sex_female_w62p0_20260926_141913/fall_scenario29_age60_20260926_141913_dynamics_frames.csv,False
/mnt/hdd16T/ToqeerHomeBackup/mujoco_project/outputs/_highrate_overnight/campaign_highrate_truth_v4_expanded42_new20/runs/P050/task_30/scenario30_age60_h1p59_sex_female_w62p0_20260926_142142/fall_scenario30_age60_20260926_142142_highrate_truth.csv,True,/mnt/hdd16T/ToqeerHomeBackup/mujoco_project/outputs/_highrate_overnight/campaign_highrate_truth_v4_expanded42_new20,/mnt/hdd16T/ToqeerHomeBackup/mujoco_project/outputs/_highrate_overnight/campaign_highrate_truth_v4_expanded42_new20/runs/P050/task_30/scenario30_age60_h1p59_sex_female_w62p0_20260926_142142/fall_scenario30_age60_20260926_142142_dynamics_frames.csv,False
/mnt/hdd16T/ToqeerHomeBackup/mujoco_project/outputs/_highrate_overnight/campaign_highrate_truth_v4_expanded42_new20/runs/P050/task_31/scenario31_age60_h1p59_sex_female_w62p0_20260926_142412/fall_scenario31_age60_20260926_142412_highrate_truth.csv,True,/mnt/hdd16T/ToqeerHomeBackup/mujoco_project/outputs/_highrate_overnight/campaign_highrate_truth_v4_expanded42_new20,/mnt/hdd16T/ToqeerHomeBackup/mujoco_project/outputs/_highrate_overnight/campaign_highrate_truth_v4_expanded42_new20/runs/P050/task_31/scenario31_age60_h1p59_sex_female_w62p0_20260926_142412/fall_scenario31_age60_20260926_142412_dynamics_frames.csv,False
/mnt/hdd16T/ToqeerHomeBackup/mujoco_project/outputs/_highrate_overnight/campaign_highrate_truth_v4_expanded42_new20/runs/P050/task_32/scenario32_age60_h1p59_sex_female_w62p0_20260926_142640/fall_scenario32_age60_20260926_142640_highrate_truth.csv,True,/mnt/hdd16T/ToqeerHomeBackup/mujoco_project/outputs/_highrate_overnight/campaign_highrate_truth_v4_expanded42_new20,/mnt/hdd16T/ToqeerHomeBackup/mujoco_project/outputs/_highrate_overnight/campaign_highrate_truth_v4_expanded42_new20/runs/P050/task_32/scenario32_age60_h1p59_sex_female_w62p0_20260926_142640/fall_scenario32_age60_20260926_142640_dynamics_frames.csv,False
/mnt/hdd16T/ToqeerHomeBackup/mujoco_project/outputs/_highrate_overnight/campaign_highrate_truth_v4_expanded42_new20/runs/P050/task_33/scenario33_age60_h1p59_sex_female_w62p0_20260926_142909/fall_scenario33_age60_20260926_142909_highrate_truth.csv,True,/mnt/hdd16T/ToqeerHomeBackup/mujoco_project/outputs/_highrate_overnight/campaign_highrate_truth_v4_expanded42_new20,/mnt/hdd16T/ToqeerHomeBackup/mujoco_project/outputs/_highrate_overnight/campaign_highrate_truth_v4_expanded42_new20/runs/P050/task_33/scenario33_age60_h1p59_sex_female_w62p0_20260926_142909/fall_scenario33_age60_20260926_142909_dynamics_frames.csv,False
/mnt/hdd16T/ToqeerHomeBackup/mujoco_project/outputs/_highrate_overnight/campaign_highrate_truth_v4_expanded42_new20/runs/P050/task_34/scenario34_age60_h1p59_sex_female_w62p0_20260926_143138/fall_scenario34_age60_20260926_143138_highrate_truth.csv,True,/mnt/hdd16T/ToqeerHomeBackup/mujoco_project/outputs/_highrate_overnight/campaign_highrate_truth_v4_expanded42_new20,/mnt/hdd16T/ToqeerHomeBackup/mujoco_project/outputs/_highrate_overnight/campaign_highrate_truth_v4_expanded42_new20/runs/P050/task_34/scenario34_age60_h1p59_sex_female_w62p0_20260926_143138/fall_scenario34_age60_20260926_143138_dynamics_frames.csv,False
/mnt/hdd16T/ToqeerHomeBackup/mujoco_project/outputs/_highrate_overnight/campaign_highrate_truth_v4_expanded42_new20/runs/P050/task_37/scenario37_age60_h1p59_sex_female_w62p0_20260926_143407/fall_scenario37_age60_20260926_143407_highrate_truth.csv,True,/mnt/hdd16T/ToqeerHomeBackup/mujoco_project/outputs/_highrate_overnight/campaign_highrate_truth_v4_expanded42_new20,/mnt/hdd16T/ToqeerHomeBackup/mujoco_project/outputs/_highrate_overnight/campaign_highrate_truth_v4_expanded42_new20/runs/P050/task_37/scenario37_age60_h1p59_sex_female_w62p0_20260926_143407/fall_scenario37_age60_20260926_143407_dynamics_frames.csv,False
/mnt/hdd16T/ToqeerHomeBackup/mujoco_project/outputs/_highrate_overnight/campaign_highrate_truth_v4_expanded42_new20/runs/P050/task_38/scenario38_age60_h1p59_sex_female_w62p0_20260926_143636/fall_scenario38_age60_20260926_143636_highrate_truth.csv,True,/mnt/hdd16T/ToqeerHomeBackup/mujoco_project/outputs/_highrate_overnight/campaign_highrate_truth_v4_expanded42_new20,/mnt/hdd16T/ToqeerHomeBackup/mujoco_project/outputs/_highrate_overnight/campaign_highrate_truth_v4_expanded42_new20/runs/P050/task_38/scenario38_age60_h1p59_sex_female_w62p0_20260926_143636/fall_scenario38_age60_20260926_143636_dynamics_frames.csv,False
/mnt/hdd16T/ToqeerHomeBackup/mujoco_project/outputs/_highrate_overnight/campaign_highrate_truth_v4_expanded42_new20/runs/P050/task_39/scenario39_age60_h1p59_sex_female_w62p0_20260926_143905/fall_scenario39_age60_20260926_143905_highrate_truth.csv,True,/mnt/hdd16T/ToqeerHomeBackup/mujoco_project/outputs/_highrate_overnight/campaign_highrate_truth_v4_expanded42_new20,/mnt/hdd16T/ToqeerHomeBackup/mujoco_project/outputs/_highrate_overnight/campaign_highrate_truth_v4_expanded42_new20/runs/P050/task_39/scenario39_age60_h1p59_sex_female_w62p0_20260926_143905/fall_scenario39_age60_20260926_143905_dynamics_frames.csv,False
/mnt/hdd16T/ToqeerHomeBackup/mujoco_project/outputs/_highrate_overnight/campaign_highrate_truth_v4_expanded42_new20/runs/P050/task_40/scenario40_age60_h1p59_sex_female_w62p0_20260926_143940/fall_scenario40_age60_20260926_143940_highrate_truth.csv,True,/mnt/hdd16T/ToqeerHomeBackup/mujoco_project/outputs/_highrate_overnight/campaign_highrate_truth_v4_expanded42_new20,/mnt/hdd16T/ToqeerHomeBackup/mujoco_project/outputs/_highrate_overnight/campaign_highrate_truth_v4_expanded42_new20/runs/P050/task_40/scenario40_age60_h1p59_sex_female_w62p0_20260926_143940/fall_scenario40_age60_20260926_143940_dynamics_frames.csv,False
/mnt/hdd16T/ToqeerHomeBackup/mujoco_project/outputs/_highrate_overnight/campaign_highrate_truth_v4_expanded42_new20/runs/P050/task_41/scenario41_age60_h1p59_sex_female_w62p0_20260926_144016/fall_scenario41_age60_20260926_144016_highrate_truth.csv,True,/mnt/hdd16T/ToqeerHomeBackup/mujoco_project/outputs/_highrate_overnight/campaign_highrate_truth_v4_expanded42_new20,/mnt/hdd16T/ToqeerHomeBackup/mujoco_project/outputs/_highrate_overnight/campaign_highrate_truth_v4_expanded42_new20/runs/P050/task_41/scenario41_age60_h1p59_sex_female_w62p0_20260926_144016/fall_scenario41_age60_20260926_144016_dynamics_frames.csv,False
/mnt/hdd16T/ToqeerHomeBackup/mujoco_project/outputs/_highrate_overnight/campaign_highrate_truth_v4_expanded42_new20/runs/P050/task_42/scenario42_age60_h1p59_sex_female_w62p0_20260926_144052/fall_scenario42_age60_20260926_144052_highrate_truth.csv,True,/mnt/hdd16T/ToqeerHomeBackup/mujoco_project/outputs/_highrate_overnight/campaign_highrate_truth_v4_expanded42_new20,/mnt/hdd16T/ToqeerHomeBackup/mujoco_project/outputs/_highrate_overnight/campaign_highrate_truth_v4_expanded42_new20/runs/P050/task_42/scenario42_age60_h1p59_sex_female_w62p0_20260926_144052/fall_scenario42_age60_20260926_144052_dynamics_frames.csv,False
/mnt/hdd16T/ToqeerHomeBackup/mujoco_project/outputs/_highrate_overnight/campaign_highrate_truth_v4_expanded42_new20/runs/P051/task_20/scenario20_age62_h1p82_sex_male_w86p0_20260926_144129/fall_scenario20_age62_20260926_144129_highrate_truth.csv,True,/mnt/hdd16T/ToqeerHomeBackup/mujoco_project/outputs/_highrate_overnight/campaign_highrate_truth_v4_expanded42_new20,/mnt/hdd16T/ToqeerHomeBackup/mujoco_project/outputs/_highrate_overnight/campaign_highrate_truth_v4_expanded42_new20/runs/P051/task_20/scenario20_age62_h1p82_sex_male_w86p0_20260926_144129/fall_scenario20_age62_20260926_144129_dynamics_frames.csv,False
/mnt/hdd16T/ToqeerHomeBackup/mujoco_project/outputs/_highrate_overnight/campaign_highrate_truth_v4_expanded42_new20/runs/P051/task_21/scenario21_age62_h1p82_sex_male_w86p0_20260926_144232/fall_scenario21_age62_20260926_144232_highrate_truth.csv,True,/mnt/hdd16T/ToqeerHomeBackup/mujoco_project/outputs/_highrate_overnight/campaign_highrate_truth_v4_expanded42_new20,/mnt/hdd16T/ToqeerHomeBackup/mujoco_project/outputs/_highrate_overnight/campaign_highrate_truth_v4_expanded42_new20/runs/P051/task_21/scenario21_age62_h1p82_sex_male_w86p0_20260926_144232/fall_scenario21_age62_20260926_144232_dynamics_frames.csv,False
/mnt/hdd16T/ToqeerHomeBackup/mujoco_project/outputs/_highrate_overnight/campaign_highrate_truth_v4_expanded42_new20/runs/P051/task_22/scenario22_age62_h1p82_sex_male_w86p0_20260926_144308/fall_scenario22_age62_20260926_144308_highrate_truth.csv,True,/mnt/hdd16T/ToqeerHomeBackup/mujoco_project/outputs/_highrate_overnight/campaign_highrate_truth_v4_expanded42_new20,/mnt/hdd16T/ToqeerHomeBackup/mujoco_project/outputs/_highrate_overnight/campaign_highrate_truth_v4_expanded42_new20/runs/P051/task_22/scenario22_age62_h1p82_sex_male_w86p0_20260926_144308/fall_scenario22_age62_20260926_144308_dynamics_frames.csv,False
/mnt/hdd16T/ToqeerHomeBackup/mujoco_project/outputs/_highrate_overnight/campaign_highrate_truth_v4_expanded42_new20/runs/P051/task_23/scenario23_age62_h1p82_sex_male_w86p0_20260926_144343/fall_scenario23_age62_20260926_144343_highrate_truth.csv,True,/mnt/hdd16T/ToqeerHomeBackup/mujoco_project/outputs/_highrate_overnight/campaign_highrate_truth_v4_expanded42_new20,/mnt/hdd16T/ToqeerHomeBackup/mujoco_project/outputs/_highrate_overnight/campaign_highrate_truth_v4_expanded42_new20/runs/P051/task_23/scenario23_age62_h1p82_sex_male_w86p0_20260926_144343/fall_scenario23_age62_20260926_144343_dynamics_frames.csv,False
/mnt/hdd16T/ToqeerHomeBackup/mujoco_project/outputs/_highrate_overnight/campaign_highrate_truth_v4_expanded42_new20/runs/P051/task_24/scenario24_age62_h1p82_sex_male_w86p0_20260926_144446/fall_scenario24_age62_20260926_144446_highrate_truth.csv,True,/mnt/hdd16T/ToqeerHomeBackup/mujoco_project/outputs/_highrate_overnight/campaign_highrate_truth_v4_expanded42_new20,/mnt/hdd16T/ToqeerHomeBackup/mujoco_project/outputs/_highrate_overnight/campaign_highrate_truth_v4_expanded42_new20/runs/P051/task_24/scenario24_age62_h1p82_sex_male_w86p0_20260926_144446/fall_scenario24_age62_20260926_144446_dynamics_frames.csv,False
/mnt/hdd16T/ToqeerHomeBackup/mujoco_project/outputs/_highrate_overnight/campaign_highrate_truth_v4_expanded42_new20/runs/P051/task_28/scenario28_age62_h1p82_sex_male_w86p0_20260926_144521/fall_scenario28_age62_20260926_144521_highrate_truth.csv,True,/mnt/hdd16T/ToqeerHomeBackup/mujoco_project/outputs/_highrate_overnight/campaign_highrate_truth_v4_expanded42_new20,/mnt/hdd16T/ToqeerHomeBackup/mujoco_project/outputs/_highrate_overnight/campaign_highrate_truth_v4_expanded42_new20/runs/P051/task_28/scenario28_age62_h1p82_sex_male_w86p0_20260926_144521/fall_scenario28_age62_20260926_144521_dynamics_frames.csv,False
/mnt/hdd16T/ToqeerHomeBackup/mujoco_project/outputs/_highrate_overnight/campaign_highrate_truth_v4_expanded42_new20/runs/P051/task_29/scenario29_age62_h1p82_sex_male_w86p0_20260926_144755/fall_scenario29_age62_20260926_144755_highrate_truth.csv,True,/mnt/hdd16T/ToqeerHomeBackup/mujoco_project/outputs/_highrate_overnight/campaign_highrate_truth_v4_expanded42_new20,/mnt/hdd16T/ToqeerHomeBackup/mujoco_project/outputs/_highrate_overnight/campaign_highrate_truth_v4_expanded42_new20/runs/P051/task_29/scenario29_age62_h1p82_sex_male_w86p0_20260926_144755/fall_scenario29_age62_20260926_144755_dynamics_frames.csv,False
/mnt/hdd16T/ToqeerHomeBackup/mujoco_project/outputs/_highrate_overnight/campaign_highrate_truth_v4_expanded42_new20/runs/P051/task_30/scenario30_age62_h1p82_sex_male_w86p0_20260926_145027/fall_scenario30_age62_20260926_145027_highrate_truth.csv,True,/mnt/hdd16T/ToqeerHomeBackup/mujoco_project/outputs/_highrate_overnight/campaign_highrate_truth_v4_expanded42_new20,/mnt/hdd16T/ToqeerHomeBackup/mujoco_project/outputs/_highrate_overnight/campaign_highrate_truth_v4_expanded42_new20/runs/P051/task_30/scenario30_age62_h1p82_sex_male_w86p0_20260926_145027/fall_scenario30_age62_20260926_145027_dynamics_frames.csv,False
/mnt/hdd16T/ToqeerHomeBackup/mujoco_project/outputs/_highrate_overnight/campaign_highrate_truth_v4_expanded42_new20/runs/P051/task_31/scenario31_age62_h1p82_sex_male_w86p0_20260926_145258/fall_scenario31_age62_20260926_145258_highrate_truth.csv,True,/mnt/hdd16T/ToqeerHomeBackup/mujoco_project/outputs/_highrate_overnight/campaign_highrate_truth_v4_expanded42_new20,/mnt/hdd16T/ToqeerHomeBackup/mujoco_project/outputs/_highrate_overnight/campaign_highrate_truth_v4_expanded42_new20/runs/P051/task_31/scenario31_age62_h1p82_sex_male_w86p0_20260926_145258/fall_scenario31_age62_20260926_145258_dynamics_frames.csv,False
/mnt/hdd16T/ToqeerHomeBackup/mujoco_project/outputs/_highrate_overnight/campaign_highrate_truth_v4_expanded42_new20/runs/P051/task_32/scenario32_age62_h1p82_sex_male_w86p0_20260926_145528/fall_scenario32_age62_20260926_145528_highrate_truth.csv,True,/mnt/hdd16T/ToqeerHomeBackup/mujoco_project/outputs/_highrate_overnight/campaign_highrate_truth_v4_expanded42_new20,/mnt/hdd16T/ToqeerHomeBackup/mujoco_project/outputs/_highrate_overnight/campaign_highrate_truth_v4_expanded42_new20/runs/P051/task_32/scenario32_age62_h1p82_sex_male_w86p0_20260926_145528/fall_scenario32_age62_20260926_145528_dynamics_frames.csv,False
/mnt/hdd16T/ToqeerHomeBackup/mujoco_project/outputs/_highrate_overnight/campaign_highrate_truth_v4_expanded42_new20/runs/P051/task_33/scenario33_age62_h1p82_sex_male_w86p0_20260926_145758/fall_scenario33_age62_20260926_145758_highrate_truth.csv,True,/mnt/hdd16T/ToqeerHomeBackup/mujoco_project/outputs/_highrate_overnight/campaign_highrate_truth_v4_expanded42_new20,/mnt/hdd16T/ToqeerHomeBackup/mujoco_project/outputs/_highrate_overnight/campaign_highrate_truth_v4_expanded42_new20/runs/P051/task_33/scenario33_age62_h1p82_sex_male_w86p0_20260926_145758/fall_scenario33_age62_20260926_145758_dynamics_frames.csv,False
/mnt/hdd16T/ToqeerHomeBackup/mujoco_project/outputs/_highrate_overnight/campaign_highrate_truth_v4_expanded42_new20/runs/P051/task_34/scenario34_age62_h1p82_sex_male_w86p0_20260926_150028/fall_scenario34_age62_20260926_150028_highrate_truth.csv,True,/mnt/hdd16T/ToqeerHomeBackup/mujoco_project/outputs/_highrate_overnight/campaign_highrate_truth_v4_expanded42_new20,/mnt/hdd16T/ToqeerHomeBackup/mujoco_project/outputs/_highrate_overnight/campaign_highrate_truth_v4_expanded42_new20/runs/P051/task_34/scenario34_age62_h1p82_sex_male_w86p0_20260926_150028/fall_scenario34_age62_20260926_150028_dynamics_frames.csv,False
/mnt/hdd16T/ToqeerHomeBackup/mujoco_project/outputs/_highrate_overnight/campaign_highrate_truth_v4_expanded42_new20/runs/P051/task_37/scenario37_age62_h1p82_sex_male_w86p0_20260926_150258/fall_scenario37_age62_20260926_150258_highrate_truth.csv,True,/mnt/hdd16T/ToqeerHomeBackup/mujoco_project/outputs/_highrate_overnight/campaign_highrate_truth_v4_expanded42_new20,/mnt/hdd16T/ToqeerHomeBackup/mujoco_project/outputs/_highrate_overnight/campaign_highrate_truth_v4_expanded42_new20/runs/P051/task_37/scenario37_age62_h1p82_sex_male_w86p0_20260926_150258/fall_scenario37_age62_20260926_150258_dynamics_frames.csv,False
/mnt/hdd16T/ToqeerHomeBackup/mujoco_project/outputs/_highrate_overnight/campaign_highrate_truth_v4_expanded42_new20/runs/P051/task_38/scenario38_age62_h1p82_sex_male_w86p0_20260926_150528/fall_scenario38_age62_20260926_150528_highrate_truth.csv,True,/mnt/hdd16T/ToqeerHomeBackup/mujoco_project/outputs/_highrate_overnight/campaign_highrate_truth_v4_expanded42_new20,/mnt/hdd16T/ToqeerHomeBackup/mujoco_project/outputs/_highrate_overnight/campaign_highrate_truth_v4_expanded42_new20/runs/P051/task_38/scenario38_age62_h1p82_sex_male_w86p0_20260926_150528/fall_scenario38_age62_20260926_150528_dynamics_frames.csv,False
/mnt/hdd16T/ToqeerHomeBackup/mujoco_project/outputs/_highrate_overnight/campaign_highrate_truth_v4_expanded42_new20/runs/P051/task_39/scenario39_age62_h1p82_sex_male_w86p0_20260926_150809/fall_scenario39_age62_20260926_150809_highrate_truth.csv,True,/mnt/hdd16T/ToqeerHomeBackup/mujoco_project/outputs/_highrate_overnight/campaign_highrate_truth_v4_expanded42_new20,/mnt/hdd16T/ToqeerHomeBackup/mujoco_project/outputs/_highrate_overnight/campaign_highrate_truth_v4_expanded42_new20/runs/P051/task_39/scenario39_age62_h1p82_sex_male_w86p0_20260926_150809/fall_scenario39_age62_20260926_150809_dynamics_frames.csv,False
/mnt/hdd16T/ToqeerHomeBackup/mujoco_project/outputs/_highrate_overnight/campaign_highrate_truth_v4_expanded42_new20/runs/P051/task_40/scenario40_age62_h1p82_sex_male_w86p0_20260926_150851/fall_scenario40_age62_20260926_150851_highrate_truth.csv,True,/mnt/hdd16T/ToqeerHomeBackup/mujoco_project/outputs/_highrate_overnight/campaign_highrate_truth_v4_expanded42_new20,/mnt/hdd16T/ToqeerHomeBackup/mujoco_project/outputs/_highrate_overnight/campaign_highrate_truth_v4_expanded42_new20/runs/P051/task_40/scenario40_age62_h1p82_sex_male_w86p0_20260926_150851/fall_scenario40_age62_20260926_150851_dynamics_frames.csv,False
/mnt/hdd16T/ToqeerHomeBackup/mujoco_project/outputs/_highrate_overnight/campaign_highrate_truth_v4_expanded42_new20/runs/P051/task_41/scenario41_age62_h1p82_sex_male_w86p0_20260926_150928/fall_scenario41_age62_20260926_150928_highrate_truth.csv,True,/mnt/hdd16T/ToqeerHomeBackup/mujoco_project/outputs/_highrate_overnight/campaign_highrate_truth_v4_expanded42_new20,/mnt/hdd16T/ToqeerHomeBackup/mujoco_project/outputs/_highrate_overnight/campaign_highrate_truth_v4_expanded42_new20/runs/P051/task_41/scenario41_age62_h1p82_sex_male_w86p0_20260926_150928/fall_scenario41_age62_20260926_150928_dynamics_frames.csv,False
/mnt/hdd16T/ToqeerHomeBackup/mujoco_project/outputs/_highrate_overnight/campaign_highrate_truth_v4_expanded42_new20/runs/P051/task_42/scenario42_age62_h1p82_sex_male_w86p0_20260926_151004/fall_scenario42_age62_20260926_151004_highrate_truth.csv,True,/mnt/hdd16T/ToqeerHomeBackup/mujoco_project/outputs/_highrate_overnight/campaign_highrate_truth_v4_expanded42_new20,/mnt/hdd16T/ToqeerHomeBackup/mujoco_project/outputs/_highrate_overnight/campaign_highrate_truth_v4_expanded42_new20/runs/P051/task_42/scenario42_age62_h1p82_sex_male_w86p0_20260926_151004/fall_scenario42_age62_20260926_151004_dynamics_frames.csv,False
/mnt/hdd16T/ToqeerHomeBackup/mujoco_project/outputs/_highrate_overnight/campaign_highrate_truth_v4_expanded42_new20/runs/P052/task_20/scenario20_age65_h1p66_sex_male_w69p0_20260926_151041/fall_scenario20_age65_20260926_151041_highrate_truth.csv,True,/mnt/hdd16T/ToqeerHomeBackup/mujoco_project/outputs/_highrate_overnight/campaign_highrate_truth_v4_expanded42_new20,/mnt/hdd16T/ToqeerHomeBackup/mujoco_project/outputs/_highrate_overnight/campaign_highrate_truth_v4_expanded42_new20/runs/P052/task_20/scenario20_age65_h1p66_sex_male_w69p0_20260926_151041/fall_scenario20_age65_20260926_151041_dynamics_frames.csv,False
/mnt/hdd16T/ToqeerHomeBackup/mujoco_project/outputs/_highrate_overnight/campaign_highrate_truth_v4_expanded42_new20/runs/P052/task_21/scenario21_age65_h1p66_sex_male_w69p0_20260926_151145/fall_scenario21_age65_20260926_151145_highrate_truth.csv,True,/mnt/hdd16T/ToqeerHomeBackup/mujoco_project/outputs/_highrate_overnight/campaign_highrate_truth_v4_expanded42_new20,/mnt/hdd16T/ToqeerHomeBackup/mujoco_project/outputs/_highrate_overnight/campaign_highrate_truth_v4_expanded42_new20/runs/P052/task_21/scenario21_age65_h1p66_sex_male_w69p0_20260926_151145/fall_scenario21_age65_20260926_151145_dynamics_frames.csv,False
/mnt/hdd16T/ToqeerHomeBackup/mujoco_project/outputs/_highrate_overnight/campaign_highrate_truth_v4_expanded42_new20/runs/P052/task_22/scenario22_age65_h1p66_sex_male_w69p0_20260926_151220/fall_scenario22_age65_20260926_151220_highrate_truth.csv,True,/mnt/hdd16T/ToqeerHomeBackup/mujoco_project/outputs/_highrate_overnight/campaign_highrate_truth_v4_expanded42_new20,/mnt/hdd16T/ToqeerHomeBackup/mujoco_project/outputs/_highrate_overnight/campaign_highrate_truth_v4_expanded42_new20/runs/P052/task_22/scenario22_age65_h1p66_sex_male_w69p0_20260926_151220/fall_scenario22_age65_20260926_151220_dynamics_frames.csv,False
/mnt/hdd16T/ToqeerHomeBackup/mujoco_project/outputs/_highrate_overnight/campaign_highrate_truth_v4_expanded42_new20/runs/P052/task_23/scenario23_age65_h1p66_sex_male_w69p0_20260926_151255/fall_scenario23_age65_20260926_151255_highrate_truth.csv,True,/mnt/hdd16T/ToqeerHomeBackup/mujoco_project/outputs/_highrate_overnight/campaign_highrate_truth_v4_expanded42_new20,/mnt/hdd16T/ToqeerHomeBackup/mujoco_project/outputs/_highrate_overnight/campaign_highrate_truth_v4_expanded42_new20/runs/P052/task_23/scenario23_age65_h1p66_sex_male_w69p0_20260926_151255/fall_scenario23_age65_20260926_151255_dynamics_frames.csv,False
/mnt/hdd16T/ToqeerHomeBackup/mujoco_project/outputs/_highrate_overnight/campaign_highrate_truth_v4_expanded42_new20/runs/P052/task_24/scenario24_age65_h1p66_sex_male_w69p0_20260926_151358/fall_scenario24_age65_20260926_151358_highrate_truth.csv,True,/mnt/hdd16T/ToqeerHomeBackup/mujoco_project/outputs/_highrate_overnight/campaign_highrate_truth_v4_expanded42_new20,/mnt/hdd16T/ToqeerHomeBackup/mujoco_project/outputs/_highrate_overnight/campaign_highrate_truth_v4_expanded42_new20/runs/P052/task_24/scenario24_age65_h1p66_sex_male_w69p0_20260926_151358/fall_scenario24_age65_20260926_151358_dynamics_frames.csv,False
/mnt/hdd16T/ToqeerHomeBackup/mujoco_project/outputs/_highrate_overnight/campaign_highrate_truth_v4_expanded42_new20/runs/P052/task_28/scenario28_age65_h1p66_sex_male_w69p0_20260926_151434/fall_scenario28_age65_20260926_151434_highrate_truth.csv,True,/mnt/hdd16T/ToqeerHomeBackup/mujoco_project/outputs/_highrate_overnight/campaign_highrate_truth_v4_expanded42_new20,/mnt/hdd16T/ToqeerHomeBackup/mujoco_project/outputs/_highrate_overnight/campaign_highrate_truth_v4_expanded42_new20/runs/P052/task_28/scenario28_age65_h1p66_sex_male_w69p0_20260926_151434/fall_scenario28_age65_20260926_151434_dynamics_frames.csv,False
/mnt/hdd16T/ToqeerHomeBackup/mujoco_project/outputs/_highrate_overnight/campaign_highrate_truth_v4_expanded42_new20/runs/P052/task_29/scenario29_age65_h1p66_sex_male_w69p0_20260926_151703/fall_scenario29_age65_20260926_151703_highrate_truth.csv,True,/mnt/hdd16T/ToqeerHomeBackup/mujoco_project/outputs/_highrate_overnight/campaign_highrate_truth_v4_expanded42_new20,/mnt/hdd16T/ToqeerHomeBackup/mujoco_project/outputs/_highrate_overnight/campaign_highrate_truth_v4_expanded42_new20/runs/P052/task_29/scenario29_age65_h1p66_sex_male_w69p0_20260926_151703/fall_scenario29_age65_20260926_151703_dynamics_frames.csv,False
/mnt/hdd16T/ToqeerHomeBackup/mujoco_project/outputs/_highrate_overnight/campaign_highrate_truth_v4_expanded42_new20/runs/P052/task_30/scenario30_age65_h1p66_sex_male_w69p0_20260926_151932/fall_scenario30_age65_20260926_151932_highrate_truth.csv,True,/mnt/hdd16T/ToqeerHomeBackup/mujoco_project/outputs/_highrate_overnight/campaign_highrate_truth_v4_expanded42_new20,/mnt/hdd16T/ToqeerHomeBackup/mujoco_project/outputs/_highrate_overnight/campaign_highrate_truth_v4_expanded42_new20/runs/P052/task_30/scenario30_age65_h1p66_sex_male_w69p0_20260926_151932/fall_scenario30_age65_20260926_151932_dynamics_frames.csv,False
/mnt/hdd16T/ToqeerHomeBackup/mujoco_project/outputs/_highrate_overnight/campaign_highrate_truth_v4_expanded42_new20/runs/P052/task_31/scenario31_age65_h1p66_sex_male_w69p0_20260926_152202/fall_scenario31_age65_20260926_152202_highrate_truth.csv,True,/mnt/hdd16T/ToqeerHomeBackup/mujoco_project/outputs/_highrate_overnight/campaign_highrate_truth_v4_expanded42_new20,/mnt/hdd16T/ToqeerHomeBackup/mujoco_project/outputs/_highrate_overnight/campaign_highrate_truth_v4_expanded42_new20/runs/P052/task_31/scenario31_age65_h1p66_sex_male_w69p0_20260926_152202/fall_scenario31_age65_20260926_152202_dynamics_frames.csv,False
/mnt/hdd16T/ToqeerHomeBackup/mujoco_project/outputs/_highrate_overnight/campaign_highrate_truth_v4_expanded42_new20/runs/P052/task_32/scenario32_age65_h1p66_sex_male_w69p0_20260926_152451/fall_scenario32_age65_20260926_152451_highrate_truth.csv,True,/mnt/hdd16T/ToqeerHomeBackup/mujoco_project/outputs/_highrate_overnight/campaign_highrate_truth_v4_expanded42_new20,/mnt/hdd16T/ToqeerHomeBackup/mujoco_project/outputs/_highrate_overnight/campaign_highrate_truth_v4_expanded42_new20/runs/P052/task_32/scenario32_age65_h1p66_sex_male_w69p0_20260926_152451/fall_scenario32_age65_20260926_152451_dynamics_frames.csv,False
/mnt/hdd16T/ToqeerHomeBackup/mujoco_project/outputs/_highrate_overnight/campaign_highrate_truth_v4_expanded42_new20/runs/P052/task_33/scenario33_age65_h1p66_sex_male_w69p0_20260926_152721/fall_scenario33_age65_20260926_152721_highrate_truth.csv,True,/mnt/hdd16T/ToqeerHomeBackup/mujoco_project/outputs/_highrate_overnight/campaign_highrate_truth_v4_expanded42_new20,/mnt/hdd16T/ToqeerHomeBackup/mujoco_project/outputs/_highrate_overnight/campaign_highrate_truth_v4_expanded42_new20/runs/P052/task_33/scenario33_age65_h1p66_sex_male_w69p0_20260926_152721/fall_scenario33_age65_20260926_152721_dynamics_frames.csv,False
/mnt/hdd16T/ToqeerHomeBackup/mujoco_project/outputs/_highrate_overnight/campaign_highrate_truth_v4_expanded42_new20/runs/P052/task_34/scenario34_age65_h1p66_sex_male_w69p0_20260926_152949/fall_scenario34_age65_20260926_152949_highrate_truth.csv,True,/mnt/hdd16T/ToqeerHomeBackup/mujoco_project/outputs/_highrate_overnight/campaign_highrate_truth_v4_expanded42_new20,/mnt/hdd16T/ToqeerHomeBackup/mujoco_project/outputs/_highrate_overnight/campaign_highrate_truth_v4_expanded42_new20/runs/P052/task_34/scenario34_age65_h1p66_sex_male_w69p0_20260926_152949/fall_scenario34_age65_20260926_152949_dynamics_frames.csv,False
/mnt/hdd16T/ToqeerHomeBackup/mujoco_project/outputs/_highrate_overnight/campaign_highrate_truth_v4_expanded42_new20/runs/P052/task_37/scenario37_age65_h1p66_sex_male_w69p0_20260926_153219/fall_scenario37_age65_20260926_153219_highrate_truth.csv,True,/mnt/hdd16T/ToqeerHomeBackup/mujoco_project/outputs/_highrate_overnight/campaign_highrate_truth_v4_expanded42_new20,/mnt/hdd16T/ToqeerHomeBackup/mujoco_project/outputs/_highrate_overnight/campaign_highrate_truth_v4_expanded42_new20/runs/P052/task_37/scenario37_age65_h1p66_sex_male_w69p0_20260926_153219/fall_scenario37_age65_20260926_153219_dynamics_frames.csv,False
/mnt/hdd16T/ToqeerHomeBackup/mujoco_project/outputs/_highrate_overnight/campaign_highrate_truth_v4_expanded42_new20/runs/P052/task_38/scenario38_age65_h1p66_sex_male_w69p0_20260926_153449/fall_scenario38_age65_20260926_153449_highrate_truth.csv,True,/mnt/hdd16T/ToqeerHomeBackup/mujoco_project/outputs/_highrate_overnight/campaign_highrate_truth_v4_expanded42_new20,/mnt/hdd16T/ToqeerHomeBackup/mujoco_project/outputs/_highrate_overnight/campaign_highrate_truth_v4_expanded42_new20/runs/P052/task_38/scenario38_age65_h1p66_sex_male_w69p0_20260926_153449/fall_scenario38_age65_20260926_153449_dynamics_frames.csv,False
/mnt/hdd16T/ToqeerHomeBackup/mujoco_project/outputs/_highrate_overnight/campaign_highrate_truth_v4_expanded42_new20/runs/P052/task_39/scenario39_age65_h1p66_sex_male_w69p0_20260926_153718/fall_scenario39_age65_20260926_153718_highrate_truth.csv,True,/mnt/hdd16T/ToqeerHomeBackup/mujoco_project/outputs/_highrate_overnight/campaign_highrate_truth_v4_expanded42_new20,/mnt/hdd16T/ToqeerHomeBackup/mujoco_project/outputs/_highrate_overnight/campaign_highrate_truth_v4_expanded42_new20/runs/P052/task_39/scenario39_age65_h1p66_sex_male_w69p0_20260926_153718/fall_scenario39_age65_20260926_153718_dynamics_frames.csv,False
/mnt/hdd16T/ToqeerHomeBackup/mujoco_project/outputs/_highrate_overnight/campaign_highrate_truth_v4_expanded42_new20/runs/P052/task_40/scenario40_age65_h1p66_sex_male_w69p0_20260926_153754/fall_scenario40_age65_20260926_153754_highrate_truth.csv,True,/mnt/hdd16T/ToqeerHomeBackup/mujoco_project/outputs/_highrate_overnight/campaign_highrate_truth_v4_expanded42_new20,/mnt/hdd16T/ToqeerHomeBackup/mujoco_project/outputs/_highrate_overnight/campaign_highrate_truth_v4_expanded42_new20/runs/P052/task_40/scenario40_age65_h1p66_sex_male_w69p0_20260926_153754/fall_scenario40_age65_20260926_153754_dynamics_frames.csv,False
/mnt/hdd16T/ToqeerHomeBackup/mujoco_project/outputs/_highrate_overnight/campaign_highrate_truth_v4_expanded42_new20/runs/P052/task_41/scenario41_age65_h1p66_sex_male_w69p0_20260926_153832/fall_scenario41_age65_20260926_153832_highrate_truth.csv,True,/mnt/hdd16T/ToqeerHomeBackup/mujoco_project/outputs/_highrate_overnight/campaign_highrate_truth_v4_expanded42_new20,/mnt/hdd16T/ToqeerHomeBackup/mujoco_project/outputs/_highrate_overnight/campaign_highrate_truth_v4_expanded42_new20/runs/P052/task_41/scenario41_age65_h1p66_sex_male_w69p0_20260926_153832/fall_scenario41_age65_20260926_153832_dynamics_frames.csv,False
/mnt/hdd16T/ToqeerHomeBackup/mujoco_project/outputs/_highrate_overnight/campaign_highrate_truth_v4_expanded42_new20/runs/P052/task_42/scenario42_age65_h1p66_sex_male_w69p0_20260926_153908/fall_scenario42_age65_20260926_153908_highrate_truth.csv,True,/mnt/hdd16T/ToqeerHomeBackup/mujoco_project/outputs/_highrate_overnight/campaign_highrate_truth_v4_expanded42_new20,/mnt/hdd16T/ToqeerHomeBackup/mujoco_project/outputs/_highrate_overnight/campaign_highrate_truth_v4_expanded42_new20/runs/P052/task_42/scenario42_age65_h1p66_sex_male_w69p0_20260926_153908/fall_scenario42_age65_20260926_153908_dynamics_frames.csv,False
/mnt/hdd16T/ToqeerHomeBackup/mujoco_project/outputs/_highrate_overnight/campaign_highrate_truth_v4_expanded42_new20/runs/P053/task_20/scenario20_age68_h1p78_sex_male_w81p0_20260926_153945/fall_scenario20_age68_20260926_153945_highrate_truth.csv,True,/mnt/hdd16T/ToqeerHomeBackup/mujoco_project/outputs/_highrate_overnight/campaign_highrate_truth_v4_expanded42_new20,/mnt/hdd16T/ToqeerHomeBackup/mujoco_project/outputs/_highrate_overnight/campaign_highrate_truth_v4_expanded42_new20/runs/P053/task_20/scenario20_age68_h1p78_sex_male_w81p0_20260926_153945/fall_scenario20_age68_20260926_153945_dynamics_frames.csv,False
/mnt/hdd16T/ToqeerHomeBackup/mujoco_project/outputs/_highrate_overnight/campaign_highrate_truth_v4_expanded42_new20/runs/P053/task_21/scenario21_age68_h1p78_sex_male_w81p0_20260926_154049/fall_scenario21_age68_20260926_154049_highrate_truth.csv,True,/mnt/hdd16T/ToqeerHomeBackup/mujoco_project/outputs/_highrate_overnight/campaign_highrate_truth_v4_expanded42_new20,/mnt/hdd16T/ToqeerHomeBackup/mujoco_project/outputs/_highrate_overnight/campaign_highrate_truth_v4_expanded42_new20/runs/P053/task_21/scenario21_age68_h1p78_sex_male_w81p0_20260926_154049/fall_scenario21_age68_20260926_154049_dynamics_frames.csv,False
/mnt/hdd16T/ToqeerHomeBackup/mujoco_project/outputs/_highrate_overnight/campaign_highrate_truth_v4_expanded42_new20/runs/P053/task_22/scenario22_age68_h1p78_sex_male_w81p0_20260926_154124/fall_scenario22_age68_20260926_154124_highrate_truth.csv,True,/mnt/hdd16T/ToqeerHomeBackup/mujoco_project/outputs/_highrate_overnight/campaign_highrate_truth_v4_expanded42_new20,/mnt/hdd16T/ToqeerHomeBackup/mujoco_project/outputs/_highrate_overnight/campaign_highrate_truth_v4_expanded42_new20/runs/P053/task_22/scenario22_age68_h1p78_sex_male_w81p0_20260926_154124/fall_scenario22_age68_20260926_154124_dynamics_frames.csv,False
/mnt/hdd16T/ToqeerHomeBackup/mujoco_project/outputs/_highrate_overnight/campaign_highrate_truth_v4_expanded42_new20/runs/P053/task_23/scenario23_age68_h1p78_sex_male_w81p0_20260926_154159/fall_scenario23_age68_20260926_154159_highrate_truth.csv,True,/mnt/hdd16T/ToqeerHomeBackup/mujoco_project/outputs/_highrate_overnight/campaign_highrate_truth_v4_expanded42_new20,/mnt/hdd16T/ToqeerHomeBackup/mujoco_project/outputs/_highrate_overnight/campaign_highrate_truth_v4_expanded42_new20/runs/P053/task_23/scenario23_age68_h1p78_sex_male_w81p0_20260926_154159/fall_scenario23_age68_20260926_154159_dynamics_frames.csv,False
/mnt/hdd16T/ToqeerHomeBackup/mujoco_project/outputs/_highrate_overnight/campaign_highrate_truth_v4_expanded42_new20/runs/P053/task_24/scenario24_age68_h1p78_sex_male_w81p0_20260926_154303/fall_scenario24_age68_20260926_154303_highrate_truth.csv,True,/mnt/hdd16T/ToqeerHomeBackup/mujoco_project/outputs/_highrate_overnight/campaign_highrate_truth_v4_expanded42_new20,/mnt/hdd16T/ToqeerHomeBackup/mujoco_project/outputs/_highrate_overnight/campaign_highrate_truth_v4_expanded42_new20/runs/P053/task_24/scenario24_age68_h1p78_sex_male_w81p0_20260926_154303/fall_scenario24_age68_20260926_154303_dynamics_frames.csv,False
/mnt/hdd16T/ToqeerHomeBackup/mujoco_project/outputs/_highrate_overnight/campaign_highrate_truth_v4_expanded42_new20/runs/P053/task_28/scenario28_age68_h1p78_sex_male_w81p0_20260926_154338/fall_scenario28_age68_20260926_154338_highrate_truth.csv,True,/mnt/hdd16T/ToqeerHomeBackup/mujoco_project/outputs/_highrate_overnight/campaign_highrate_truth_v4_expanded42_new20,/mnt/hdd16T/ToqeerHomeBackup/mujoco_project/outputs/_highrate_overnight/campaign_highrate_truth_v4_expanded42_new20/runs/P053/task_28/scenario28_age68_h1p78_sex_male_w81p0_20260926_154338/fall_scenario28_age68_20260926_154338_dynamics_frames.csv,False
/mnt/hdd16T/ToqeerHomeBackup/mujoco_project/outputs/_highrate_overnight/campaign_highrate_truth_v4_expanded42_new20/runs/P053/task_29/scenario29_age68_h1p78_sex_male_w81p0_20260926_154609/fall_scenario29_age68_20260926_154609_highrate_truth.csv,True,/mnt/hdd16T/ToqeerHomeBackup/mujoco_project/outputs/_highrate_overnight/campaign_highrate_truth_v4_expanded42_new20,/mnt/hdd16T/ToqeerHomeBackup/mujoco_project/outputs/_highrate_overnight/campaign_highrate_truth_v4_expanded42_new20/runs/P053/task_29/scenario29_age68_h1p78_sex_male_w81p0_20260926_154609/fall_scenario29_age68_20260926_154609_dynamics_frames.csv,False
/mnt/hdd16T/ToqeerHomeBackup/mujoco_project/outputs/_highrate_overnight/campaign_highrate_truth_v4_expanded42_new20/runs/P053/task_30/scenario30_age68_h1p78_sex_male_w81p0_20260926_154839/fall_scenario30_age68_20260926_154839_highrate_truth.csv,True,/mnt/hdd16T/ToqeerHomeBackup/mujoco_project/outputs/_highrate_overnight/campaign_highrate_truth_v4_expanded42_new20,/mnt/hdd16T/ToqeerHomeBackup/mujoco_project/outputs/_highrate_overnight/campaign_highrate_truth_v4_expanded42_new20/runs/P053/task_30/scenario30_age68_h1p78_sex_male_w81p0_20260926_154839/fall_scenario30_age68_20260926_154839_dynamics_frames.csv,False
/mnt/hdd16T/ToqeerHomeBackup/mujoco_project/outputs/_highrate_overnight/campaign_highrate_truth_v4_expanded42_new20/runs/P053/task_31/scenario31_age68_h1p78_sex_male_w81p0_20260926_155111/fall_scenario31_age68_20260926_155111_highrate_truth.csv,True,/mnt/hdd16T/ToqeerHomeBackup/mujoco_project/outputs/_highrate_overnight/campaign_highrate_truth_v4_expanded42_new20,/mnt/hdd16T/ToqeerHomeBackup/mujoco_project/outputs/_highrate_overnight/campaign_highrate_truth_v4_expanded42_new20/runs/P053/task_31/scenario31_age68_h1p78_sex_male_w81p0_20260926_155111/fall_scenario31_age68_20260926_155111_dynamics_frames.csv,False
/mnt/hdd16T/ToqeerHomeBackup/mujoco_project/outputs/_highrate_overnight/campaign_highrate_truth_v4_expanded42_new20/runs/P053/task_32/scenario32_age68_h1p78_sex_male_w81p0_20260926_155343/fall_scenario32_age68_20260926_155343_highrate_truth.csv,True,/mnt/hdd16T/ToqeerHomeBackup/mujoco_project/outputs/_highrate_overnight/campaign_highrate_truth_v4_expanded42_new20,/mnt/hdd16T/ToqeerHomeBackup/mujoco_project/outputs/_highrate_overnight/campaign_highrate_truth_v4_expanded42_new20/runs/P053/task_32/scenario32_age68_h1p78_sex_male_w81p0_20260926_155343/fall_scenario32_age68_20260926_155343_dynamics_frames.csv,False
/mnt/hdd16T/ToqeerHomeBackup/mujoco_project/outputs/_highrate_overnight/campaign_highrate_truth_v4_expanded42_new20/runs/P053/task_33/scenario33_age68_h1p78_sex_male_w81p0_20260926_155615/fall_scenario33_age68_20260926_155615_highrate_truth.csv,True,/mnt/hdd16T/ToqeerHomeBackup/mujoco_project/outputs/_highrate_overnight/campaign_highrate_truth_v4_expanded42_new20,/mnt/hdd16T/ToqeerHomeBackup/mujoco_project/outputs/_highrate_overnight/campaign_highrate_truth_v4_expanded42_new20/runs/P053/task_33/scenario33_age68_h1p78_sex_male_w81p0_20260926_155615/fall_scenario33_age68_20260926_155615_dynamics_frames.csv,False
/mnt/hdd16T/ToqeerHomeBackup/mujoco_project/outputs/_highrate_overnight/campaign_highrate_truth_v4_expanded42_new20/runs/P053/task_34/scenario34_age68_h1p78_sex_male_w81p0_20260926_155846/fall_scenario34_age68_20260926_155846_highrate_truth.csv,True,/mnt/hdd16T/ToqeerHomeBackup/mujoco_project/outputs/_highrate_overnight/campaign_highrate_truth_v4_expanded42_new20,/mnt/hdd16T/ToqeerHomeBackup/mujoco_project/outputs/_highrate_overnight/campaign_highrate_truth_v4_expanded42_new20/runs/P053/task_34/scenario34_age68_h1p78_sex_male_w81p0_20260926_155846/fall_scenario34_age68_20260926_155846_dynamics_frames.csv,False
/mnt/hdd16T/ToqeerHomeBackup/mujoco_project/outputs/_highrate_overnight/campaign_highrate_truth_v4_expanded42_new20/runs/P053/task_37/scenario37_age68_h1p78_sex_male_w81p0_20260926_160117/fall_scenario37_age68_20260926_160117_highrate_truth.csv,True,/mnt/hdd16T/ToqeerHomeBackup/mujoco_project/outputs/_highrate_overnight/campaign_highrate_truth_v4_expanded42_new20,/mnt/hdd16T/ToqeerHomeBackup/mujoco_project/outputs/_highrate_overnight/campaign_highrate_truth_v4_expanded42_new20/runs/P053/task_37/scenario37_age68_h1p78_sex_male_w81p0_20260926_160117/fall_scenario37_age68_20260926_160117_dynamics_frames.csv,False
/mnt/hdd16T/ToqeerHomeBackup/mujoco_project/outputs/_highrate_overnight/campaign_highrate_truth_v4_expanded42_new20/runs/P053/task_38/scenario38_age68_h1p78_sex_male_w81p0_20260926_160347/fall_scenario38_age68_20260926_160347_highrate_truth.csv,True,/mnt/hdd16T/ToqeerHomeBackup/mujoco_project/outputs/_highrate_overnight/campaign_highrate_truth_v4_expanded42_new20,/mnt/hdd16T/ToqeerHomeBackup/mujoco_project/outputs/_highrate_overnight/campaign_highrate_truth_v4_expanded42_new20/runs/P053/task_38/scenario38_age68_h1p78_sex_male_w81p0_20260926_160347/fall_scenario38_age68_20260926_160347_dynamics_frames.csv,False
/mnt/hdd16T/ToqeerHomeBackup/mujoco_project/outputs/_highrate_overnight/campaign_highrate_truth_v4_expanded42_new20/runs/P053/task_39/scenario39_age68_h1p78_sex_male_w81p0_20260926_160619/fall_scenario39_age68_20260926_160619_highrate_truth.csv,True,/mnt/hdd16T/ToqeerHomeBackup/mujoco_project/outputs/_highrate_overnight/campaign_highrate_truth_v4_expanded42_new20,/mnt/hdd16T/ToqeerHomeBackup/mujoco_project/outputs/_highrate_overnight/campaign_highrate_truth_v4_expanded42_new20/runs/P053/task_39/scenario39_age68_h1p78_sex_male_w81p0_20260926_160619/fall_scenario39_age68_20260926_160619_dynamics_frames.csv,False
/mnt/hdd16T/ToqeerHomeBackup/mujoco_project/outputs/_highrate_overnight/campaign_highrate_truth_v4_expanded42_new20/runs/P053/task_40/scenario40_age68_h1p78_sex_male_w81p0_20260926_160655/fall_scenario40_age68_20260926_160655_highrate_truth.csv,True,/mnt/hdd16T/ToqeerHomeBackup/mujoco_project/outputs/_highrate_overnight/campaign_highrate_truth_v4_expanded42_new20,/mnt/hdd16T/ToqeerHomeBackup/mujoco_project/outputs/_highrate_overnight/campaign_highrate_truth_v4_expanded42_new20/runs/P053/task_40/scenario40_age68_h1p78_sex_male_w81p0_20260926_160655/fall_scenario40_age68_20260926_160655_dynamics_frames.csv,False
/mnt/hdd16T/ToqeerHomeBackup/mujoco_project/outputs/_highrate_overnight/campaign_highrate_truth_v4_expanded42_new20/runs/P053/task_41/scenario41_age68_h1p78_sex_male_w81p0_20260926_160731/fall_scenario41_age68_20260926_160731_highrate_truth.csv,True,/mnt/hdd16T/ToqeerHomeBackup/mujoco_project/outputs/_highrate_overnight/campaign_highrate_truth_v4_expanded42_new20,/mnt/hdd16T/ToqeerHomeBackup/mujoco_project/outputs/_highrate_overnight/campaign_highrate_truth_v4_expanded42_new20/runs/P053/task_41/scenario41_age68_h1p78_sex_male_w81p0_20260926_160731/fall_scenario41_age68_20260926_160731_dynamics_frames.csv,False
/mnt/hdd16T/ToqeerHomeBackup/mujoco_project/outputs/_highrate_overnight/campaign_highrate_truth_v4_expanded42_new20/runs/P053/task_42/scenario42_age68_h1p78_sex_male_w81p0_20260926_160815/fall_scenario42_age68_20260926_160815_highrate_truth.csv,True,/mnt/hdd16T/ToqeerHomeBackup/mujoco_project/outputs/_highrate_overnight/campaign_highrate_truth_v4_expanded42_new20,/mnt/hdd16T/ToqeerHomeBackup/mujoco_project/outputs/_highrate_overnight/campaign_highrate_truth_v4_expanded42_new20/runs/P053/task_42/scenario42_age68_h1p78_sex_male_w81p0_20260926_160815/fall_scenario42_age68_20260926_160815_dynamics_frames.csv,False
/mnt/hdd16T/ToqeerHomeBackup/mujoco_project/outputs/_highrate_overnight/campaign_highrate_truth_v4_expanded42_new20/runs/P054/task_20/scenario20_age72_h1p61_sex_female_w68p0_20260926_160901/fall_scenario20_age72_20260926_160901_highrate_truth.csv,True,/mnt/hdd16T/ToqeerHomeBackup/mujoco_project/outputs/_highrate_overnight/campaign_highrate_truth_v4_expanded42_new20,/mnt/hdd16T/ToqeerHomeBackup/mujoco_project/outputs/_highrate_overnight/campaign_highrate_truth_v4_expanded42_new20/runs/P054/task_20/scenario20_age72_h1p61_sex_female_w68p0_20260926_160901/fall_scenario20_age72_20260926_160901_dynamics_frames.csv,False
/mnt/hdd16T/ToqeerHomeBackup/mujoco_project/outputs/_highrate_overnight/campaign_highrate_truth_v4_expanded42_new20/runs/P054/task_21/scenario21_age72_h1p61_sex_female_w68p0_20260926_161013/fall_scenario21_age72_20260926_161013_highrate_truth.csv,True,/mnt/hdd16T/ToqeerHomeBackup/mujoco_project/outputs/_highrate_overnight/campaign_highrate_truth_v4_expanded42_new20,/mnt/hdd16T/ToqeerHomeBackup/mujoco_project/outputs/_highrate_overnight/campaign_highrate_truth_v4_expanded42_new20/runs/P054/task_21/scenario21_age72_h1p61_sex_female_w68p0_20260926_161013/fall_scenario21_age72_20260926_161013_dynamics_frames.csv,False
/mnt/hdd16T/ToqeerHomeBackup/mujoco_project/outputs/_highrate_overnight/campaign_highrate_truth_v4_expanded42_new20/runs/P054/task_22/scenario22_age72_h1p61_sex_female_w68p0_20260926_161049/fall_scenario22_age72_20260926_161049_highrate_truth.csv,True,/mnt/hdd16T/ToqeerHomeBackup/mujoco_project/outputs/_highrate_overnight/campaign_highrate_truth_v4_expanded42_new20,/mnt/hdd16T/ToqeerHomeBackup/mujoco_project/outputs/_highrate_overnight/campaign_highrate_truth_v4_expanded42_new20/runs/P054/task_22/scenario22_age72_h1p61_sex_female_w68p0_20260926_161049/fall_scenario22_age72_20260926_161049_dynamics_frames.csv,False
/mnt/hdd16T/ToqeerHomeBackup/mujoco_project/outputs/_highrate_overnight/campaign_highrate_truth_v4_expanded42_new20/runs/P054/task_23/scenario23_age72_h1p61_sex_female_w68p0_20260926_161124/fall_scenario23_age72_20260926_161124_highrate_truth.csv,True,/mnt/hdd16T/ToqeerHomeBackup/mujoco_project/outputs/_highrate_overnight/campaign_highrate_truth_v4_expanded42_new20,/mnt/hdd16T/ToqeerHomeBackup/mujoco_project/outputs/_highrate_overnight/campaign_highrate_truth_v4_expanded42_new20/runs/P054/task_23/scenario23_age72_h1p61_sex_female_w68p0_20260926_161124/fall_scenario23_age72_20260926_161124_dynamics_frames.csv,False
/mnt/hdd16T/ToqeerHomeBackup/mujoco_project/outputs/_highrate_overnight/campaign_highrate_truth_v4_expanded42_new20/runs/P054/task_24/scenario24_age72_h1p61_sex_female_w68p0_20260926_161228/fall_scenario24_age72_20260926_161228_highrate_truth.csv,True,/mnt/hdd16T/ToqeerHomeBackup/mujoco_project/outputs/_highrate_overnight/campaign_highrate_truth_v4_expanded42_new20,/mnt/hdd16T/ToqeerHomeBackup/mujoco_project/outputs/_highrate_overnight/campaign_highrate_truth_v4_expanded42_new20/runs/P054/task_24/scenario24_age72_h1p61_sex_female_w68p0_20260926_161228/fall_scenario24_age72_20260926_161228_dynamics_frames.csv,False
/mnt/hdd16T/ToqeerHomeBackup/mujoco_project/outputs/_highrate_overnight/campaign_highrate_truth_v4_expanded42_new20/runs/P054/task_28/scenario28_age72_h1p61_sex_female_w68p0_20260926_161303/fall_scenario28_age72_20260926_161303_highrate_truth.csv,True,/mnt/hdd16T/ToqeerHomeBackup/mujoco_project/outputs/_highrate_overnight/campaign_highrate_truth_v4_expanded42_new20,/mnt/hdd16T/ToqeerHomeBackup/mujoco_project/outputs/_highrate_overnight/campaign_highrate_truth_v4_expanded42_new20/runs/P054/task_28/scenario28_age72_h1p61_sex_female_w68p0_20260926_161303/fall_scenario28_age72_20260926_161303_dynamics_frames.csv,False
/mnt/hdd16T/ToqeerHomeBackup/mujoco_project/outputs/_highrate_overnight/campaign_highrate_truth_v4_expanded42_new20/runs/P054/task_29/scenario29_age72_h1p61_sex_female_w68p0_20260926_161536/fall_scenario29_age72_20260926_161536_highrate_truth.csv,True,/mnt/hdd16T/ToqeerHomeBackup/mujoco_project/outputs/_highrate_overnight/campaign_highrate_truth_v4_expanded42_new20,/mnt/hdd16T/ToqeerHomeBackup/mujoco_project/outputs/_highrate_overnight/campaign_highrate_truth_v4_expanded42_new20/runs/P054/task_29/scenario29_age72_h1p61_sex_female_w68p0_20260926_161536/fall_scenario29_age72_20260926_161536_dynamics_frames.csv,False
/mnt/hdd16T/ToqeerHomeBackup/mujoco_project/outputs/_highrate_overnight/campaign_highrate_truth_v4_expanded42_new20/runs/P054/task_30/scenario30_age72_h1p61_sex_female_w68p0_20260926_161806/fall_scenario30_age72_20260926_161806_highrate_truth.csv,True,/mnt/hdd16T/ToqeerHomeBackup/mujoco_project/outputs/_highrate_overnight/campaign_highrate_truth_v4_expanded42_new20,/mnt/hdd16T/ToqeerHomeBackup/mujoco_project/outputs/_highrate_overnight/campaign_highrate_truth_v4_expanded42_new20/runs/P054/task_30/scenario30_age72_h1p61_sex_female_w68p0_20260926_161806/fall_scenario30_age72_20260926_161806_dynamics_frames.csv,False
/mnt/hdd16T/ToqeerHomeBackup/mujoco_project/outputs/_highrate_overnight/campaign_highrate_truth_v4_expanded42_new20/runs/P054/task_31/scenario31_age72_h1p61_sex_female_w68p0_20260926_162036/fall_scenario31_age72_20260926_162036_highrate_truth.csv,True,/mnt/hdd16T/ToqeerHomeBackup/mujoco_project/outputs/_highrate_overnight/campaign_highrate_truth_v4_expanded42_new20,/mnt/hdd16T/ToqeerHomeBackup/mujoco_project/outputs/_highrate_overnight/campaign_highrate_truth_v4_expanded42_new20/runs/P054/task_31/scenario31_age72_h1p61_sex_female_w68p0_20260926_162036/fall_scenario31_age72_20260926_162036_dynamics_frames.csv,False
/mnt/hdd16T/ToqeerHomeBackup/mujoco_project/outputs/_highrate_overnight/campaign_highrate_truth_v4_expanded42_new20/runs/P054/task_32/scenario32_age72_h1p61_sex_female_w68p0_20260926_162306/fall_scenario32_age72_20260926_162306_highrate_truth.csv,True,/mnt/hdd16T/ToqeerHomeBackup/mujoco_project/outputs/_highrate_overnight/campaign_highrate_truth_v4_expanded42_new20,/mnt/hdd16T/ToqeerHomeBackup/mujoco_project/outputs/_highrate_overnight/campaign_highrate_truth_v4_expanded42_new20/runs/P054/task_32/scenario32_age72_h1p61_sex_female_w68p0_20260926_162306/fall_scenario32_age72_20260926_162306_dynamics_frames.csv,False
/mnt/hdd16T/ToqeerHomeBackup/mujoco_project/outputs/_highrate_overnight/campaign_highrate_truth_v4_expanded42_new20/runs/P054/task_33/scenario33_age72_h1p61_sex_female_w68p0_20260926_162538/fall_scenario33_age72_20260926_162538_highrate_truth.csv,True,/mnt/hdd16T/ToqeerHomeBackup/mujoco_project/outputs/_highrate_overnight/campaign_highrate_truth_v4_expanded42_new20,/mnt/hdd16T/ToqeerHomeBackup/mujoco_project/outputs/_highrate_overnight/campaign_highrate_truth_v4_expanded42_new20/runs/P054/task_33/scenario33_age72_h1p61_sex_female_w68p0_20260926_162538/fall_scenario33_age72_20260926_162538_dynamics_frames.csv,False
/mnt/hdd16T/ToqeerHomeBackup/mujoco_project/outputs/_highrate_overnight/campaign_highrate_truth_v4_expanded42_new20/runs/P054/task_34/scenario34_age72_h1p61_sex_female_w68p0_20260926_162809/fall_scenario34_age72_20260926_162809_highrate_truth.csv,True,/mnt/hdd16T/ToqeerHomeBackup/mujoco_project/outputs/_highrate_overnight/campaign_highrate_truth_v4_expanded42_new20,/mnt/hdd16T/ToqeerHomeBackup/mujoco_project/outputs/_highrate_overnight/campaign_highrate_truth_v4_expanded42_new20/runs/P054/task_34/scenario34_age72_h1p61_sex_female_w68p0_20260926_162809/fall_scenario34_age72_20260926_162809_dynamics_frames.csv,False
/mnt/hdd16T/ToqeerHomeBackup/mujoco_project/outputs/_highrate_overnight/campaign_highrate_truth_v4_expanded42_new20/runs/P054/task_37/scenario37_age72_h1p61_sex_female_w68p0_20260926_163039/fall_scenario37_age72_20260926_163039_highrate_truth.csv,True,/mnt/hdd16T/ToqeerHomeBackup/mujoco_project/outputs/_highrate_overnight/campaign_highrate_truth_v4_expanded42_new20,/mnt/hdd16T/ToqeerHomeBackup/mujoco_project/outputs/_highrate_overnight/campaign_highrate_truth_v4_expanded42_new20/runs/P054/task_37/scenario37_age72_h1p61_sex_female_w68p0_20260926_163039/fall_scenario37_age72_20260926_163039_dynamics_frames.csv,False
/mnt/hdd16T/ToqeerHomeBackup/mujoco_project/outputs/_highrate_overnight/campaign_highrate_truth_v4_expanded42_new20/runs/P054/task_38/scenario38_age72_h1p61_sex_female_w68p0_20260926_163309/fall_scenario38_age72_20260926_163309_highrate_truth.csv,True,/mnt/hdd16T/ToqeerHomeBackup/mujoco_project/outputs/_highrate_overnight/campaign_highrate_truth_v4_expanded42_new20,/mnt/hdd16T/ToqeerHomeBackup/mujoco_project/outputs/_highrate_overnight/campaign_highrate_truth_v4_expanded42_new20/runs/P054/task_38/scenario38_age72_h1p61_sex_female_w68p0_20260926_163309/fall_scenario38_age72_20260926_163309_dynamics_frames.csv,False
/mnt/hdd16T/ToqeerHomeBackup/mujoco_project/outputs/_highrate_overnight/campaign_highrate_truth_v4_expanded42_new20/runs/P054/task_39/scenario39_age72_h1p61_sex_female_w68p0_20260926_163539/fall_scenario39_age72_20260926_163539_highrate_truth.csv,True,/mnt/hdd16T/ToqeerHomeBackup/mujoco_project/outputs/_highrate_overnight/campaign_highrate_truth_v4_expanded42_new20,/mnt/hdd16T/ToqeerHomeBackup/mujoco_project/outputs/_highrate_overnight/campaign_highrate_truth_v4_expanded42_new20/runs/P054/task_39/scenario39_age72_h1p61_sex_female_w68p0_20260926_163539/fall_scenario39_age72_20260926_163539_dynamics_frames.csv,False
/mnt/hdd16T/ToqeerHomeBackup/mujoco_project/outputs/_highrate_overnight/campaign_highrate_truth_v4_expanded42_new20/runs/P054/task_40/scenario40_age72_h1p61_sex_female_w68p0_20260926_163615/fall_scenario40_age72_20260926_163615_highrate_truth.csv,True,/mnt/hdd16T/ToqeerHomeBackup/mujoco_project/outputs/_highrate_overnight/campaign_highrate_truth_v4_expanded42_new20,/mnt/hdd16T/ToqeerHomeBackup/mujoco_project/outputs/_highrate_overnight/campaign_highrate_truth_v4_expanded42_new20/runs/P054/task_40/scenario40_age72_h1p61_sex_female_w68p0_20260926_163615/fall_scenario40_age72_20260926_163615_dynamics_frames.csv,False
/mnt/hdd16T/ToqeerHomeBackup/mujoco_project/outputs/_highrate_overnight/campaign_highrate_truth_v4_expanded42_new20/runs/P054/task_41/scenario41_age72_h1p61_sex_female_w68p0_20260926_163650/fall_scenario41_age72_20260926_163650_highrate_truth.csv,True,/mnt/hdd16T/ToqeerHomeBackup/mujoco_project/outputs/_highrate_overnight/campaign_highrate_truth_v4_expanded42_new20,/mnt/hdd16T/ToqeerHomeBackup/mujoco_project/outputs/_highrate_overnight/campaign_highrate_truth_v4_expanded42_new20/runs/P054/task_41/scenario41_age72_h1p61_sex_female_w68p0_20260926_163650/fall_scenario41_age72_20260926_163650_dynamics_frames.csv,False
/mnt/hdd16T/ToqeerHomeBackup/mujoco_project/outputs/_highrate_overnight/campaign_highrate_truth_v4_expanded42_new20/runs/P054/task_42/scenario42_age72_h1p61_sex_female_w68p0_20260926_163726/fall_scenario42_age72_20260926_163726_highrate_truth.csv,True,/mnt/hdd16T/ToqeerHomeBackup/mujoco_project/outputs/_highrate_overnight/campaign_highrate_truth_v4_expanded42_new20,/mnt/hdd16T/ToqeerHomeBackup/mujoco_project/outputs/_highrate_overnight/campaign_highrate_truth_v4_expanded42_new20/runs/P054/task_42/scenario42_age72_h1p61_sex_female_w68p0_20260926_163726/fall_scenario42_age72_20260926_163726_dynamics_frames.csv,False
/mnt/hdd16T/ToqeerHomeBackup/mujoco_project/outputs/_highrate_overnight/campaign_highrate_truth_v4_expanded42_new20/runs/P055/task_20/scenario20_age76_h1p83_sex_male_w87p0_20260926_163803/fall_scenario20_age76_20260926_163803_highrate_truth.csv,True,/mnt/hdd16T/ToqeerHomeBackup/mujoco_project/outputs/_highrate_overnight/campaign_highrate_truth_v4_expanded42_new20,/mnt/hdd16T/ToqeerHomeBackup/mujoco_project/outputs/_highrate_overnight/campaign_highrate_truth_v4_expanded42_new20/runs/P055/task_20/scenario20_age76_h1p83_sex_male_w87p0_20260926_163803/fall_scenario20_age76_20260926_163803_dynamics_frames.csv,False
/mnt/hdd16T/ToqeerHomeBackup/mujoco_project/outputs/_highrate_overnight/campaign_highrate_truth_v4_expanded42_new20/runs/P055/task_21/scenario21_age76_h1p83_sex_male_w87p0_20260926_163907/fall_scenario21_age76_20260926_163907_highrate_truth.csv,True,/mnt/hdd16T/ToqeerHomeBackup/mujoco_project/outputs/_highrate_overnight/campaign_highrate_truth_v4_expanded42_new20,/mnt/hdd16T/ToqeerHomeBackup/mujoco_project/outputs/_highrate_overnight/campaign_highrate_truth_v4_expanded42_new20/runs/P055/task_21/scenario21_age76_h1p83_sex_male_w87p0_20260926_163907/fall_scenario21_age76_20260926_163907_dynamics_frames.csv,False
/mnt/hdd16T/ToqeerHomeBackup/mujoco_project/outputs/_highrate_overnight/campaign_highrate_truth_v4_expanded42_new20/runs/P055/task_22/scenario22_age76_h1p83_sex_male_w87p0_20260926_163942/fall_scenario22_age76_20260926_163942_highrate_truth.csv,True,/mnt/hdd16T/ToqeerHomeBackup/mujoco_project/outputs/_highrate_overnight/campaign_highrate_truth_v4_expanded42_new20,/mnt/hdd16T/ToqeerHomeBackup/mujoco_project/outputs/_highrate_overnight/campaign_highrate_truth_v4_expanded42_new20/runs/P055/task_22/scenario22_age76_h1p83_sex_male_w87p0_20260926_163942/fall_scenario22_age76_20260926_163942_dynamics_frames.csv,False
/mnt/hdd16T/ToqeerHomeBackup/mujoco_project/outputs/_highrate_overnight/campaign_highrate_truth_v4_expanded42_new20/runs/P055/task_23/scenario23_age76_h1p83_sex_male_w87p0_20260926_164018/fall_scenario23_age76_20260926_164018_highrate_truth.csv,True,/mnt/hdd16T/ToqeerHomeBackup/mujoco_project/outputs/_highrate_overnight/campaign_highrate_truth_v4_expanded42_new20,/mnt/hdd16T/ToqeerHomeBackup/mujoco_project/outputs/_highrate_overnight/campaign_highrate_truth_v4_expanded42_new20/runs/P055/task_23/scenario23_age76_h1p83_sex_male_w87p0_20260926_164018/fall_scenario23_age76_20260926_164018_dynamics_frames.csv,False
/mnt/hdd16T/ToqeerHomeBackup/mujoco_project/outputs/_highrate_overnight/campaign_highrate_truth_v4_expanded42_new20/runs/P055/task_24/scenario24_age76_h1p83_sex_male_w87p0_20260926_164121/fall_scenario24_age76_20260926_164121_highrate_truth.csv,True,/mnt/hdd16T/ToqeerHomeBackup/mujoco_project/outputs/_highrate_overnight/campaign_highrate_truth_v4_expanded42_new20,/mnt/hdd16T/ToqeerHomeBackup/mujoco_project/outputs/_highrate_overnight/campaign_highrate_truth_v4_expanded42_new20/runs/P055/task_24/scenario24_age76_h1p83_sex_male_w87p0_20260926_164121/fall_scenario24_age76_20260926_164121_dynamics_frames.csv,False
/mnt/hdd16T/ToqeerHomeBackup/mujoco_project/outputs/_highrate_overnight/campaign_highrate_truth_v4_expanded42_new20/runs/P055/task_28/scenario28_age76_h1p83_sex_male_w87p0_20260926_164156/fall_scenario28_age76_20260926_164156_highrate_truth.csv,True,/mnt/hdd16T/ToqeerHomeBackup/mujoco_project/outputs/_highrate_overnight/campaign_highrate_truth_v4_expanded42_new20,/mnt/hdd16T/ToqeerHomeBackup/mujoco_project/outputs/_highrate_overnight/campaign_highrate_truth_v4_expanded42_new20/runs/P055/task_28/scenario28_age76_h1p83_sex_male_w87p0_20260926_164156/fall_scenario28_age76_20260926_164156_dynamics_frames.csv,False
/mnt/hdd16T/ToqeerHomeBackup/mujoco_project/outputs/_highrate_overnight/campaign_highrate_truth_v4_expanded42_new20/runs/P055/task_29/scenario29_age76_h1p83_sex_male_w87p0_20260926_164428/fall_scenario29_age76_20260926_164428_highrate_truth.csv,True,/mnt/hdd16T/ToqeerHomeBackup/mujoco_project/outputs/_highrate_overnight/campaign_highrate_truth_v4_expanded42_new20,/mnt/hdd16T/ToqeerHomeBackup/mujoco_project/outputs/_highrate_overnight/campaign_highrate_truth_v4_expanded42_new20/runs/P055/task_29/scenario29_age76_h1p83_sex_male_w87p0_20260926_164428/fall_scenario29_age76_20260926_164428_dynamics_frames.csv,False
/mnt/hdd16T/ToqeerHomeBackup/mujoco_project/outputs/_highrate_overnight/campaign_highrate_truth_v4_expanded42_new20/runs/P055/task_30/scenario30_age76_h1p83_sex_male_w87p0_20260926_164659/fall_scenario30_age76_20260926_164659_highrate_truth.csv,True,/mnt/hdd16T/ToqeerHomeBackup/mujoco_project/outputs/_highrate_overnight/campaign_highrate_truth_v4_expanded42_new20,/mnt/hdd16T/ToqeerHomeBackup/mujoco_project/outputs/_highrate_overnight/campaign_highrate_truth_v4_expanded42_new20/runs/P055/task_30/scenario30_age76_h1p83_sex_male_w87p0_20260926_164659/fall_scenario30_age76_20260926_164659_dynamics_frames.csv,False
/mnt/hdd16T/ToqeerHomeBackup/mujoco_project/outputs/_highrate_overnight/campaign_highrate_truth_v4_expanded42_new20/runs/P055/task_31/scenario31_age76_h1p83_sex_male_w87p0_20260926_164931/fall_scenario31_age76_20260926_164931_highrate_truth.csv,True,/mnt/hdd16T/ToqeerHomeBackup/mujoco_project/outputs/_highrate_overnight/campaign_highrate_truth_v4_expanded42_new20,/mnt/hdd16T/ToqeerHomeBackup/mujoco_project/outputs/_highrate_overnight/campaign_highrate_truth_v4_expanded42_new20/runs/P055/task_31/scenario31_age76_h1p83_sex_male_w87p0_20260926_164931/fall_scenario31_age76_20260926_164931_dynamics_frames.csv,False
/mnt/hdd16T/ToqeerHomeBackup/mujoco_project/outputs/_highrate_overnight/campaign_highrate_truth_v4_expanded42_new20/runs/P055/task_32/scenario32_age76_h1p83_sex_male_w87p0_20260926_165202/fall_scenario32_age76_20260926_165202_highrate_truth.csv,True,/mnt/hdd16T/ToqeerHomeBackup/mujoco_project/outputs/_highrate_overnight/campaign_highrate_truth_v4_expanded42_new20,/mnt/hdd16T/ToqeerHomeBackup/mujoco_project/outputs/_highrate_overnight/campaign_highrate_truth_v4_expanded42_new20/runs/P055/task_32/scenario32_age76_h1p83_sex_male_w87p0_20260926_165202/fall_scenario32_age76_20260926_165202_dynamics_frames.csv,False
/mnt/hdd16T/ToqeerHomeBackup/mujoco_project/outputs/_highrate_overnight/campaign_highrate_truth_v4_expanded42_new20/runs/P055/task_33/scenario33_age76_h1p83_sex_male_w87p0_20260926_165433/fall_scenario33_age76_20260926_165433_highrate_truth.csv,True,/mnt/hdd16T/ToqeerHomeBackup/mujoco_project/outputs/_highrate_overnight/campaign_highrate_truth_v4_expanded42_new20,/mnt/hdd16T/ToqeerHomeBackup/mujoco_project/outputs/_highrate_overnight/campaign_highrate_truth_v4_expanded42_new20/runs/P055/task_33/scenario33_age76_h1p83_sex_male_w87p0_20260926_165433/fall_scenario33_age76_20260926_165433_dynamics_frames.csv,False
/mnt/hdd16T/ToqeerHomeBackup/mujoco_project/outputs/_highrate_overnight/campaign_highrate_truth_v4_expanded42_new20/runs/P055/task_34/scenario34_age76_h1p83_sex_male_w87p0_20260926_165705/fall_scenario34_age76_20260926_165705_highrate_truth.csv,True,/mnt/hdd16T/ToqeerHomeBackup/mujoco_project/outputs/_highrate_overnight/campaign_highrate_truth_v4_expanded42_new20,/mnt/hdd16T/ToqeerHomeBackup/mujoco_project/outputs/_highrate_overnight/campaign_highrate_truth_v4_expanded42_new20/runs/P055/task_34/scenario34_age76_h1p83_sex_male_w87p0_20260926_165705/fall_scenario34_age76_20260926_165705_dynamics_frames.csv,False
/mnt/hdd16T/ToqeerHomeBackup/mujoco_project/outputs/_highrate_overnight/campaign_highrate_truth_v4_expanded42_new20/runs/P055/task_37/scenario37_age76_h1p83_sex_male_w87p0_20260926_165938/fall_scenario37_age76_20260926_165938_highrate_truth.csv,True,/mnt/hdd16T/ToqeerHomeBackup/mujoco_project/outputs/_highrate_overnight/campaign_highrate_truth_v4_expanded42_new20,/mnt/hdd16T/ToqeerHomeBackup/mujoco_project/outputs/_highrate_overnight/campaign_highrate_truth_v4_expanded42_new20/runs/P055/task_37/scenario37_age76_h1p83_sex_male_w87p0_20260926_165938/fall_scenario37_age76_20260926_165938_dynamics_frames.csv,False
/mnt/hdd16T/ToqeerHomeBackup/mujoco_project/outputs/_highrate_overnight/campaign_highrate_truth_v4_expanded42_new20/runs/P055/task_38/scenario38_age76_h1p83_sex_male_w87p0_20260926_170210/fall_scenario38_age76_20260926_170210_highrate_truth.csv,True,/mnt/hdd16T/ToqeerHomeBackup/mujoco_project/outputs/_highrate_overnight/campaign_highrate_truth_v4_expanded42_new20,/mnt/hdd16T/ToqeerHomeBackup/mujoco_project/outputs/_highrate_overnight/campaign_highrate_truth_v4_expanded42_new20/runs/P055/task_38/scenario38_age76_h1p83_sex_male_w87p0_20260926_170210/fall_scenario38_age76_20260926_170210_dynamics_frames.csv,False
/mnt/hdd16T/ToqeerHomeBackup/mujoco_project/outputs/_highrate_overnight/campaign_highrate_truth_v4_expanded42_new20/runs/P055/task_39/scenario39_age76_h1p83_sex_male_w87p0_20260926_170441/fall_scenario39_age76_20260926_170441_highrate_truth.csv,True,/mnt/hdd16T/ToqeerHomeBackup/mujoco_project/outputs/_highrate_overnight/campaign_highrate_truth_v4_expanded42_new20,/mnt/hdd16T/ToqeerHomeBackup/mujoco_project/outputs/_highrate_overnight/campaign_highrate_truth_v4_expanded42_new20/runs/P055/task_39/scenario39_age76_h1p83_sex_male_w87p0_20260926_170441/fall_scenario39_age76_20260926_170441_dynamics_frames.csv,False
/mnt/hdd16T/ToqeerHomeBackup/mujoco_project/outputs/_highrate_overnight/campaign_highrate_truth_v4_expanded42_new20/runs/P055/task_40/scenario40_age76_h1p83_sex_male_w87p0_20260926_170517/fall_scenario40_age76_20260926_170517_highrate_truth.csv,True,/mnt/hdd16T/ToqeerHomeBackup/mujoco_project/outputs/_highrate_overnight/campaign_highrate_truth_v4_expanded42_new20,/mnt/hdd16T/ToqeerHomeBackup/mujoco_project/outputs/_highrate_overnight/campaign_highrate_truth_v4_expanded42_new20/runs/P055/task_40/scenario40_age76_h1p83_sex_male_w87p0_20260926_170517/fall_scenario40_age76_20260926_170517_dynamics_frames.csv,False
/mnt/hdd16T/ToqeerHomeBackup/mujoco_project/outputs/_highrate_overnight/campaign_highrate_truth_v4_expanded42_new20/runs/P055/task_41/scenario41_age76_h1p83_sex_male_w87p0_20260926_170552/fall_scenario41_age76_20260926_170552_highrate_truth.csv,True,/mnt/hdd16T/ToqeerHomeBackup/mujoco_project/outputs/_highrate_overnight/campaign_highrate_truth_v4_expanded42_new20,/mnt/hdd16T/ToqeerHomeBackup/mujoco_project/outputs/_highrate_overnight/campaign_highrate_truth_v4_expanded42_new20/runs/P055/task_41/scenario41_age76_h1p83_sex_male_w87p0_20260926_170552/fall_scenario41_age76_20260926_170552_dynamics_frames.csv,False
/mnt/hdd16T/ToqeerHomeBackup/mujoco_project/outputs/_highrate_overnight/campaign_highrate_truth_v4_expanded42_new20/runs/P055/task_42/scenario42_age76_h1p83_sex_male_w87p0_20260926_170629/fall_scenario42_age76_20260926_170629_highrate_truth.csv,True,/mnt/hdd16T/ToqeerHomeBackup/mujoco_project/outputs/_highrate_overnight/campaign_highrate_truth_v4_expanded42_new20,/mnt/hdd16T/ToqeerHomeBackup/mujoco_project/outputs/_highrate_overnight/campaign_highrate_truth_v4_expanded42_new20/runs/P055/task_42/scenario42_age76_h1p83_sex_male_w87p0_20260926_170629/fall_scenario42_age76_20260926_170629_dynamics_frames.csv,False
