profile_id,task_id,source_run_dir,truth_csv,fall_onset_time_s,original_manifest_impact_time_s,cnn_recovered_impact_time_s,cnn_lead_time_ms,fall_samples_100hz,raw_falling_window_count,raw_activity_window_count,cnn_event_order_valid,cnn_event_inside_truth,cnn_fall_eligible,impact_recovery_source,repository_methods_agree,recovery_status,event_policy_version,eligibility_policy,sampling_rate_hz,window_samples,stride_samples,nominal_window_ms,window_overlap_percent,cnn_exclusion_reason
P014,20,/mnt/hdd16T/ToqeerHomeBackup/mujoco_project/outputs/_highrate_overnight/campaign_highrate_truth_v3_rne_corrected396/runs/P014/task_20/scenario20_age20_h1p52_sex_female_w48p0_20260826_105752,/mnt/hdd16T/ToqeerHomeBackup/mujoco_project/outputs/_highrate_overnight/campaign_highrate_truth_v3_rne_corrected396/runs/P014/task_20/scenario20_age20_h1p52_sex_female_w48p0_20260826_105752/fall_scenario20_age20_20260826_105752_highrate_truth.csv,6.266666666666894,6.533333333333602,6.5733,306.6333333331057,31,1,40,True,True,True,peak_impact_magnitude_within_3s_after_fall_onset,True,ok,repository_peak_impact_magnitude_within_3s_after_fall_onset_v2,>=30 actual samples on corrected 100Hz grid and >=1 complete 30-sample window,100,30,15,300,50,
P014,21,/mnt/hdd16T/ToqeerHomeBackup/mujoco_project/outputs/_highrate_overnight/campaign_highrate_truth_v3_rne_corrected396/runs/P014/task_21/scenario21_age20_h1p52_sex_female_w48p0_20260826_110527,/mnt/hdd16T/ToqeerHomeBackup/mujoco_project/outputs/_highrate_overnight/campaign_highrate_truth_v3_rne_corrected396/runs/P014/task_21/scenario21_age20_h1p52_sex_female_w48p0_20260826_110527/fall_scenario21_age20_20260826_110527_highrate_truth.csv,5.500000000000108,5.6666666666668,5.8333,333.299999999892,34,1,35,True,True,True,peak_impact_magnitude_within_3s_after_fall_onset,True,ok,repository_peak_impact_magnitude_within_3s_after_fall_onset_v2,>=30 actual samples on corrected 100Hz grid and >=1 complete 30-sample window,100,30,15,300,50,
P014,22,/mnt/hdd16T/ToqeerHomeBackup/mujoco_project/outputs/_highrate_overnight/campaign_highrate_truth_v3_rne_corrected396/runs/P014/task_22/scenario22_age20_h1p52_sex_female_w48p0_20260826_110608,/mnt/hdd16T/ToqeerHomeBackup/mujoco_project/outputs/_highrate_overnight/campaign_highrate_truth_v3_rne_corrected396/runs/P014/task_22/scenario22_age20_h1p52_sex_female_w48p0_20260826_110608/fall_scenario22_age20_20260826_110608_highrate_truth.csv,5.500000000000108,5.500000000000108,5.6333,133.29999999989184,14,0,35,True,True,False,peak_impact_magnitude_within_3s_after_fall_onset,True,ok,repository_peak_impact_magnitude_within_3s_after_fall_onset_v2,>=30 actual samples on corrected 100Hz grid and >=1 complete 30-sample window,100,30,15,300,50,recovered_interval_shorter_than_30_samples
P014,23,/mnt/hdd16T/ToqeerHomeBackup/mujoco_project/outputs/_highrate_overnight/campaign_highrate_truth_v3_rne_corrected396/runs/P014/task_23/scenario23_age20_h1p52_sex_female_w48p0_20260826_110646,/mnt/hdd16T/ToqeerHomeBackup/mujoco_project/outputs/_highrate_overnight/campaign_highrate_truth_v3_rne_corrected396/runs/P014/task_23/scenario23_age20_h1p52_sex_female_w48p0_20260826_110646/fall_scenario23_age20_20260826_110646_highrate_truth.csv,6.266666666666894,6.600000000000279,7.3633,1096.6333333331058,110,6,40,True,True,True,peak_impact_magnitude_within_3s_after_fall_onset,True,ok,repository_peak_impact_magnitude_within_3s_after_fall_onset_v2,>=30 actual samples on corrected 100Hz grid and >=1 complete 30-sample window,100,30,15,300,50,
P014,24,/mnt/hdd16T/ToqeerHomeBackup/mujoco_project/outputs/_highrate_overnight/campaign_highrate_truth_v3_rne_corrected396/runs/P014/task_24/scenario24_age20_h1p52_sex_female_w48p0_20260826_110754,/mnt/hdd16T/ToqeerHomeBackup/mujoco_project/outputs/_highrate_overnight/campaign_highrate_truth_v3_rne_corrected396/runs/P014/task_24/scenario24_age20_h1p52_sex_female_w48p0_20260826_110754/fall_scenario24_age20_20260826_110754_highrate_truth.csv,5.466666666666769,5.866666666666832,5.9033,436.6333333332309,44,1,35,True,True,True,peak_impact_magnitude_within_3s_after_fall_onset,True,ok,repository_peak_impact_magnitude_within_3s_after_fall_onset_v2,>=30 actual samples on corrected 100Hz grid and >=1 complete 30-sample window,100,30,15,300,50,
P014,28,/mnt/hdd16T/ToqeerHomeBackup/mujoco_project/outputs/_highrate_overnight/campaign_highrate_truth_v3_rne_corrected396/runs/P014/task_28/scenario28_age20_h1p52_sex_female_w48p0_20260826_110832,/mnt/hdd16T/ToqeerHomeBackup/mujoco_project/outputs/_highrate_overnight/campaign_highrate_truth_v3_rne_corrected396/runs/P014/task_28/scenario28_age20_h1p52_sex_female_w48p0_20260826_110832/fall_scenario28_age20_20260826_110832_highrate_truth.csv,16.966666666668566,17.80000000000203,18.1033,1136.633333331435,114,6,112,True,True,True,peak_impact_magnitude_within_3s_after_fall_onset,True,ok,repository_peak_impact_magnitude_within_3s_after_fall_onset_v2,>=30 actual samples on corrected 100Hz grid and >=1 complete 30-sample window,100,30,15,300,50,
P014,29,/mnt/hdd16T/ToqeerHomeBackup/mujoco_project/outputs/_highrate_overnight/campaign_highrate_truth_v3_rne_corrected396/runs/P014/task_29/scenario29_age20_h1p52_sex_female_w48p0_20260826_111114,/mnt/hdd16T/ToqeerHomeBackup/mujoco_project/outputs/_highrate_overnight/campaign_highrate_truth_v3_rne_corrected396/runs/P014/task_29/scenario29_age20_h1p52_sex_female_w48p0_20260826_111114/fall_scenario29_age20_20260826_111114_highrate_truth.csv,17.400000000001967,17.900000000002045,17.9033,503.2999999980348,51,2,115,True,True,True,peak_impact_magnitude_within_3s_after_fall_onset,True,ok,repository_peak_impact_magnitude_within_3s_after_fall_onset_v2,>=30 actual samples on corrected 100Hz grid and >=1 complete 30-sample window,100,30,15,300,50,
P014,30,/mnt/hdd16T/ToqeerHomeBackup/mujoco_project/outputs/_highrate_overnight/campaign_highrate_truth_v3_rne_corrected396/runs/P014/task_30/scenario30_age20_h1p52_sex_female_w48p0_20260826_111356,/mnt/hdd16T/ToqeerHomeBackup/mujoco_project/outputs/_highrate_overnight/campaign_highrate_truth_v3_rne_corrected396/runs/P014/task_30/scenario30_age20_h1p52_sex_female_w48p0_20260826_111356/fall_scenario30_age20_20260826_111356_highrate_truth.csv,16.86666666666855,17.53333333333532,17.0333,166.63333333145047,17,0,111,True,True,False,peak_impact_magnitude_within_3s_after_fall_onset,True,ok,repository_peak_impact_magnitude_within_3s_after_fall_onset_v2,>=30 actual samples on corrected 100Hz grid and >=1 complete 30-sample window,100,30,15,300,50,recovered_interval_shorter_than_30_samples
P014,31,/mnt/hdd16T/ToqeerHomeBackup/mujoco_project/outputs/_highrate_overnight/campaign_highrate_truth_v3_rne_corrected396/runs/P014/task_31/scenario31_age20_h1p52_sex_female_w48p0_20260826_111638,/mnt/hdd16T/ToqeerHomeBackup/mujoco_project/outputs/_highrate_overnight/campaign_highrate_truth_v3_rne_corrected396/runs/P014/task_31/scenario31_age20_h1p52_sex_female_w48p0_20260826_111638/fall_scenario31_age20_20260826_111638_highrate_truth.csv,16.86666666666855,18.300000000002107,16.9333,66.63333333144905,7,0,111,True,True,False,peak_impact_magnitude_within_3s_after_fall_onset,True,ok,repository_peak_impact_magnitude_within_3s_after_fall_onset_v2,>=30 actual samples on corrected 100Hz grid and >=1 complete 30-sample window,100,30,15,300,50,recovered_interval_shorter_than_30_samples
P014,32,/mnt/hdd16T/ToqeerHomeBackup/mujoco_project/outputs/_highrate_overnight/campaign_highrate_truth_v3_rne_corrected396/runs/P014/task_32/scenario32_age20_h1p52_sex_female_w48p0_20260826_111920,/mnt/hdd16T/ToqeerHomeBackup/mujoco_project/outputs/_highrate_overnight/campaign_highrate_truth_v3_rne_corrected396/runs/P014/task_32/scenario32_age20_h1p52_sex_female_w48p0_20260826_111920/fall_scenario32_age20_20260826_111920_highrate_truth.csv,17.53333333333532,17.80000000000203,17.9033,369.9666666646806,37,1,115,True,True,True,peak_impact_magnitude_within_3s_after_fall_onset,True,ok,repository_peak_impact_magnitude_within_3s_after_fall_onset_v2,>=30 actual samples on corrected 100Hz grid and >=1 complete 30-sample window,100,30,15,300,50,
P014,33,/mnt/hdd16T/ToqeerHomeBackup/mujoco_project/outputs/_highrate_overnight/campaign_highrate_truth_v3_rne_corrected396/runs/P014/task_33/scenario33_age20_h1p52_sex_female_w48p0_20260826_112201,/mnt/hdd16T/ToqeerHomeBackup/mujoco_project/outputs/_highrate_overnight/campaign_highrate_truth_v3_rne_corrected396/runs/P014/task_33/scenario33_age20_h1p52_sex_female_w48p0_20260826_112201/fall_scenario33_age20_20260826_112201_highrate_truth.csv,17.633333333335337,17.900000000002045,18.3033,669.9666666646635,67,3,116,True,True,True,peak_impact_magnitude_within_3s_after_fall_onset,True,ok,repository_peak_impact_magnitude_within_3s_after_fall_onset_v2,>=30 actual samples on corrected 100Hz grid and >=1 complete 30-sample window,100,30,15,300,50,
P014,34,/mnt/hdd16T/ToqeerHomeBackup/mujoco_project/outputs/_highrate_overnight/campaign_highrate_truth_v3_rne_corrected396/runs/P014/task_34/scenario34_age20_h1p52_sex_female_w48p0_20260826_112444,/mnt/hdd16T/ToqeerHomeBackup/mujoco_project/outputs/_highrate_overnight/campaign_highrate_truth_v3_rne_corrected396/runs/P014/task_34/scenario34_age20_h1p52_sex_female_w48p0_20260826_112444/fall_scenario34_age20_20260826_112444_highrate_truth.csv,17.500000000001982,17.733333333335352,19.1333,1633.299999998016,164,9,115,True,True,True,peak_impact_magnitude_within_3s_after_fall_onset,True,ok,repository_peak_impact_magnitude_within_3s_after_fall_onset_v2,>=30 actual samples on corrected 100Hz grid and >=1 complete 30-sample window,100,30,15,300,50,
P014,37,/mnt/hdd16T/ToqeerHomeBackup/mujoco_project/outputs/_highrate_overnight/campaign_highrate_truth_v3_rne_corrected396/runs/P014/task_37/scenario37_age20_h1p52_sex_female_w48p0_20260826_112725,/mnt/hdd16T/ToqeerHomeBackup/mujoco_project/outputs/_highrate_overnight/campaign_highrate_truth_v3_rne_corrected396/runs/P014/task_37/scenario37_age20_h1p52_sex_female_w48p0_20260826_112725/fall_scenario37_age20_20260826_112725_highrate_truth.csv,17.53333333333532,18.10000000000208,17.8633,329.96666666467786,33,1,115,True,True,True,peak_impact_magnitude_within_3s_after_fall_onset,True,ok,repository_peak_impact_magnitude_within_3s_after_fall_onset_v2,>=30 actual samples on corrected 100Hz grid and >=1 complete 30-sample window,100,30,15,300,50,
P014,38,/mnt/hdd16T/ToqeerHomeBackup/mujoco_project/outputs/_highrate_overnight/campaign_highrate_truth_v3_rne_corrected396/runs/P014/task_38/scenario38_age20_h1p52_sex_female_w48p0_20260826_113007,/mnt/hdd16T/ToqeerHomeBackup/mujoco_project/outputs/_highrate_overnight/campaign_highrate_truth_v3_rne_corrected396/runs/P014/task_38/scenario38_age20_h1p52_sex_female_w48p0_20260826_113007/fall_scenario38_age20_20260826_113007_highrate_truth.csv,6.36666666666691,6.6666666666669565,6.6333,266.6333333330906,27,0,41,True,True,False,peak_impact_magnitude_within_3s_after_fall_onset,True,ok,repository_peak_impact_magnitude_within_3s_after_fall_onset_v2,>=30 actual samples on corrected 100Hz grid and >=1 complete 30-sample window,100,30,15,300,50,recovered_interval_shorter_than_30_samples
P014,39,/mnt/hdd16T/ToqeerHomeBackup/mujoco_project/outputs/_highrate_overnight/campaign_highrate_truth_v3_rne_corrected396/runs/P014/task_39/scenario39_age20_h1p52_sex_female_w48p0_20260826_113250,/mnt/hdd16T/ToqeerHomeBackup/mujoco_project/outputs/_highrate_overnight/campaign_highrate_truth_v3_rne_corrected396/runs/P014/task_39/scenario39_age20_h1p52_sex_female_w48p0_20260826_113250/fall_scenario39_age20_20260826_113250_highrate_truth.csv,5.866666666666832,6.166666666666878,6.2033,336.63333333316723,34,1,38,True,True,True,peak_impact_magnitude_within_3s_after_fall_onset,True,ok,repository_peak_impact_magnitude_within_3s_after_fall_onset_v2,>=30 actual samples on corrected 100Hz grid and >=1 complete 30-sample window,100,30,15,300,50,
P014,40,/mnt/hdd16T/ToqeerHomeBackup/mujoco_project/outputs/_highrate_overnight/campaign_highrate_truth_v3_rne_corrected396/runs/P014/task_40/scenario40_age20_h1p52_sex_female_w48p0_20260826_113329,/mnt/hdd16T/ToqeerHomeBackup/mujoco_project/outputs/_highrate_overnight/campaign_highrate_truth_v3_rne_corrected396/runs/P014/task_40/scenario40_age20_h1p52_sex_female_w48p0_20260826_113329/fall_scenario40_age20_20260826_113329_highrate_truth.csv,5.9333333333335085,6.3000000000002325,6.2633,329.9666666664916,33,1,38,True,True,True,peak_impact_magnitude_within_3s_after_fall_onset,True,ok,repository_peak_impact_magnitude_within_3s_after_fall_onset_v2,>=30 actual samples on corrected 100Hz grid and >=1 complete 30-sample window,100,30,15,300,50,
P014,41,/mnt/hdd16T/ToqeerHomeBackup/mujoco_project/outputs/_highrate_overnight/campaign_highrate_truth_v3_rne_corrected396/runs/P014/task_41/scenario41_age20_h1p52_sex_female_w48p0_20260826_113408,/mnt/hdd16T/ToqeerHomeBackup/mujoco_project/outputs/_highrate_overnight/campaign_highrate_truth_v3_rne_corrected396/runs/P014/task_41/scenario41_age20_h1p52_sex_female_w48p0_20260826_113408/fall_scenario41_age20_20260826_113408_highrate_truth.csv,6.166666666666878,6.766666666666972,6.4033,236.6333333331214,24,0,40,True,True,False,peak_impact_magnitude_within_3s_after_fall_onset,True,ok,repository_peak_impact_magnitude_within_3s_after_fall_onset_v2,>=30 actual samples on corrected 100Hz grid and >=1 complete 30-sample window,100,30,15,300,50,recovered_interval_shorter_than_30_samples
P014,42,/mnt/hdd16T/ToqeerHomeBackup/mujoco_project/outputs/_highrate_overnight/campaign_highrate_truth_v3_rne_corrected396/runs/P014/task_42/scenario42_age20_h1p52_sex_female_w48p0_20260826_113447,/mnt/hdd16T/ToqeerHomeBackup/mujoco_project/outputs/_highrate_overnight/campaign_highrate_truth_v3_rne_corrected396/runs/P014/task_42/scenario42_age20_h1p52_sex_female_w48p0_20260826_113447/fall_scenario42_age20_20260826_113447_highrate_truth.csv,5.766666666666816,5.966666666666847,6.2333,466.633333333184,47,2,37,True,True,True,peak_impact_magnitude_within_3s_after_fall_onset,True,ok,repository_peak_impact_magnitude_within_3s_after_fall_onset_v2,>=30 actual samples on corrected 100Hz grid and >=1 complete 30-sample window,100,30,15,300,50,
P015,20,/mnt/hdd16T/ToqeerHomeBackup/mujoco_project/outputs/_highrate_overnight/campaign_highrate_truth_v3_rne_corrected396/runs/P015/task_20/scenario20_age23_h1p74_sex_female_w68p0_20260826_113527,/mnt/hdd16T/ToqeerHomeBackup/mujoco_project/outputs/_highrate_overnight/campaign_highrate_truth_v3_rne_corrected396/runs/P015/task_20/scenario20_age23_h1p74_sex_female_w68p0_20260826_113527/fall_scenario20_age23_20260826_113527_highrate_truth.csv,5.966666666666847,6.533333333333602,6.6333,666.6333333331531,67,3,38,True,True,True,peak_impact_magnitude_within_3s_after_fall_onset,True,ok,repository_peak_impact_magnitude_within_3s_after_fall_onset_v2,>=30 actual samples on corrected 100Hz grid and >=1 complete 30-sample window,100,30,15,300,50,
P015,21,/mnt/hdd16T/ToqeerHomeBackup/mujoco_project/outputs/_highrate_overnight/campaign_highrate_truth_v3_rne_corrected396/runs/P015/task_21/scenario21_age23_h1p74_sex_female_w68p0_20260826_113635,/mnt/hdd16T/ToqeerHomeBackup/mujoco_project/outputs/_highrate_overnight/campaign_highrate_truth_v3_rne_corrected396/runs/P015/task_21/scenario21_age23_h1p74_sex_female_w68p0_20260826_113635/fall_scenario21_age23_20260826_113635_highrate_truth.csv,5.500000000000108,5.700000000000139,5.7033,203.29999999989124,21,0,35,True,True,False,peak_impact_magnitude_within_3s_after_fall_onset,True,ok,repository_peak_impact_magnitude_within_3s_after_fall_onset_v2,>=30 actual samples on corrected 100Hz grid and >=1 complete 30-sample window,100,30,15,300,50,recovered_interval_shorter_than_30_samples
P015,22,/mnt/hdd16T/ToqeerHomeBackup/mujoco_project/outputs/_highrate_overnight/campaign_highrate_truth_v3_rne_corrected396/runs/P015/task_22/scenario22_age23_h1p74_sex_female_w68p0_20260826_113713,/mnt/hdd16T/ToqeerHomeBackup/mujoco_project/outputs/_highrate_overnight/campaign_highrate_truth_v3_rne_corrected396/runs/P015/task_22/scenario22_age23_h1p74_sex_female_w68p0_20260826_113713/fall_scenario22_age23_20260826_113713_highrate_truth.csv,5.500000000000108,5.700000000000139,5.7033,203.29999999989124,21,0,35,True,True,False,peak_impact_magnitude_within_3s_after_fall_onset,True,ok,repository_peak_impact_magnitude_within_3s_after_fall_onset_v2,>=30 actual samples on corrected 100Hz grid and >=1 complete 30-sample window,100,30,15,300,50,recovered_interval_shorter_than_30_samples
P015,23,/mnt/hdd16T/ToqeerHomeBackup/mujoco_project/outputs/_highrate_overnight/campaign_highrate_truth_v3_rne_corrected396/runs/P015/task_23/scenario23_age23_h1p74_sex_female_w68p0_20260826_113751,/mnt/hdd16T/ToqeerHomeBackup/mujoco_project/outputs/_highrate_overnight/campaign_highrate_truth_v3_rne_corrected396/runs/P015/task_23/scenario23_age23_h1p74_sex_female_w68p0_20260826_113751/fall_scenario23_age23_20260826_113751_highrate_truth.csv,6.000000000000186,9.10000000000067,6.6633,663.299999999814,67,3,39,True,True,True,peak_impact_magnitude_within_3s_after_fall_onset,True,ok,repository_peak_impact_magnitude_within_3s_after_fall_onset_v2,>=30 actual samples on corrected 100Hz grid and >=1 complete 30-sample window,100,30,15,300,50,
P015,24,/mnt/hdd16T/ToqeerHomeBackup/mujoco_project/outputs/_highrate_overnight/campaign_highrate_truth_v3_rne_corrected396/runs/P015/task_24/scenario24_age23_h1p74_sex_female_w68p0_20260826_113859,/mnt/hdd16T/ToqeerHomeBackup/mujoco_project/outputs/_highrate_overnight/campaign_highrate_truth_v3_rne_corrected396/runs/P015/task_24/scenario24_age23_h1p74_sex_female_w68p0_20260826_113859/fall_scenario24_age23_20260826_113859_highrate_truth.csv,5.500000000000108,11.100000000000982,6.6033,1103.2999999998915,111,6,35,True,True,True,peak_impact_magnitude_within_3s_after_fall_onset,True,ok,repository_peak_impact_magnitude_within_3s_after_fall_onset_v2,>=30 actual samples on corrected 100Hz grid and >=1 complete 30-sample window,100,30,15,300,50,
P015,28,/mnt/hdd16T/ToqeerHomeBackup/mujoco_project/outputs/_highrate_overnight/campaign_highrate_truth_v3_rne_corrected396/runs/P015/task_28/scenario28_age23_h1p74_sex_female_w68p0_20260826_113937,/mnt/hdd16T/ToqeerHomeBackup/mujoco_project/outputs/_highrate_overnight/campaign_highrate_truth_v3_rne_corrected396/runs/P015/task_28/scenario28_age23_h1p74_sex_female_w68p0_20260826_113937/fall_scenario28_age23_20260826_113937_highrate_truth.csv,16.733333333335196,17.166666666668597,17.1633,429.96666666480365,43,1,110,True,True,True,peak_impact_magnitude_within_3s_after_fall_onset,True,ok,repository_peak_impact_magnitude_within_3s_after_fall_onset_v2,>=30 actual samples on corrected 100Hz grid and >=1 complete 30-sample window,100,30,15,300,50,
P015,29,/mnt/hdd16T/ToqeerHomeBackup/mujoco_project/outputs/_highrate_overnight/campaign_highrate_truth_v3_rne_corrected396/runs/P015/task_29/scenario29_age23_h1p74_sex_female_w68p0_20260826_114220,/mnt/hdd16T/ToqeerHomeBackup/mujoco_project/outputs/_highrate_overnight/campaign_highrate_truth_v3_rne_corrected396/runs/P015/task_29/scenario29_age23_h1p74_sex_female_w68p0_20260826_114220/fall_scenario29_age23_20260826_114220_highrate_truth.csv,17.13333333333526,17.666666666668675,17.7633,629.9666666647425,63,3,113,True,True,True,peak_impact_magnitude_within_3s_after_fall_onset,True,ok,repository_peak_impact_magnitude_within_3s_after_fall_onset_v2,>=30 actual samples on corrected 100Hz grid and >=1 complete 30-sample window,100,30,15,300,50,
P015,30,/mnt/hdd16T/ToqeerHomeBackup/mujoco_project/outputs/_highrate_overnight/campaign_highrate_truth_v3_rne_corrected396/runs/P015/task_30/scenario30_age23_h1p74_sex_female_w68p0_20260826_114502,/mnt/hdd16T/ToqeerHomeBackup/mujoco_project/outputs/_highrate_overnight/campaign_highrate_truth_v3_rne_corrected396/runs/P015/task_30/scenario30_age23_h1p74_sex_female_w68p0_20260826_114502/fall_scenario30_age23_20260826_114502_highrate_truth.csv,16.83333333333521,18.13333333333541,17.0333,199.96666666478905,20,0,111,True,True,False,peak_impact_magnitude_within_3s_after_fall_onset,True,ok,repository_peak_impact_magnitude_within_3s_after_fall_onset_v2,>=30 actual samples on corrected 100Hz grid and >=1 complete 30-sample window,100,30,15,300,50,recovered_interval_shorter_than_30_samples
P015,31,/mnt/hdd16T/ToqeerHomeBackup/mujoco_project/outputs/_highrate_overnight/campaign_highrate_truth_v3_rne_corrected396/runs/P015/task_31/scenario31_age23_h1p74_sex_female_w68p0_20260826_114747,/mnt/hdd16T/ToqeerHomeBackup/mujoco_project/outputs/_highrate_overnight/campaign_highrate_truth_v3_rne_corrected396/runs/P015/task_31/scenario31_age23_h1p74_sex_female_w68p0_20260826_114747/fall_scenario31_age23_20260826_114747_highrate_truth.csv,16.800000000001873,17.06666666666858,16.8333,33.29999999812827,4,0,111,True,True,False,peak_impact_magnitude_within_3s_after_fall_onset,True,ok,repository_peak_impact_magnitude_within_3s_after_fall_onset_v2,>=30 actual samples on corrected 100Hz grid and >=1 complete 30-sample window,100,30,15,300,50,recovered_interval_shorter_than_30_samples
P015,32,/mnt/hdd16T/ToqeerHomeBackup/mujoco_project/outputs/_highrate_overnight/campaign_highrate_truth_v3_rne_corrected396/runs/P015/task_32/scenario32_age23_h1p74_sex_female_w68p0_20260826_115032,/mnt/hdd16T/ToqeerHomeBackup/mujoco_project/outputs/_highrate_overnight/campaign_highrate_truth_v3_rne_corrected396/runs/P015/task_32/scenario32_age23_h1p74_sex_female_w68p0_20260826_115032/fall_scenario32_age23_20260826_115032_highrate_truth.csv,17.56666666666866,18.13333333333541,18.0333,466.6333333313411,47,2,116,True,True,True,peak_impact_magnitude_within_3s_after_fall_onset,True,ok,repository_peak_impact_magnitude_within_3s_after_fall_onset_v2,>=30 actual samples on corrected 100Hz grid and >=1 complete 30-sample window,100,30,15,300,50,
P015,33,/mnt/hdd16T/ToqeerHomeBackup/mujoco_project/outputs/_highrate_overnight/campaign_highrate_truth_v3_rne_corrected396/runs/P015/task_33/scenario33_age23_h1p74_sex_female_w68p0_20260826_115317,/mnt/hdd16T/ToqeerHomeBackup/mujoco_project/outputs/_highrate_overnight/campaign_highrate_truth_v3_rne_corrected396/runs/P015/task_33/scenario33_age23_h1p74_sex_female_w68p0_20260826_115317/fall_scenario33_age23_20260826_115317_highrate_truth.csv,17.700000000002014,17.966666666668722,18.0633,363.299999997988,37,1,117,True,True,True,peak_impact_magnitude_within_3s_after_fall_onset,True,ok,repository_peak_impact_magnitude_within_3s_after_fall_onset_v2,>=30 actual samples on corrected 100Hz grid and >=1 complete 30-sample window,100,30,15,300,50,
P015,34,/mnt/hdd16T/ToqeerHomeBackup/mujoco_project/outputs/_highrate_overnight/campaign_highrate_truth_v3_rne_corrected396/runs/P015/task_34/scenario34_age23_h1p74_sex_female_w68p0_20260826_115601,/mnt/hdd16T/ToqeerHomeBackup/mujoco_project/outputs/_highrate_overnight/campaign_highrate_truth_v3_rne_corrected396/runs/P015/task_34/scenario34_age23_h1p74_sex_female_w68p0_20260826_115601/fall_scenario34_age23_20260826_115601_highrate_truth.csv,17.53333333333532,17.833333333335368,19.7333,2199.966666664679,220,13,115,True,True,True,peak_impact_magnitude_within_3s_after_fall_onset,True,ok,repository_peak_impact_magnitude_within_3s_after_fall_onset_v2,>=30 actual samples on corrected 100Hz grid and >=1 complete 30-sample window,100,30,15,300,50,
P015,37,/mnt/hdd16T/ToqeerHomeBackup/mujoco_project/outputs/_highrate_overnight/campaign_highrate_truth_v3_rne_corrected396/runs/P015/task_37/scenario37_age23_h1p74_sex_female_w68p0_20260826_115846,/mnt/hdd16T/ToqeerHomeBackup/mujoco_project/outputs/_highrate_overnight/campaign_highrate_truth_v3_rne_corrected396/runs/P015/task_37/scenario37_age23_h1p74_sex_female_w68p0_20260826_115846/fall_scenario37_age23_20260826_115846_highrate_truth.csv,17.700000000002014,18.366666666668785,18.5333,833.2999999979869,84,4,117,True,True,True,peak_impact_magnitude_within_3s_after_fall_onset,True,ok,repository_peak_impact_magnitude_within_3s_after_fall_onset_v2,>=30 actual samples on corrected 100Hz grid and >=1 complete 30-sample window,100,30,15,300,50,
P015,38,/mnt/hdd16T/ToqeerHomeBackup/mujoco_project/outputs/_highrate_overnight/campaign_highrate_truth_v3_rne_corrected396/runs/P015/task_38/scenario38_age23_h1p74_sex_female_w68p0_20260826_120134,/mnt/hdd16T/ToqeerHomeBackup/mujoco_project/outputs/_highrate_overnight/campaign_highrate_truth_v3_rne_corrected396/runs/P015/task_38/scenario38_age23_h1p74_sex_female_w68p0_20260826_120134/fall_scenario38_age23_20260826_120134_highrate_truth.csv,17.633333333335337,17.76666666666869,19.2333,1599.9666666646633,160,9,116,True,True,True,peak_impact_magnitude_within_3s_after_fall_onset,True,ok,repository_peak_impact_magnitude_within_3s_after_fall_onset_v2,>=30 actual samples on corrected 100Hz grid and >=1 complete 30-sample window,100,30,15,300,50,
P015,39,/mnt/hdd16T/ToqeerHomeBackup/mujoco_project/outputs/_highrate_overnight/campaign_highrate_truth_v3_rne_corrected396/runs/P015/task_39/scenario39_age23_h1p74_sex_female_w68p0_20260826_120419,/mnt/hdd16T/ToqeerHomeBackup/mujoco_project/outputs/_highrate_overnight/campaign_highrate_truth_v3_rne_corrected396/runs/P015/task_39/scenario39_age23_h1p74_sex_female_w68p0_20260826_120419/fall_scenario39_age23_20260826_120419_highrate_truth.csv,5.466666666666769,6.033333333333524,6.1333,666.6333333332312,67,3,35,True,True,True,peak_impact_magnitude_within_3s_after_fall_onset,True,ok,repository_peak_impact_magnitude_within_3s_after_fall_onset_v2,>=30 actual samples on corrected 100Hz grid and >=1 complete 30-sample window,100,30,15,300,50,
P015,40,/mnt/hdd16T/ToqeerHomeBackup/mujoco_project/outputs/_highrate_overnight/campaign_highrate_truth_v3_rne_corrected396/runs/P015/task_40/scenario40_age23_h1p74_sex_female_w68p0_20260826_120458,/mnt/hdd16T/ToqeerHomeBackup/mujoco_project/outputs/_highrate_overnight/campaign_highrate_truth_v3_rne_corrected396/runs/P015/task_40/scenario40_age23_h1p74_sex_female_w68p0_20260826_120458/fall_scenario40_age23_20260826_120458_highrate_truth.csv,5.833333333333493,5.9333333333335085,6.1633,329.9666666665066,33,1,37,True,True,True,peak_impact_magnitude_within_3s_after_fall_onset,True,ok,repository_peak_impact_magnitude_within_3s_after_fall_onset_v2,>=30 actual samples on corrected 100Hz grid and >=1 complete 30-sample window,100,30,15,300,50,
P015,41,/mnt/hdd16T/ToqeerHomeBackup/mujoco_project/outputs/_highrate_overnight/campaign_highrate_truth_v3_rne_corrected396/runs/P015/task_41/scenario41_age23_h1p74_sex_female_w68p0_20260826_120537,/mnt/hdd16T/ToqeerHomeBackup/mujoco_project/outputs/_highrate_overnight/campaign_highrate_truth_v3_rne_corrected396/runs/P015/task_41/scenario41_age23_h1p74_sex_female_w68p0_20260826_120537/fall_scenario41_age23_20260826_120537_highrate_truth.csv,5.43333333333343,6.333333333333571,6.3633,929.9666666665694,93,5,35,True,True,True,peak_impact_magnitude_within_3s_after_fall_onset,True,ok,repository_peak_impact_magnitude_within_3s_after_fall_onset_v2,>=30 actual samples on corrected 100Hz grid and >=1 complete 30-sample window,100,30,15,300,50,
P015,42,/mnt/hdd16T/ToqeerHomeBackup/mujoco_project/outputs/_highrate_overnight/campaign_highrate_truth_v3_rne_corrected396/runs/P015/task_42/scenario42_age23_h1p74_sex_female_w68p0_20260826_120617,/mnt/hdd16T/ToqeerHomeBackup/mujoco_project/outputs/_highrate_overnight/campaign_highrate_truth_v3_rne_corrected396/runs/P015/task_42/scenario42_age23_h1p74_sex_female_w68p0_20260826_120617/fall_scenario42_age23_20260826_120617_highrate_truth.csv,5.633333333333462,6.36666666666691,6.3033,669.9666666665385,67,3,36,True,True,True,peak_impact_magnitude_within_3s_after_fall_onset,True,ok,repository_peak_impact_magnitude_within_3s_after_fall_onset_v2,>=30 actual samples on corrected 100Hz grid and >=1 complete 30-sample window,100,30,15,300,50,
P016,20,/mnt/hdd16T/ToqeerHomeBackup/mujoco_project/outputs/_highrate_overnight/campaign_highrate_truth_v3_rne_corrected396/runs/P016/task_20/scenario20_age30_h1p60_sex_female_w72p0_20260826_120657,/mnt/hdd16T/ToqeerHomeBackup/mujoco_project/outputs/_highrate_overnight/campaign_highrate_truth_v3_rne_corrected396/runs/P016/task_20/scenario20_age30_h1p60_sex_female_w72p0_20260826_120657/fall_scenario20_age30_20260826_120657_highrate_truth.csv,6.266666666666894,6.566666666666941,6.7633,496.6333333331061,50,2,40,True,True,True,peak_impact_magnitude_within_3s_after_fall_onset,True,ok,repository_peak_impact_magnitude_within_3s_after_fall_onset_v2,>=30 actual samples on corrected 100Hz grid and >=1 complete 30-sample window,100,30,15,300,50,
P016,21,/mnt/hdd16T/ToqeerHomeBackup/mujoco_project/outputs/_highrate_overnight/campaign_highrate_truth_v3_rne_corrected396/runs/P016/task_21/scenario21_age30_h1p60_sex_female_w72p0_20260826_120806,/mnt/hdd16T/ToqeerHomeBackup/mujoco_project/outputs/_highrate_overnight/campaign_highrate_truth_v3_rne_corrected396/runs/P016/task_21/scenario21_age30_h1p60_sex_female_w72p0_20260826_120806/fall_scenario21_age30_20260826_120806_highrate_truth.csv,5.500000000000108,5.500000000000108,5.6633,163.2999999998912,17,0,35,True,True,False,peak_impact_magnitude_within_3s_after_fall_onset,True,ok,repository_peak_impact_magnitude_within_3s_after_fall_onset_v2,>=30 actual samples on corrected 100Hz grid and >=1 complete 30-sample window,100,30,15,300,50,recovered_interval_shorter_than_30_samples
P016,22,/mnt/hdd16T/ToqeerHomeBackup/mujoco_project/outputs/_highrate_overnight/campaign_highrate_truth_v3_rne_corrected396/runs/P016/task_22/scenario22_age30_h1p60_sex_female_w72p0_20260826_120845,/mnt/hdd16T/ToqeerHomeBackup/mujoco_project/outputs/_highrate_overnight/campaign_highrate_truth_v3_rne_corrected396/runs/P016/task_22/scenario22_age30_h1p60_sex_female_w72p0_20260826_120845/fall_scenario22_age30_20260826_120845_highrate_truth.csv,5.500000000000108,5.500000000000108,5.6633,163.2999999998912,17,0,35,True,True,False,peak_impact_magnitude_within_3s_after_fall_onset,True,ok,repository_peak_impact_magnitude_within_3s_after_fall_onset_v2,>=30 actual samples on corrected 100Hz grid and >=1 complete 30-sample window,100,30,15,300,50,recovered_interval_shorter_than_30_samples
P016,23,/mnt/hdd16T/ToqeerHomeBackup/mujoco_project/outputs/_highrate_overnight/campaign_highrate_truth_v3_rne_corrected396/runs/P016/task_23/scenario23_age30_h1p60_sex_female_w72p0_20260826_120924,/mnt/hdd16T/ToqeerHomeBackup/mujoco_project/outputs/_highrate_overnight/campaign_highrate_truth_v3_rne_corrected396/runs/P016/task_23/scenario23_age30_h1p60_sex_female_w72p0_20260826_120924/fall_scenario23_age30_20260826_120924_highrate_truth.csv,6.266666666666894,6.500000000000264,6.5333,266.63333333310567,27,0,40,True,True,False,peak_impact_magnitude_within_3s_after_fall_onset,True,ok,repository_peak_impact_magnitude_within_3s_after_fall_onset_v2,>=30 actual samples on corrected 100Hz grid and >=1 complete 30-sample window,100,30,15,300,50,recovered_interval_shorter_than_30_samples
P016,24,/mnt/hdd16T/ToqeerHomeBackup/mujoco_project/outputs/_highrate_overnight/campaign_highrate_truth_v3_rne_corrected396/runs/P016/task_24/scenario24_age30_h1p60_sex_female_w72p0_20260826_121033,/mnt/hdd16T/ToqeerHomeBackup/mujoco_project/outputs/_highrate_overnight/campaign_highrate_truth_v3_rne_corrected396/runs/P016/task_24/scenario24_age30_h1p60_sex_female_w72p0_20260826_121033/fall_scenario24_age30_20260826_121033_highrate_truth.csv,5.466666666666769,5.733333333333477,5.9633,496.63333333323135,50,2,35,True,True,True,peak_impact_magnitude_within_3s_after_fall_onset,True,ok,repository_peak_impact_magnitude_within_3s_after_fall_onset_v2,>=30 actual samples on corrected 100Hz grid and >=1 complete 30-sample window,100,30,15,300,50,
P016,28,/mnt/hdd16T/ToqeerHomeBackup/mujoco_project/outputs/_highrate_overnight/campaign_highrate_truth_v3_rne_corrected396/runs/P016/task_28/scenario28_age30_h1p60_sex_female_w72p0_20260826_121112,/mnt/hdd16T/ToqeerHomeBackup/mujoco_project/outputs/_highrate_overnight/campaign_highrate_truth_v3_rne_corrected396/runs/P016/task_28/scenario28_age30_h1p60_sex_female_w72p0_20260826_121112/fall_scenario28_age30_20260826_121112_highrate_truth.csv,16.800000000001873,17.400000000001967,18.1333,1333.2999999981257,134,7,111,True,True,True,peak_impact_magnitude_within_3s_after_fall_onset,True,ok,repository_peak_impact_magnitude_within_3s_after_fall_onset_v2,>=30 actual samples on corrected 100Hz grid and >=1 complete 30-sample window,100,30,15,300,50,
P016,29,/mnt/hdd16T/ToqeerHomeBackup/mujoco_project/outputs/_highrate_overnight/campaign_highrate_truth_v3_rne_corrected396/runs/P016/task_29/scenario29_age30_h1p60_sex_female_w72p0_20260826_121358,/mnt/hdd16T/ToqeerHomeBackup/mujoco_project/outputs/_highrate_overnight/campaign_highrate_truth_v3_rne_corrected396/runs/P016/task_29/scenario29_age30_h1p60_sex_female_w72p0_20260826_121358/fall_scenario29_age30_20260826_121358_highrate_truth.csv,17.13333333333526,17.700000000002014,17.7333,599.9666666647414,60,3,113,True,True,True,peak_impact_magnitude_within_3s_after_fall_onset,True,ok,repository_peak_impact_magnitude_within_3s_after_fall_onset_v2,>=30 actual samples on corrected 100Hz grid and >=1 complete 30-sample window,100,30,15,300,50,
P016,30,/mnt/hdd16T/ToqeerHomeBackup/mujoco_project/outputs/_highrate_overnight/campaign_highrate_truth_v3_rne_corrected396/runs/P016/task_30/scenario30_age30_h1p60_sex_female_w72p0_20260826_121644,/mnt/hdd16T/ToqeerHomeBackup/mujoco_project/outputs/_highrate_overnight/campaign_highrate_truth_v3_rne_corrected396/runs/P016/task_30/scenario30_age30_h1p60_sex_female_w72p0_20260826_121644/fall_scenario30_age30_20260826_121644_highrate_truth.csv,16.733333333335196,17.633333333335337,16.9333,199.96666666480323,20,0,110,True,True,False,peak_impact_magnitude_within_3s_after_fall_onset,True,ok,repository_peak_impact_magnitude_within_3s_after_fall_onset_v2,>=30 actual samples on corrected 100Hz grid and >=1 complete 30-sample window,100,30,15,300,50,recovered_interval_shorter_than_30_samples
P016,31,/mnt/hdd16T/ToqeerHomeBackup/mujoco_project/outputs/_highrate_overnight/campaign_highrate_truth_v3_rne_corrected396/runs/P016/task_31/scenario31_age30_h1p60_sex_female_w72p0_20260826_121930,/mnt/hdd16T/ToqeerHomeBackup/mujoco_project/outputs/_highrate_overnight/campaign_highrate_truth_v3_rne_corrected396/runs/P016/task_31/scenario31_age30_h1p60_sex_female_w72p0_20260826_121930/fall_scenario31_age30_20260826_121930_highrate_truth.csv,16.733333333335196,17.10000000000192,16.8333,99.96666666480536,10,0,110,True,True,False,peak_impact_magnitude_within_3s_after_fall_onset,True,ok,repository_peak_impact_magnitude_within_3s_after_fall_onset_v2,>=30 actual samples on corrected 100Hz grid and >=1 complete 30-sample window,100,30,15,300,50,recovered_interval_shorter_than_30_samples
P016,32,/mnt/hdd16T/ToqeerHomeBackup/mujoco_project/outputs/_highrate_overnight/campaign_highrate_truth_v3_rne_corrected396/runs/P016/task_32/scenario32_age30_h1p60_sex_female_w72p0_20260826_122212,/mnt/hdd16T/ToqeerHomeBackup/mujoco_project/outputs/_highrate_overnight/campaign_highrate_truth_v3_rne_corrected396/runs/P016/task_32/scenario32_age30_h1p60_sex_female_w72p0_20260826_122212/fall_scenario32_age30_20260826_122212_highrate_truth.csv,17.500000000001982,17.866666666668706,17.9033,403.29999999801913,41,1,115,True,True,True,peak_impact_magnitude_within_3s_after_fall_onset,True,ok,repository_peak_impact_magnitude_within_3s_after_fall_onset_v2,>=30 actual samples on corrected 100Hz grid and >=1 complete 30-sample window,100,30,15,300,50,
P016,33,/mnt/hdd16T/ToqeerHomeBackup/mujoco_project/outputs/_highrate_overnight/campaign_highrate_truth_v3_rne_corrected396/runs/P016/task_33/scenario33_age30_h1p60_sex_female_w72p0_20260826_122455,/mnt/hdd16T/ToqeerHomeBackup/mujoco_project/outputs/_highrate_overnight/campaign_highrate_truth_v3_rne_corrected396/runs/P016/task_33/scenario33_age30_h1p60_sex_female_w72p0_20260826_122455/fall_scenario33_age30_20260826_122455_highrate_truth.csv,17.633333333335337,17.900000000002045,18.0333,399.966666664664,40,1,116,True,True,True,peak_impact_magnitude_within_3s_after_fall_onset,True,ok,repository_peak_impact_magnitude_within_3s_after_fall_onset_v2,>=30 actual samples on corrected 100Hz grid and >=1 complete 30-sample window,100,30,15,300,50,
P016,34,/mnt/hdd16T/ToqeerHomeBackup/mujoco_project/outputs/_highrate_overnight/campaign_highrate_truth_v3_rne_corrected396/runs/P016/task_34/scenario34_age30_h1p60_sex_female_w72p0_20260826_122737,/mnt/hdd16T/ToqeerHomeBackup/mujoco_project/outputs/_highrate_overnight/campaign_highrate_truth_v3_rne_corrected396/runs/P016/task_34/scenario34_age30_h1p60_sex_female_w72p0_20260826_122737/fall_scenario34_age30_20260826_122737_highrate_truth.csv,17.56666666666866,17.80000000000203,18.5733,1006.6333333313402,101,5,116,True,True,True,peak_impact_magnitude_within_3s_after_fall_onset,True,ok,repository_peak_impact_magnitude_within_3s_after_fall_onset_v2,>=30 actual samples on corrected 100Hz grid and >=1 complete 30-sample window,100,30,15,300,50,
P016,37,/mnt/hdd16T/ToqeerHomeBackup/mujoco_project/outputs/_highrate_overnight/campaign_highrate_truth_v3_rne_corrected396/runs/P016/task_37/scenario37_age30_h1p60_sex_female_w72p0_20260826_123020,/mnt/hdd16T/ToqeerHomeBackup/mujoco_project/outputs/_highrate_overnight/campaign_highrate_truth_v3_rne_corrected396/runs/P016/task_37/scenario37_age30_h1p60_sex_female_w72p0_20260826_123020/fall_scenario37_age30_20260826_123020_highrate_truth.csv,17.53333333333532,18.16666666666876,18.0333,499.9666666646796,50,2,115,True,True,True,peak_impact_magnitude_within_3s_after_fall_onset,True,ok,repository_peak_impact_magnitude_within_3s_after_fall_onset_v2,>=30 actual samples on corrected 100Hz grid and >=1 complete 30-sample window,100,30,15,300,50,
P016,38,/mnt/hdd16T/ToqeerHomeBackup/mujoco_project/outputs/_highrate_overnight/campaign_highrate_truth_v3_rne_corrected396/runs/P016/task_38/scenario38_age30_h1p60_sex_female_w72p0_20260826_123302,/mnt/hdd16T/ToqeerHomeBackup/mujoco_project/outputs/_highrate_overnight/campaign_highrate_truth_v3_rne_corrected396/runs/P016/task_38/scenario38_age30_h1p60_sex_female_w72p0_20260826_123302/fall_scenario38_age30_20260826_123302_highrate_truth.csv,17.56666666666866,18.10000000000208,18.0633,496.6333333313422,50,2,116,True,True,True,peak_impact_magnitude_within_3s_after_fall_onset,True,ok,repository_peak_impact_magnitude_within_3s_after_fall_onset_v2,>=30 actual samples on corrected 100Hz grid and >=1 complete 30-sample window,100,30,15,300,50,
P016,39,/mnt/hdd16T/ToqeerHomeBackup/mujoco_project/outputs/_highrate_overnight/campaign_highrate_truth_v3_rne_corrected396/runs/P016/task_39/scenario39_age30_h1p60_sex_female_w72p0_20260826_123544,/mnt/hdd16T/ToqeerHomeBackup/mujoco_project/outputs/_highrate_overnight/campaign_highrate_truth_v3_rne_corrected396/runs/P016/task_39/scenario39_age30_h1p60_sex_female_w72p0_20260826_123544/fall_scenario39_age30_20260826_123544_highrate_truth.csv,5.733333333333477,6.13333333333354,6.1633,429.9666666665223,43,1,37,True,True,True,peak_impact_magnitude_within_3s_after_fall_onset,True,ok,repository_peak_impact_magnitude_within_3s_after_fall_onset_v2,>=30 actual samples on corrected 100Hz grid and >=1 complete 30-sample window,100,30,15,300,50,
P016,40,/mnt/hdd16T/ToqeerHomeBackup/mujoco_project/outputs/_highrate_overnight/campaign_highrate_truth_v3_rne_corrected396/runs/P016/task_40/scenario40_age30_h1p60_sex_female_w72p0_20260826_123623,/mnt/hdd16T/ToqeerHomeBackup/mujoco_project/outputs/_highrate_overnight/campaign_highrate_truth_v3_rne_corrected396/runs/P016/task_40/scenario40_age30_h1p60_sex_female_w72p0_20260826_123623/fall_scenario40_age30_20260826_123623_highrate_truth.csv,5.800000000000154,6.533333333333602,6.1333,333.29999999984585,34,1,37,True,True,True,peak_impact_magnitude_within_3s_after_fall_onset,True,ok,repository_peak_impact_magnitude_within_3s_after_fall_onset_v2,>=30 actual samples on corrected 100Hz grid and >=1 complete 30-sample window,100,30,15,300,50,
P016,41,/mnt/hdd16T/ToqeerHomeBackup/mujoco_project/outputs/_highrate_overnight/campaign_highrate_truth_v3_rne_corrected396/runs/P016/task_41/scenario41_age30_h1p60_sex_female_w72p0_20260826_123702,/mnt/hdd16T/ToqeerHomeBackup/mujoco_project/outputs/_highrate_overnight/campaign_highrate_truth_v3_rne_corrected396/runs/P016/task_41/scenario41_age30_h1p60_sex_female_w72p0_20260826_123702/fall_scenario41_age30_20260826_123702_highrate_truth.csv,5.500000000000108,6.400000000000248,6.4033,903.2999999998914,91,5,35,True,True,True,peak_impact_magnitude_within_3s_after_fall_onset,True,ok,repository_peak_impact_magnitude_within_3s_after_fall_onset_v2,>=30 actual samples on corrected 100Hz grid and >=1 complete 30-sample window,100,30,15,300,50,
P016,42,/mnt/hdd16T/ToqeerHomeBackup/mujoco_project/outputs/_highrate_overnight/campaign_highrate_truth_v3_rne_corrected396/runs/P016/task_42/scenario42_age30_h1p60_sex_female_w72p0_20260826_123741,/mnt/hdd16T/ToqeerHomeBackup/mujoco_project/outputs/_highrate_overnight/campaign_highrate_truth_v3_rne_corrected396/runs/P016/task_42/scenario42_age30_h1p60_sex_female_w72p0_20260826_123741/fall_scenario42_age30_20260826_123741_highrate_truth.csv,5.866666666666832,6.400000000000248,6.1033,236.6333333331676,24,0,38,True,True,False,peak_impact_magnitude_within_3s_after_fall_onset,True,ok,repository_peak_impact_magnitude_within_3s_after_fall_onset_v2,>=30 actual samples on corrected 100Hz grid and >=1 complete 30-sample window,100,30,15,300,50,recovered_interval_shorter_than_30_samples
P017,20,/mnt/hdd16T/ToqeerHomeBackup/mujoco_project/outputs/_highrate_overnight/campaign_highrate_truth_v3_rne_corrected396/runs/P017/task_20/scenario20_age34_h1p88_sex_male_w95p0_20260826_123821,/mnt/hdd16T/ToqeerHomeBackup/mujoco_project/outputs/_highrate_overnight/campaign_highrate_truth_v3_rne_corrected396/runs/P017/task_20/scenario20_age34_h1p88_sex_male_w95p0_20260826_123821/fall_scenario20_age34_20260826_123821_highrate_truth.csv,6.000000000000186,6.700000000000295,6.7733,773.2999999998142,78,4,39,True,True,True,peak_impact_magnitude_within_3s_after_fall_onset,True,ok,repository_peak_impact_magnitude_within_3s_after_fall_onset_v2,>=30 actual samples on corrected 100Hz grid and >=1 complete 30-sample window,100,30,15,300,50,
P017,21,/mnt/hdd16T/ToqeerHomeBackup/mujoco_project/outputs/_highrate_overnight/campaign_highrate_truth_v3_rne_corrected396/runs/P017/task_21/scenario21_age34_h1p88_sex_male_w95p0_20260826_123929,/mnt/hdd16T/ToqeerHomeBackup/mujoco_project/outputs/_highrate_overnight/campaign_highrate_truth_v3_rne_corrected396/runs/P017/task_21/scenario21_age34_h1p88_sex_male_w95p0_20260826_123929/fall_scenario21_age34_20260826_123929_highrate_truth.csv,5.500000000000108,5.500000000000108,5.8033,303.2999999998918,31,1,35,True,True,True,peak_impact_magnitude_within_3s_after_fall_onset,True,ok,repository_peak_impact_magnitude_within_3s_after_fall_onset_v2,>=30 actual samples on corrected 100Hz grid and >=1 complete 30-sample window,100,30,15,300,50,
P017,22,/mnt/hdd16T/ToqeerHomeBackup/mujoco_project/outputs/_highrate_overnight/campaign_highrate_truth_v3_rne_corrected396/runs/P017/task_22/scenario22_age34_h1p88_sex_male_w95p0_20260826_124008,/mnt/hdd16T/ToqeerHomeBackup/mujoco_project/outputs/_highrate_overnight/campaign_highrate_truth_v3_rne_corrected396/runs/P017/task_22/scenario22_age34_h1p88_sex_male_w95p0_20260826_124008/fall_scenario22_age34_20260826_124008_highrate_truth.csv,5.500000000000108,5.500000000000108,5.8033,303.2999999998918,31,1,35,True,True,True,peak_impact_magnitude_within_3s_after_fall_onset,True,ok,repository_peak_impact_magnitude_within_3s_after_fall_onset_v2,>=30 actual samples on corrected 100Hz grid and >=1 complete 30-sample window,100,30,15,300,50,
P017,23,/mnt/hdd16T/ToqeerHomeBackup/mujoco_project/outputs/_highrate_overnight/campaign_highrate_truth_v3_rne_corrected396/runs/P017/task_23/scenario23_age34_h1p88_sex_male_w95p0_20260826_124046,/mnt/hdd16T/ToqeerHomeBackup/mujoco_project/outputs/_highrate_overnight/campaign_highrate_truth_v3_rne_corrected396/runs/P017/task_23/scenario23_age34_h1p88_sex_male_w95p0_20260826_124046/fall_scenario23_age34_20260826_124046_highrate_truth.csv,5.966666666666847,6.36666666666691,6.9033,936.6333333331528,94,5,38,True,True,True,peak_impact_magnitude_within_3s_after_fall_onset,True,ok,repository_peak_impact_magnitude_within_3s_after_fall_onset_v2,>=30 actual samples on corrected 100Hz grid and >=1 complete 30-sample window,100,30,15,300,50,
P017,24,/mnt/hdd16T/ToqeerHomeBackup/mujoco_project/outputs/_highrate_overnight/campaign_highrate_truth_v3_rne_corrected396/runs/P017/task_24/scenario24_age34_h1p88_sex_male_w95p0_20260826_124155,/mnt/hdd16T/ToqeerHomeBackup/mujoco_project/outputs/_highrate_overnight/campaign_highrate_truth_v3_rne_corrected396/runs/P017/task_24/scenario24_age34_h1p88_sex_male_w95p0_20260826_124155/fall_scenario24_age34_20260826_124155_highrate_truth.csv,5.500000000000108,5.500000000000108,6.9033,1403.2999999998915,141,8,35,True,True,True,peak_impact_magnitude_within_3s_after_fall_onset,True,ok,repository_peak_impact_magnitude_within_3s_after_fall_onset_v2,>=30 actual samples on corrected 100Hz grid and >=1 complete 30-sample window,100,30,15,300,50,
P017,28,/mnt/hdd16T/ToqeerHomeBackup/mujoco_project/outputs/_highrate_overnight/campaign_highrate_truth_v3_rne_corrected396/runs/P017/task_28/scenario28_age34_h1p88_sex_male_w95p0_20260826_124233,/mnt/hdd16T/ToqeerHomeBackup/mujoco_project/outputs/_highrate_overnight/campaign_highrate_truth_v3_rne_corrected396/runs/P017/task_28/scenario28_age34_h1p88_sex_male_w95p0_20260826_124233/fall_scenario28_age34_20260826_124233_highrate_truth.csv,8.700000000000607,9.10000000000067,9.1333,433.2999999993934,44,1,57,True,True,True,peak_impact_magnitude_within_3s_after_fall_onset,True,ok,repository_peak_impact_magnitude_within_3s_after_fall_onset_v2,>=30 actual samples on corrected 100Hz grid and >=1 complete 30-sample window,100,30,15,300,50,
P017,29,/mnt/hdd16T/ToqeerHomeBackup/mujoco_project/outputs/_highrate_overnight/campaign_highrate_truth_v3_rne_corrected396/runs/P017/task_29/scenario29_age34_h1p88_sex_male_w95p0_20260826_124518,/mnt/hdd16T/ToqeerHomeBackup/mujoco_project/outputs/_highrate_overnight/campaign_highrate_truth_v3_rne_corrected396/runs/P017/task_29/scenario29_age34_h1p88_sex_male_w95p0_20260826_124518/fall_scenario29_age34_20260826_124518_highrate_truth.csv,9.000000000000654,9.733333333334102,9.6333,633.2999999993465,64,3,59,True,True,True,peak_impact_magnitude_within_3s_after_fall_onset,True,ok,repository_peak_impact_magnitude_within_3s_after_fall_onset_v2,>=30 actual samples on corrected 100Hz grid and >=1 complete 30-sample window,100,30,15,300,50,
P017,30,/mnt/hdd16T/ToqeerHomeBackup/mujoco_project/outputs/_highrate_overnight/campaign_highrate_truth_v3_rne_corrected396/runs/P017/task_30/scenario30_age34_h1p88_sex_male_w95p0_20260826_124801,/mnt/hdd16T/ToqeerHomeBackup/mujoco_project/outputs/_highrate_overnight/campaign_highrate_truth_v3_rne_corrected396/runs/P017/task_30/scenario30_age34_h1p88_sex_male_w95p0_20260826_124801/fall_scenario30_age34_20260826_124801_highrate_truth.csv,8.900000000000638,9.200000000000683,9.3333,433.29999999936143,44,1,58,True,True,True,peak_impact_magnitude_within_3s_after_fall_onset,True,ok,repository_peak_impact_magnitude_within_3s_after_fall_onset_v2,>=30 actual samples on corrected 100Hz grid and >=1 complete 30-sample window,100,30,15,300,50,
P017,31,/mnt/hdd16T/ToqeerHomeBackup/mujoco_project/outputs/_highrate_overnight/campaign_highrate_truth_v3_rne_corrected396/runs/P017/task_31/scenario31_age34_h1p88_sex_male_w95p0_20260826_125044,/mnt/hdd16T/ToqeerHomeBackup/mujoco_project/outputs/_highrate_overnight/campaign_highrate_truth_v3_rne_corrected396/runs/P017/task_31/scenario31_age34_h1p88_sex_male_w95p0_20260826_125044/fall_scenario31_age34_20260826_125044_highrate_truth.csv,8.900000000000638,11.433333333334367,9.0333,133.29999999936248,14,0,58,True,True,False,peak_impact_magnitude_within_3s_after_fall_onset,True,ok,repository_peak_impact_magnitude_within_3s_after_fall_onset_v2,>=30 actual samples on corrected 100Hz grid and >=1 complete 30-sample window,100,30,15,300,50,recovered_interval_shorter_than_30_samples
P017,32,/mnt/hdd16T/ToqeerHomeBackup/mujoco_project/outputs/_highrate_overnight/campaign_highrate_truth_v3_rne_corrected396/runs/P017/task_32/scenario32_age34_h1p88_sex_male_w95p0_20260826_125327,/mnt/hdd16T/ToqeerHomeBackup/mujoco_project/outputs/_highrate_overnight/campaign_highrate_truth_v3_rne_corrected396/runs/P017/task_32/scenario32_age34_h1p88_sex_male_w95p0_20260826_125327/fall_scenario32_age34_20260826_125327_highrate_truth.csv,9.466666666667392,9.900000000000794,9.8633,396.6333333326091,40,1,62,True,True,True,peak_impact_magnitude_within_3s_after_fall_onset,True,ok,repository_peak_impact_magnitude_within_3s_after_fall_onset_v2,>=30 actual samples on corrected 100Hz grid and >=1 complete 30-sample window,100,30,15,300,50,
P017,33,/mnt/hdd16T/ToqeerHomeBackup/mujoco_project/outputs/_highrate_overnight/campaign_highrate_truth_v3_rne_corrected396/runs/P017/task_33/scenario33_age34_h1p88_sex_male_w95p0_20260826_125611,/mnt/hdd16T/ToqeerHomeBackup/mujoco_project/outputs/_highrate_overnight/campaign_highrate_truth_v3_rne_corrected396/runs/P017/task_33/scenario33_age34_h1p88_sex_male_w95p0_20260826_125611/fall_scenario33_age34_20260826_125611_highrate_truth.csv,9.600000000000747,10.400000000000873,10.4333,833.2999999992517,84,4,63,True,True,True,peak_impact_magnitude_within_3s_after_fall_onset,True,ok,repository_peak_impact_magnitude_within_3s_after_fall_onset_v2,>=30 actual samples on corrected 100Hz grid and >=1 complete 30-sample window,100,30,15,300,50,
P017,34,/mnt/hdd16T/ToqeerHomeBackup/mujoco_project/outputs/_highrate_overnight/campaign_highrate_truth_v3_rne_corrected396/runs/P017/task_34/scenario34_age34_h1p88_sex_male_w95p0_20260826_125854,/mnt/hdd16T/ToqeerHomeBackup/mujoco_project/outputs/_highrate_overnight/campaign_highrate_truth_v3_rne_corrected396/runs/P017/task_34/scenario34_age34_h1p88_sex_male_w95p0_20260826_125854/fall_scenario34_age34_20260826_125854_highrate_truth.csv,9.600000000000747,9.666666666667425,11.4633,1863.2999999992528,187,11,63,True,True,True,peak_impact_magnitude_within_3s_after_fall_onset,True,ok,repository_peak_impact_magnitude_within_3s_after_fall_onset_v2,>=30 actual samples on corrected 100Hz grid and >=1 complete 30-sample window,100,30,15,300,50,
P017,37,/mnt/hdd16T/ToqeerHomeBackup/mujoco_project/outputs/_highrate_overnight/campaign_highrate_truth_v3_rne_corrected396/runs/P017/task_37/scenario37_age34_h1p88_sex_male_w95p0_20260826_130137,/mnt/hdd16T/ToqeerHomeBackup/mujoco_project/outputs/_highrate_overnight/campaign_highrate_truth_v3_rne_corrected396/runs/P017/task_37/scenario37_age34_h1p88_sex_male_w95p0_20260826_130137/fall_scenario37_age34_20260826_130137_highrate_truth.csv,9.966666666667471,11.933333333334446,11.8633,1896.6333333325288,190,11,65,True,True,True,peak_impact_magnitude_within_3s_after_fall_onset,True,ok,repository_peak_impact_magnitude_within_3s_after_fall_onset_v2,>=30 actual samples on corrected 100Hz grid and >=1 complete 30-sample window,100,30,15,300,50,
P017,38,/mnt/hdd16T/ToqeerHomeBackup/mujoco_project/outputs/_highrate_overnight/campaign_highrate_truth_v3_rne_corrected396/runs/P017/task_38/scenario38_age34_h1p88_sex_male_w95p0_20260826_130420,/mnt/hdd16T/ToqeerHomeBackup/mujoco_project/outputs/_highrate_overnight/campaign_highrate_truth_v3_rne_corrected396/runs/P017/task_38/scenario38_age34_h1p88_sex_male_w95p0_20260826_130420/fall_scenario38_age34_20260826_130420_highrate_truth.csv,8.533333333333914,9.3000000000007,9.1033,569.9666666660868,57,2,55,True,True,True,peak_impact_magnitude_within_3s_after_fall_onset,True,ok,repository_peak_impact_magnitude_within_3s_after_fall_onset_v2,>=30 actual samples on corrected 100Hz grid and >=1 complete 30-sample window,100,30,15,300,50,
P017,39,/mnt/hdd16T/ToqeerHomeBackup/mujoco_project/outputs/_highrate_overnight/campaign_highrate_truth_v3_rne_corrected396/runs/P017/task_39/scenario39_age34_h1p88_sex_male_w95p0_20260826_130704,/mnt/hdd16T/ToqeerHomeBackup/mujoco_project/outputs/_highrate_overnight/campaign_highrate_truth_v3_rne_corrected396/runs/P017/task_39/scenario39_age34_h1p88_sex_male_w95p0_20260826_130704/fall_scenario39_age34_20260826_130704_highrate_truth.csv,5.333333333333415,6.100000000000201,6.2333,899.9666666665851,90,5,34,True,True,True,peak_impact_magnitude_within_3s_after_fall_onset,True,ok,repository_peak_impact_magnitude_within_3s_after_fall_onset_v2,>=30 actual samples on corrected 100Hz grid and >=1 complete 30-sample window,100,30,15,300,50,
P017,40,/mnt/hdd16T/ToqeerHomeBackup/mujoco_project/outputs/_highrate_overnight/campaign_highrate_truth_v3_rne_corrected396/runs/P017/task_40/scenario40_age34_h1p88_sex_male_w95p0_20260826_130743,/mnt/hdd16T/ToqeerHomeBackup/mujoco_project/outputs/_highrate_overnight/campaign_highrate_truth_v3_rne_corrected396/runs/P017/task_40/scenario40_age34_h1p88_sex_male_w95p0_20260826_130743/fall_scenario40_age34_20260826_130743_highrate_truth.csv,5.866666666666832,6.233333333333555,6.5033,636.6333333331679,64,3,38,True,True,True,peak_impact_magnitude_within_3s_after_fall_onset,True,ok,repository_peak_impact_magnitude_within_3s_after_fall_onset_v2,>=30 actual samples on corrected 100Hz grid and >=1 complete 30-sample window,100,30,15,300,50,
P017,41,/mnt/hdd16T/ToqeerHomeBackup/mujoco_project/outputs/_highrate_overnight/campaign_highrate_truth_v3_rne_corrected396/runs/P017/task_41/scenario41_age34_h1p88_sex_male_w95p0_20260826_130822,/mnt/hdd16T/ToqeerHomeBackup/mujoco_project/outputs/_highrate_overnight/campaign_highrate_truth_v3_rne_corrected396/runs/P017/task_41/scenario41_age34_h1p88_sex_male_w95p0_20260826_130822/fall_scenario41_age34_20260826_130822_highrate_truth.csv,5.333333333333415,6.400000000000248,5.8333,499.9666666665856,50,2,34,True,True,True,peak_impact_magnitude_within_3s_after_fall_onset,True,ok,repository_peak_impact_magnitude_within_3s_after_fall_onset_v2,>=30 actual samples on corrected 100Hz grid and >=1 complete 30-sample window,100,30,15,300,50,
P017,42,/mnt/hdd16T/ToqeerHomeBackup/mujoco_project/outputs/_highrate_overnight/campaign_highrate_truth_v3_rne_corrected396/runs/P017/task_42/scenario42_age34_h1p88_sex_male_w95p0_20260826_130901,/mnt/hdd16T/ToqeerHomeBackup/mujoco_project/outputs/_highrate_overnight/campaign_highrate_truth_v3_rne_corrected396/runs/P017/task_42/scenario42_age34_h1p88_sex_male_w95p0_20260826_130901/fall_scenario42_age34_20260826_130901_highrate_truth.csv,5.300000000000076,6.466666666666925,6.4033,1103.2999999999236,111,6,34,True,True,True,peak_impact_magnitude_within_3s_after_fall_onset,True,ok,repository_peak_impact_magnitude_within_3s_after_fall_onset_v2,>=30 actual samples on corrected 100Hz grid and >=1 complete 30-sample window,100,30,15,300,50,
P018,20,/mnt/hdd16T/ToqeerHomeBackup/mujoco_project/outputs/_highrate_overnight/campaign_highrate_truth_v3_rne_corrected396/runs/P018/task_20/scenario20_age36_h1p55_sex_female_w55p0_20260826_130941,/mnt/hdd16T/ToqeerHomeBackup/mujoco_project/outputs/_highrate_overnight/campaign_highrate_truth_v3_rne_corrected396/runs/P018/task_20/scenario20_age36_h1p55_sex_female_w55p0_20260826_130941/fall_scenario20_age36_20260826_130941_highrate_truth.csv,6.3000000000002325,6.500000000000264,6.3033,3.2999999997676,1,0,41,True,True,False,peak_impact_magnitude_within_3s_after_fall_onset,True,ok,repository_peak_impact_magnitude_within_3s_after_fall_onset_v2,>=30 actual samples on corrected 100Hz grid and >=1 complete 30-sample window,100,30,15,300,50,recovered_interval_shorter_than_30_samples
P018,21,/mnt/hdd16T/ToqeerHomeBackup/mujoco_project/outputs/_highrate_overnight/campaign_highrate_truth_v3_rne_corrected396/runs/P018/task_21/scenario21_age36_h1p55_sex_female_w55p0_20260826_131050,/mnt/hdd16T/ToqeerHomeBackup/mujoco_project/outputs/_highrate_overnight/campaign_highrate_truth_v3_rne_corrected396/runs/P018/task_21/scenario21_age36_h1p55_sex_female_w55p0_20260826_131050/fall_scenario21_age36_20260826_131050_highrate_truth.csv,5.43333333333343,5.733333333333477,5.9633,529.9666666665698,53,2,35,True,True,True,peak_impact_magnitude_within_3s_after_fall_onset,True,ok,repository_peak_impact_magnitude_within_3s_after_fall_onset_v2,>=30 actual samples on corrected 100Hz grid and >=1 complete 30-sample window,100,30,15,300,50,
P018,22,/mnt/hdd16T/ToqeerHomeBackup/mujoco_project/outputs/_highrate_overnight/campaign_highrate_truth_v3_rne_corrected396/runs/P018/task_22/scenario22_age36_h1p55_sex_female_w55p0_20260826_131128,/mnt/hdd16T/ToqeerHomeBackup/mujoco_project/outputs/_highrate_overnight/campaign_highrate_truth_v3_rne_corrected396/runs/P018/task_22/scenario22_age36_h1p55_sex_female_w55p0_20260826_131128/fall_scenario22_age36_20260826_131128_highrate_truth.csv,5.43333333333343,5.766666666666816,5.9333,499.9666666665696,50,2,35,True,True,True,peak_impact_magnitude_within_3s_after_fall_onset,True,ok,repository_peak_impact_magnitude_within_3s_after_fall_onset_v2,>=30 actual samples on corrected 100Hz grid and >=1 complete 30-sample window,100,30,15,300,50,
P018,23,/mnt/hdd16T/ToqeerHomeBackup/mujoco_project/outputs/_highrate_overnight/campaign_highrate_truth_v3_rne_corrected396/runs/P018/task_23/scenario23_age36_h1p55_sex_female_w55p0_20260826_131206,/mnt/hdd16T/ToqeerHomeBackup/mujoco_project/outputs/_highrate_overnight/campaign_highrate_truth_v3_rne_corrected396/runs/P018/task_23/scenario23_age36_h1p55_sex_female_w55p0_20260826_131206/fall_scenario23_age36_20260826_131206_highrate_truth.csv,6.3000000000002325,6.500000000000264,6.5633,263.2999999997674,27,0,41,True,True,False,peak_impact_magnitude_within_3s_after_fall_onset,True,ok,repository_peak_impact_magnitude_within_3s_after_fall_onset_v2,>=30 actual samples on corrected 100Hz grid and >=1 complete 30-sample window,100,30,15,300,50,recovered_interval_shorter_than_30_samples
P018,24,/mnt/hdd16T/ToqeerHomeBackup/mujoco_project/outputs/_highrate_overnight/campaign_highrate_truth_v3_rne_corrected396/runs/P018/task_24/scenario24_age36_h1p55_sex_female_w55p0_20260826_131314,/mnt/hdd16T/ToqeerHomeBackup/mujoco_project/outputs/_highrate_overnight/campaign_highrate_truth_v3_rne_corrected396/runs/P018/task_24/scenario24_age36_h1p55_sex_female_w55p0_20260826_131314/fall_scenario24_age36_20260826_131314_highrate_truth.csv,5.500000000000108,5.500000000000108,5.8033,303.2999999998918,31,1,35,True,True,True,peak_impact_magnitude_within_3s_after_fall_onset,True,ok,repository_peak_impact_magnitude_within_3s_after_fall_onset_v2,>=30 actual samples on corrected 100Hz grid and >=1 complete 30-sample window,100,30,15,300,50,
P018,28,/mnt/hdd16T/ToqeerHomeBackup/mujoco_project/outputs/_highrate_overnight/campaign_highrate_truth_v3_rne_corrected396/runs/P018/task_28/scenario28_age36_h1p55_sex_female_w55p0_20260826_131352,/mnt/hdd16T/ToqeerHomeBackup/mujoco_project/outputs/_highrate_overnight/campaign_highrate_truth_v3_rne_corrected396/runs/P018/task_28/scenario28_age36_h1p55_sex_female_w55p0_20260826_131352/fall_scenario28_age36_20260826_131352_highrate_truth.csv,16.966666666668566,17.400000000001967,19.2033,2236.633333331433,224,13,112,True,True,True,peak_impact_magnitude_within_3s_after_fall_onset,True,ok,repository_peak_impact_magnitude_within_3s_after_fall_onset_v2,>=30 actual samples on corrected 100Hz grid and >=1 complete 30-sample window,100,30,15,300,50,
P018,29,/mnt/hdd16T/ToqeerHomeBackup/mujoco_project/outputs/_highrate_overnight/campaign_highrate_truth_v3_rne_corrected396/runs/P018/task_29/scenario29_age36_h1p55_sex_female_w55p0_20260826_131634,/mnt/hdd16T/ToqeerHomeBackup/mujoco_project/outputs/_highrate_overnight/campaign_highrate_truth_v3_rne_corrected396/runs/P018/task_29/scenario29_age36_h1p55_sex_female_w55p0_20260826_131634/fall_scenario29_age36_20260826_131634_highrate_truth.csv,17.700000000002014,17.966666666668722,17.9333,233.29999999798545,24,0,117,True,True,False,peak_impact_magnitude_within_3s_after_fall_onset,True,ok,repository_peak_impact_magnitude_within_3s_after_fall_onset_v2,>=30 actual samples on corrected 100Hz grid and >=1 complete 30-sample window,100,30,15,300,50,recovered_interval_shorter_than_30_samples
P018,30,/mnt/hdd16T/ToqeerHomeBackup/mujoco_project/outputs/_highrate_overnight/campaign_highrate_truth_v3_rne_corrected396/runs/P018/task_30/scenario30_age36_h1p55_sex_female_w55p0_20260826_131917,/mnt/hdd16T/ToqeerHomeBackup/mujoco_project/outputs/_highrate_overnight/campaign_highrate_truth_v3_rne_corrected396/runs/P018/task_30/scenario30_age36_h1p55_sex_female_w55p0_20260826_131917/fall_scenario30_age36_20260826_131917_highrate_truth.csv,16.933333333335227,17.200000000001936,17.0333,99.96666666477338,10,0,111,True,True,False,peak_impact_magnitude_within_3s_after_fall_onset,True,ok,repository_peak_impact_magnitude_within_3s_after_fall_onset_v2,>=30 actual samples on corrected 100Hz grid and >=1 complete 30-sample window,100,30,15,300,50,recovered_interval_shorter_than_30_samples
P018,31,/mnt/hdd16T/ToqeerHomeBackup/mujoco_project/outputs/_highrate_overnight/campaign_highrate_truth_v3_rne_corrected396/runs/P018/task_31/scenario31_age36_h1p55_sex_female_w55p0_20260826_132159,/mnt/hdd16T/ToqeerHomeBackup/mujoco_project/outputs/_highrate_overnight/campaign_highrate_truth_v3_rne_corrected396/runs/P018/task_31/scenario31_age36_h1p55_sex_female_w55p0_20260826_132159/fall_scenario31_age36_20260826_132159_highrate_truth.csv,16.933333333335227,17.200000000001936,17.0333,99.96666666477338,10,0,111,True,True,False,peak_impact_magnitude_within_3s_after_fall_onset,True,ok,repository_peak_impact_magnitude_within_3s_after_fall_onset_v2,>=30 actual samples on corrected 100Hz grid and >=1 complete 30-sample window,100,30,15,300,50,recovered_interval_shorter_than_30_samples
P018,32,/mnt/hdd16T/ToqeerHomeBackup/mujoco_project/outputs/_highrate_overnight/campaign_highrate_truth_v3_rne_corrected396/runs/P018/task_32/scenario32_age36_h1p55_sex_female_w55p0_20260826_132441,/mnt/hdd16T/ToqeerHomeBackup/mujoco_project/outputs/_highrate_overnight/campaign_highrate_truth_v3_rne_corrected396/runs/P018/task_32/scenario32_age36_h1p55_sex_female_w55p0_20260826_132441/fall_scenario32_age36_20260826_132441_highrate_truth.csv,17.76666666666869,18.066666666668738,18.8333,1066.6333333313105,107,6,117,True,True,True,peak_impact_magnitude_within_3s_after_fall_onset,True,ok,repository_peak_impact_magnitude_within_3s_after_fall_onset_v2,>=30 actual samples on corrected 100Hz grid and >=1 complete 30-sample window,100,30,15,300,50,
P018,33,/mnt/hdd16T/ToqeerHomeBackup/mujoco_project/outputs/_highrate_overnight/campaign_highrate_truth_v3_rne_corrected396/runs/P018/task_33/scenario33_age36_h1p55_sex_female_w55p0_20260826_132723,/mnt/hdd16T/ToqeerHomeBackup/mujoco_project/outputs/_highrate_overnight/campaign_highrate_truth_v3_rne_corrected396/runs/P018/task_33/scenario33_age36_h1p55_sex_female_w55p0_20260826_132723/fall_scenario33_age36_20260826_132723_highrate_truth.csv,17.80000000000203,18.066666666668738,18.2033,403.2999999979694,41,1,117,True,True,True,peak_impact_magnitude_within_3s_after_fall_onset,True,ok,repository_peak_impact_magnitude_within_3s_after_fall_onset_v2,>=30 actual samples on corrected 100Hz grid and >=1 complete 30-sample window,100,30,15,300,50,
P018,34,/mnt/hdd16T/ToqeerHomeBackup/mujoco_project/outputs/_highrate_overnight/campaign_highrate_truth_v3_rne_corrected396/runs/P018/task_34/scenario34_age36_h1p55_sex_female_w55p0_20260826_133006,/mnt/hdd16T/ToqeerHomeBackup/mujoco_project/outputs/_highrate_overnight/campaign_highrate_truth_v3_rne_corrected396/runs/P018/task_34/scenario34_age36_h1p55_sex_female_w55p0_20260826_133006/fall_scenario34_age36_20260826_133006_highrate_truth.csv,17.900000000002045,18.23333333333543,19.2333,1333.299999997955,134,7,118,True,True,True,peak_impact_magnitude_within_3s_after_fall_onset,True,ok,repository_peak_impact_magnitude_within_3s_after_fall_onset_v2,>=30 actual samples on corrected 100Hz grid and >=1 complete 30-sample window,100,30,15,300,50,
P018,37,/mnt/hdd16T/ToqeerHomeBackup/mujoco_project/outputs/_highrate_overnight/campaign_highrate_truth_v3_rne_corrected396/runs/P018/task_37/scenario37_age36_h1p55_sex_female_w55p0_20260826_133248,/mnt/hdd16T/ToqeerHomeBackup/mujoco_project/outputs/_highrate_overnight/campaign_highrate_truth_v3_rne_corrected396/runs/P018/task_37/scenario37_age36_h1p55_sex_female_w55p0_20260826_133248/fall_scenario37_age36_20260826_133248_highrate_truth.csv,17.76666666666869,18.20000000000209,18.1333,366.63333333130765,37,1,117,True,True,True,peak_impact_magnitude_within_3s_after_fall_onset,True,ok,repository_peak_impact_magnitude_within_3s_after_fall_onset_v2,>=30 actual samples on corrected 100Hz grid and >=1 complete 30-sample window,100,30,15,300,50,
P018,38,/mnt/hdd16T/ToqeerHomeBackup/mujoco_project/outputs/_highrate_overnight/campaign_highrate_truth_v3_rne_corrected396/runs/P018/task_38/scenario38_age36_h1p55_sex_female_w55p0_20260826_133530,/mnt/hdd16T/ToqeerHomeBackup/mujoco_project/outputs/_highrate_overnight/campaign_highrate_truth_v3_rne_corrected396/runs/P018/task_38/scenario38_age36_h1p55_sex_female_w55p0_20260826_133530/fall_scenario38_age36_20260826_133530_highrate_truth.csv,17.733333333335352,18.00000000000206,19.9033,2169.966666664649,217,13,117,True,True,True,peak_impact_magnitude_within_3s_after_fall_onset,True,ok,repository_peak_impact_magnitude_within_3s_after_fall_onset_v2,>=30 actual samples on corrected 100Hz grid and >=1 complete 30-sample window,100,30,15,300,50,
P018,39,/mnt/hdd16T/ToqeerHomeBackup/mujoco_project/outputs/_highrate_overnight/campaign_highrate_truth_v3_rne_corrected396/runs/P018/task_39/scenario39_age36_h1p55_sex_female_w55p0_20260826_133812,/mnt/hdd16T/ToqeerHomeBackup/mujoco_project/outputs/_highrate_overnight/campaign_highrate_truth_v3_rne_corrected396/runs/P018/task_39/scenario39_age36_h1p55_sex_female_w55p0_20260826_133812/fall_scenario39_age36_20260826_133812_highrate_truth.csv,5.90000000000017,6.13333333333354,6.2033,303.2999999998296,31,1,38,True,True,True,peak_impact_magnitude_within_3s_after_fall_onset,True,ok,repository_peak_impact_magnitude_within_3s_after_fall_onset_v2,>=30 actual samples on corrected 100Hz grid and >=1 complete 30-sample window,100,30,15,300,50,
P018,40,/mnt/hdd16T/ToqeerHomeBackup/mujoco_project/outputs/_highrate_overnight/campaign_highrate_truth_v3_rne_corrected396/runs/P018/task_40/scenario40_age36_h1p55_sex_female_w55p0_20260826_133850,/mnt/hdd16T/ToqeerHomeBackup/mujoco_project/outputs/_highrate_overnight/campaign_highrate_truth_v3_rne_corrected396/runs/P018/task_40/scenario40_age36_h1p55_sex_female_w55p0_20260826_133850/fall_scenario40_age36_20260826_133850_highrate_truth.csv,5.866666666666832,5.966666666666847,6.1333,266.63333333316785,27,0,38,True,True,False,peak_impact_magnitude_within_3s_after_fall_onset,True,ok,repository_peak_impact_magnitude_within_3s_after_fall_onset_v2,>=30 actual samples on corrected 100Hz grid and >=1 complete 30-sample window,100,30,15,300,50,recovered_interval_shorter_than_30_samples
P018,41,/mnt/hdd16T/ToqeerHomeBackup/mujoco_project/outputs/_highrate_overnight/campaign_highrate_truth_v3_rne_corrected396/runs/P018/task_41/scenario41_age36_h1p55_sex_female_w55p0_20260826_133929,/mnt/hdd16T/ToqeerHomeBackup/mujoco_project/outputs/_highrate_overnight/campaign_highrate_truth_v3_rne_corrected396/runs/P018/task_41/scenario41_age36_h1p55_sex_female_w55p0_20260826_133929/fall_scenario41_age36_20260826_133929_highrate_truth.csv,5.966666666666847,6.36666666666691,6.5633,596.6333333331528,60,3,38,True,True,True,peak_impact_magnitude_within_3s_after_fall_onset,True,ok,repository_peak_impact_magnitude_within_3s_after_fall_onset_v2,>=30 actual samples on corrected 100Hz grid and >=1 complete 30-sample window,100,30,15,300,50,
P018,42,/mnt/hdd16T/ToqeerHomeBackup/mujoco_project/outputs/_highrate_overnight/campaign_highrate_truth_v3_rne_corrected396/runs/P018/task_42/scenario42_age36_h1p55_sex_female_w55p0_20260826_134008,/mnt/hdd16T/ToqeerHomeBackup/mujoco_project/outputs/_highrate_overnight/campaign_highrate_truth_v3_rne_corrected396/runs/P018/task_42/scenario42_age36_h1p55_sex_female_w55p0_20260826_134008/fall_scenario42_age36_20260826_134008_highrate_truth.csv,5.766666666666816,6.100000000000201,6.1333,366.6333333331844,37,1,37,True,True,True,peak_impact_magnitude_within_3s_after_fall_onset,True,ok,repository_peak_impact_magnitude_within_3s_after_fall_onset_v2,>=30 actual samples on corrected 100Hz grid and >=1 complete 30-sample window,100,30,15,300,50,
P019,20,/mnt/hdd16T/ToqeerHomeBackup/mujoco_project/outputs/_highrate_overnight/campaign_highrate_truth_v3_rne_corrected396/runs/P019/task_20/scenario20_age42_h1p76_sex_female_w78p0_20260826_134048,/mnt/hdd16T/ToqeerHomeBackup/mujoco_project/outputs/_highrate_overnight/campaign_highrate_truth_v3_rne_corrected396/runs/P019/task_20/scenario20_age42_h1p76_sex_female_w78p0_20260826_134048/fall_scenario20_age42_20260826_134048_highrate_truth.csv,5.9333333333335085,6.566666666666941,6.7333,799.9666666664913,80,4,38,True,True,True,peak_impact_magnitude_within_3s_after_fall_onset,True,ok,repository_peak_impact_magnitude_within_3s_after_fall_onset_v2,>=30 actual samples on corrected 100Hz grid and >=1 complete 30-sample window,100,30,15,300,50,
P019,21,/mnt/hdd16T/ToqeerHomeBackup/mujoco_project/outputs/_highrate_overnight/campaign_highrate_truth_v3_rne_corrected396/runs/P019/task_21/scenario21_age42_h1p76_sex_female_w78p0_20260826_134156,/mnt/hdd16T/ToqeerHomeBackup/mujoco_project/outputs/_highrate_overnight/campaign_highrate_truth_v3_rne_corrected396/runs/P019/task_21/scenario21_age42_h1p76_sex_female_w78p0_20260826_134156/fall_scenario21_age42_20260826_134156_highrate_truth.csv,5.500000000000108,5.500000000000108,5.7033,203.29999999989124,21,0,35,True,True,False,peak_impact_magnitude_within_3s_after_fall_onset,True,ok,repository_peak_impact_magnitude_within_3s_after_fall_onset_v2,>=30 actual samples on corrected 100Hz grid and >=1 complete 30-sample window,100,30,15,300,50,recovered_interval_shorter_than_30_samples
P019,22,/mnt/hdd16T/ToqeerHomeBackup/mujoco_project/outputs/_highrate_overnight/campaign_highrate_truth_v3_rne_corrected396/runs/P019/task_22/scenario22_age42_h1p76_sex_female_w78p0_20260826_134234,/mnt/hdd16T/ToqeerHomeBackup/mujoco_project/outputs/_highrate_overnight/campaign_highrate_truth_v3_rne_corrected396/runs/P019/task_22/scenario22_age42_h1p76_sex_female_w78p0_20260826_134234/fall_scenario22_age42_20260826_134234_highrate_truth.csv,5.500000000000108,5.500000000000108,5.7033,203.29999999989124,21,0,35,True,True,False,peak_impact_magnitude_within_3s_after_fall_onset,True,ok,repository_peak_impact_magnitude_within_3s_after_fall_onset_v2,>=30 actual samples on corrected 100Hz grid and >=1 complete 30-sample window,100,30,15,300,50,recovered_interval_shorter_than_30_samples
P019,23,/mnt/hdd16T/ToqeerHomeBackup/mujoco_project/outputs/_highrate_overnight/campaign_highrate_truth_v3_rne_corrected396/runs/P019/task_23/scenario23_age42_h1p76_sex_female_w78p0_20260826_134313,/mnt/hdd16T/ToqeerHomeBackup/mujoco_project/outputs/_highrate_overnight/campaign_highrate_truth_v3_rne_corrected396/runs/P019/task_23/scenario23_age42_h1p76_sex_female_w78p0_20260826_134313/fall_scenario23_age42_20260826_134313_highrate_truth.csv,6.000000000000186,18.16666666666876,6.6633,663.299999999814,67,3,39,True,True,True,peak_impact_magnitude_within_3s_after_fall_onset,True,ok,repository_peak_impact_magnitude_within_3s_after_fall_onset_v2,>=30 actual samples on corrected 100Hz grid and >=1 complete 30-sample window,100,30,15,300,50,
P019,24,/mnt/hdd16T/ToqeerHomeBackup/mujoco_project/outputs/_highrate_overnight/campaign_highrate_truth_v3_rne_corrected396/runs/P019/task_24/scenario24_age42_h1p76_sex_female_w78p0_20260826_134421,/mnt/hdd16T/ToqeerHomeBackup/mujoco_project/outputs/_highrate_overnight/campaign_highrate_truth_v3_rne_corrected396/runs/P019/task_24/scenario24_age42_h1p76_sex_female_w78p0_20260826_134421/fall_scenario24_age42_20260826_134421_highrate_truth.csv,5.500000000000108,10.066666666667489,5.7633,263.2999999998917,27,0,35,True,True,False,peak_impact_magnitude_within_3s_after_fall_onset,True,ok,repository_peak_impact_magnitude_within_3s_after_fall_onset_v2,>=30 actual samples on corrected 100Hz grid and >=1 complete 30-sample window,100,30,15,300,50,recovered_interval_shorter_than_30_samples
P019,28,/mnt/hdd16T/ToqeerHomeBackup/mujoco_project/outputs/_highrate_overnight/campaign_highrate_truth_v3_rne_corrected396/runs/P019/task_28/scenario28_age42_h1p76_sex_female_w78p0_20260826_134500,/mnt/hdd16T/ToqeerHomeBackup/mujoco_project/outputs/_highrate_overnight/campaign_highrate_truth_v3_rne_corrected396/runs/P019/task_28/scenario28_age42_h1p76_sex_female_w78p0_20260826_134500/fall_scenario28_age42_20260826_134500_highrate_truth.csv,6.833333333333649,7.333333333333727,7.1333,299.966666666351,30,1,44,True,True,True,peak_impact_magnitude_within_3s_after_fall_onset,True,ok,repository_peak_impact_magnitude_within_3s_after_fall_onset_v2,>=30 actual samples on corrected 100Hz grid and >=1 complete 30-sample window,100,30,15,300,50,
P019,29,/mnt/hdd16T/ToqeerHomeBackup/mujoco_project/outputs/_highrate_overnight/campaign_highrate_truth_v3_rne_corrected396/runs/P019/task_29/scenario29_age42_h1p76_sex_female_w78p0_20260826_134743,/mnt/hdd16T/ToqeerHomeBackup/mujoco_project/outputs/_highrate_overnight/campaign_highrate_truth_v3_rne_corrected396/runs/P019/task_29/scenario29_age42_h1p76_sex_female_w78p0_20260826_134743/fall_scenario29_age42_20260826_134743_highrate_truth.csv,6.833333333333649,8.100000000000513,7.8633,1029.9666666663504,103,5,44,True,True,True,peak_impact_magnitude_within_3s_after_fall_onset,True,ok,repository_peak_impact_magnitude_within_3s_after_fall_onset_v2,>=30 actual samples on corrected 100Hz grid and >=1 complete 30-sample window,100,30,15,300,50,
P019,30,/mnt/hdd16T/ToqeerHomeBackup/mujoco_project/outputs/_highrate_overnight/campaign_highrate_truth_v3_rne_corrected396/runs/P019/task_30/scenario30_age42_h1p76_sex_female_w78p0_20260826_135026,/mnt/hdd16T/ToqeerHomeBackup/mujoco_project/outputs/_highrate_overnight/campaign_highrate_truth_v3_rne_corrected396/runs/P019/task_30/scenario30_age42_h1p76_sex_female_w78p0_20260826_135026/fall_scenario30_age42_20260826_135026_highrate_truth.csv,7.000000000000342,7.000000000000342,7.0333,33.299999999657715,4,0,45,True,True,False,peak_impact_magnitude_within_3s_after_fall_onset,True,ok,repository_peak_impact_magnitude_within_3s_after_fall_onset_v2,>=30 actual samples on corrected 100Hz grid and >=1 complete 30-sample window,100,30,15,300,50,recovered_interval_shorter_than_30_samples
P019,31,/mnt/hdd16T/ToqeerHomeBackup/mujoco_project/outputs/_highrate_overnight/campaign_highrate_truth_v3_rne_corrected396/runs/P019/task_31/scenario31_age42_h1p76_sex_female_w78p0_20260826_135310,/mnt/hdd16T/ToqeerHomeBackup/mujoco_project/outputs/_highrate_overnight/campaign_highrate_truth_v3_rne_corrected396/runs/P019/task_31/scenario31_age42_h1p76_sex_female_w78p0_20260826_135310/fall_scenario31_age42_20260826_135310_highrate_truth.csv,6.933333333333665,7.000000000000342,7.0333,99.9666666663348,10,0,45,True,True,False,peak_impact_magnitude_within_3s_after_fall_onset,True,ok,repository_peak_impact_magnitude_within_3s_after_fall_onset_v2,>=30 actual samples on corrected 100Hz grid and >=1 complete 30-sample window,100,30,15,300,50,recovered_interval_shorter_than_30_samples
P019,32,/mnt/hdd16T/ToqeerHomeBackup/mujoco_project/outputs/_highrate_overnight/campaign_highrate_truth_v3_rne_corrected396/runs/P019/task_32/scenario32_age42_h1p76_sex_female_w78p0_20260826_135554,/mnt/hdd16T/ToqeerHomeBackup/mujoco_project/outputs/_highrate_overnight/campaign_highrate_truth_v3_rne_corrected396/runs/P019/task_32/scenario32_age42_h1p76_sex_female_w78p0_20260826_135554/fall_scenario32_age42_20260826_135554_highrate_truth.csv,6.833333333333649,7.933333333333821,8.0333,1199.966666666351,120,7,44,True,True,True,peak_impact_magnitude_within_3s_after_fall_onset,True,ok,repository_peak_impact_magnitude_within_3s_after_fall_onset_v2,>=30 actual samples on corrected 100Hz grid and >=1 complete 30-sample window,100,30,15,300,50,
P019,33,/mnt/hdd16T/ToqeerHomeBackup/mujoco_project/outputs/_highrate_overnight/campaign_highrate_truth_v3_rne_corrected396/runs/P019/task_33/scenario33_age42_h1p76_sex_female_w78p0_20260826_135838,/mnt/hdd16T/ToqeerHomeBackup/mujoco_project/outputs/_highrate_overnight/campaign_highrate_truth_v3_rne_corrected396/runs/P019/task_33/scenario33_age42_h1p76_sex_female_w78p0_20260826_135838/fall_scenario33_age42_20260826_135838_highrate_truth.csv,6.866666666666988,8.16666666666719,8.1333,1266.6333333330124,127,7,44,True,True,True,peak_impact_magnitude_within_3s_after_fall_onset,True,ok,repository_peak_impact_magnitude_within_3s_after_fall_onset_v2,>=30 actual samples on corrected 100Hz grid and >=1 complete 30-sample window,100,30,15,300,50,
P019,34,/mnt/hdd16T/ToqeerHomeBackup/mujoco_project/outputs/_highrate_overnight/campaign_highrate_truth_v3_rne_corrected396/runs/P019/task_34/scenario34_age42_h1p76_sex_female_w78p0_20260826_140122,/mnt/hdd16T/ToqeerHomeBackup/mujoco_project/outputs/_highrate_overnight/campaign_highrate_truth_v3_rne_corrected396/runs/P019/task_34/scenario34_age42_h1p76_sex_female_w78p0_20260826_140122/fall_scenario34_age42_20260826_140122_highrate_truth.csv,6.866666666666988,7.833333333333805,9.5333,2666.6333333330126,267,16,44,True,True,True,peak_impact_magnitude_within_3s_after_fall_onset,True,ok,repository_peak_impact_magnitude_within_3s_after_fall_onset_v2,>=30 actual samples on corrected 100Hz grid and >=1 complete 30-sample window,100,30,15,300,50,
P019,37,/mnt/hdd16T/ToqeerHomeBackup/mujoco_project/outputs/_highrate_overnight/campaign_highrate_truth_v3_rne_corrected396/runs/P019/task_37/scenario37_age42_h1p76_sex_female_w78p0_20260826_140404,/mnt/hdd16T/ToqeerHomeBackup/mujoco_project/outputs/_highrate_overnight/campaign_highrate_truth_v3_rne_corrected396/runs/P019/task_37/scenario37_age42_h1p76_sex_female_w78p0_20260826_140404/fall_scenario37_age42_20260826_140404_highrate_truth.csv,17.966666666668722,18.43333333333546,18.5333,566.6333333312785,57,2,118,True,True,True,peak_impact_magnitude_within_3s_after_fall_onset,True,ok,repository_peak_impact_magnitude_within_3s_after_fall_onset_v2,>=30 actual samples on corrected 100Hz grid and >=1 complete 30-sample window,100,30,15,300,50,
P019,38,/mnt/hdd16T/ToqeerHomeBackup/mujoco_project/outputs/_highrate_overnight/campaign_highrate_truth_v3_rne_corrected396/runs/P019/task_38/scenario38_age42_h1p76_sex_female_w78p0_20260826_140648,/mnt/hdd16T/ToqeerHomeBackup/mujoco_project/outputs/_highrate_overnight/campaign_highrate_truth_v3_rne_corrected396/runs/P019/task_38/scenario38_age42_h1p76_sex_female_w78p0_20260826_140648/fall_scenario38_age42_20260826_140648_highrate_truth.csv,17.900000000002045,18.26666666666877,18.2633,363.299999997956,37,1,118,True,True,True,peak_impact_magnitude_within_3s_after_fall_onset,True,ok,repository_peak_impact_magnitude_within_3s_after_fall_onset_v2,>=30 actual samples on corrected 100Hz grid and >=1 complete 30-sample window,100,30,15,300,50,
P019,39,/mnt/hdd16T/ToqeerHomeBackup/mujoco_project/outputs/_highrate_overnight/campaign_highrate_truth_v3_rne_corrected396/runs/P019/task_39/scenario39_age42_h1p76_sex_female_w78p0_20260826_140930,/mnt/hdd16T/ToqeerHomeBackup/mujoco_project/outputs/_highrate_overnight/campaign_highrate_truth_v3_rne_corrected396/runs/P019/task_39/scenario39_age42_h1p76_sex_female_w78p0_20260826_140930/fall_scenario39_age42_20260826_140930_highrate_truth.csv,5.533333333333446,6.166666666666878,6.1633,629.9666666665536,63,3,35,True,True,True,peak_impact_magnitude_within_3s_after_fall_onset,True,ok,repository_peak_impact_magnitude_within_3s_after_fall_onset_v2,>=30 actual samples on corrected 100Hz grid and >=1 complete 30-sample window,100,30,15,300,50,
P019,40,/mnt/hdd16T/ToqeerHomeBackup/mujoco_project/outputs/_highrate_overnight/campaign_highrate_truth_v3_rne_corrected396/runs/P019/task_40/scenario40_age42_h1p76_sex_female_w78p0_20260826_141009,/mnt/hdd16T/ToqeerHomeBackup/mujoco_project/outputs/_highrate_overnight/campaign_highrate_truth_v3_rne_corrected396/runs/P019/task_40/scenario40_age42_h1p76_sex_female_w78p0_20260826_141009/fall_scenario40_age42_20260826_141009_highrate_truth.csv,5.866666666666832,6.100000000000201,6.1333,266.63333333316785,27,0,38,True,True,False,peak_impact_magnitude_within_3s_after_fall_onset,True,ok,repository_peak_impact_magnitude_within_3s_after_fall_onset_v2,>=30 actual samples on corrected 100Hz grid and >=1 complete 30-sample window,100,30,15,300,50,recovered_interval_shorter_than_30_samples
P019,41,/mnt/hdd16T/ToqeerHomeBackup/mujoco_project/outputs/_highrate_overnight/campaign_highrate_truth_v3_rne_corrected396/runs/P019/task_41/scenario41_age42_h1p76_sex_female_w78p0_20260826_141049,/mnt/hdd16T/ToqeerHomeBackup/mujoco_project/outputs/_highrate_overnight/campaign_highrate_truth_v3_rne_corrected396/runs/P019/task_41/scenario41_age42_h1p76_sex_female_w78p0_20260826_141049/fall_scenario41_age42_20260826_141049_highrate_truth.csv,5.366666666666753,6.333333333333571,6.3333,966.633333333247,97,5,34,True,True,True,peak_impact_magnitude_within_3s_after_fall_onset,True,ok,repository_peak_impact_magnitude_within_3s_after_fall_onset_v2,>=30 actual samples on corrected 100Hz grid and >=1 complete 30-sample window,100,30,15,300,50,
P019,42,/mnt/hdd16T/ToqeerHomeBackup/mujoco_project/outputs/_highrate_overnight/campaign_highrate_truth_v3_rne_corrected396/runs/P019/task_42/scenario42_age42_h1p76_sex_female_w78p0_20260826_141128,/mnt/hdd16T/ToqeerHomeBackup/mujoco_project/outputs/_highrate_overnight/campaign_highrate_truth_v3_rne_corrected396/runs/P019/task_42/scenario42_age42_h1p76_sex_female_w78p0_20260826_141128/fall_scenario42_age42_20260826_141128_highrate_truth.csv,5.266666666666738,6.233333333333555,6.2033,936.633333333262,94,5,34,True,True,True,peak_impact_magnitude_within_3s_after_fall_onset,True,ok,repository_peak_impact_magnitude_within_3s_after_fall_onset_v2,>=30 actual samples on corrected 100Hz grid and >=1 complete 30-sample window,100,30,15,300,50,
P020,20,/mnt/hdd16T/ToqeerHomeBackup/mujoco_project/outputs/_highrate_overnight/campaign_highrate_truth_v3_rne_corrected396/runs/P020/task_20/scenario20_age49_h1p63_sex_female_w73p0_20260826_141208,/mnt/hdd16T/ToqeerHomeBackup/mujoco_project/outputs/_highrate_overnight/campaign_highrate_truth_v3_rne_corrected396/runs/P020/task_20/scenario20_age49_h1p63_sex_female_w73p0_20260826_141208/fall_scenario20_age49_20260826_141208_highrate_truth.csv,6.233333333333555,6.533333333333602,6.6033,369.9666666664445,37,1,40,True,True,True,peak_impact_magnitude_within_3s_after_fall_onset,True,ok,repository_peak_impact_magnitude_within_3s_after_fall_onset_v2,>=30 actual samples on corrected 100Hz grid and >=1 complete 30-sample window,100,30,15,300,50,
P020,21,/mnt/hdd16T/ToqeerHomeBackup/mujoco_project/outputs/_highrate_overnight/campaign_highrate_truth_v3_rne_corrected396/runs/P020/task_21/scenario21_age49_h1p63_sex_female_w73p0_20260826_141316,/mnt/hdd16T/ToqeerHomeBackup/mujoco_project/outputs/_highrate_overnight/campaign_highrate_truth_v3_rne_corrected396/runs/P020/task_21/scenario21_age49_h1p63_sex_female_w73p0_20260826_141316/fall_scenario21_age49_20260826_141316_highrate_truth.csv,5.466666666666769,5.766666666666816,5.9333,466.6333333332311,47,2,35,True,True,True,peak_impact_magnitude_within_3s_after_fall_onset,True,ok,repository_peak_impact_magnitude_within_3s_after_fall_onset_v2,>=30 actual samples on corrected 100Hz grid and >=1 complete 30-sample window,100,30,15,300,50,
P020,22,/mnt/hdd16T/ToqeerHomeBackup/mujoco_project/outputs/_highrate_overnight/campaign_highrate_truth_v3_rne_corrected396/runs/P020/task_22/scenario22_age49_h1p63_sex_female_w73p0_20260826_141354,/mnt/hdd16T/ToqeerHomeBackup/mujoco_project/outputs/_highrate_overnight/campaign_highrate_truth_v3_rne_corrected396/runs/P020/task_22/scenario22_age49_h1p63_sex_female_w73p0_20260826_141354/fall_scenario22_age49_20260826_141354_highrate_truth.csv,5.466666666666769,5.766666666666816,6.0033,536.6333333332313,54,2,35,True,True,True,peak_impact_magnitude_within_3s_after_fall_onset,True,ok,repository_peak_impact_magnitude_within_3s_after_fall_onset_v2,>=30 actual samples on corrected 100Hz grid and >=1 complete 30-sample window,100,30,15,300,50,
P020,23,/mnt/hdd16T/ToqeerHomeBackup/mujoco_project/outputs/_highrate_overnight/campaign_highrate_truth_v3_rne_corrected396/runs/P020/task_23/scenario23_age49_h1p63_sex_female_w73p0_20260826_141432,/mnt/hdd16T/ToqeerHomeBackup/mujoco_project/outputs/_highrate_overnight/campaign_highrate_truth_v3_rne_corrected396/runs/P020/task_23/scenario23_age49_h1p63_sex_female_w73p0_20260826_141432/fall_scenario23_age49_20260826_141432_highrate_truth.csv,6.3000000000002325,6.500000000000264,6.7633,463.2999999997676,47,2,41,True,True,True,peak_impact_magnitude_within_3s_after_fall_onset,True,ok,repository_peak_impact_magnitude_within_3s_after_fall_onset_v2,>=30 actual samples on corrected 100Hz grid and >=1 complete 30-sample window,100,30,15,300,50,
P020,24,/mnt/hdd16T/ToqeerHomeBackup/mujoco_project/outputs/_highrate_overnight/campaign_highrate_truth_v3_rne_corrected396/runs/P020/task_24/scenario24_age49_h1p63_sex_female_w73p0_20260826_141541,/mnt/hdd16T/ToqeerHomeBackup/mujoco_project/outputs/_highrate_overnight/campaign_highrate_truth_v3_rne_corrected396/runs/P020/task_24/scenario24_age49_h1p63_sex_female_w73p0_20260826_141541/fall_scenario24_age49_20260826_141541_highrate_truth.csv,4.900000000000014,5.800000000000154,5.9733,1073.2999999999863,108,6,31,True,True,True,peak_impact_magnitude_within_3s_after_fall_onset,True,ok,repository_peak_impact_magnitude_within_3s_after_fall_onset_v2,>=30 actual samples on corrected 100Hz grid and >=1 complete 30-sample window,100,30,15,300,50,
P020,28,/mnt/hdd16T/ToqeerHomeBackup/mujoco_project/outputs/_highrate_overnight/campaign_highrate_truth_v3_rne_corrected396/runs/P020/task_28/scenario28_age49_h1p63_sex_female_w73p0_20260826_141619,/mnt/hdd16T/ToqeerHomeBackup/mujoco_project/outputs/_highrate_overnight/campaign_highrate_truth_v3_rne_corrected396/runs/P020/task_28/scenario28_age49_h1p63_sex_female_w73p0_20260826_141619/fall_scenario28_age49_20260826_141619_highrate_truth.csv,17.433333333335305,17.933333333335383,17.8333,399.966666664696,40,1,115,True,True,True,peak_impact_magnitude_within_3s_after_fall_onset,True,ok,repository_peak_impact_magnitude_within_3s_after_fall_onset_v2,>=30 actual samples on corrected 100Hz grid and >=1 complete 30-sample window,100,30,15,300,50,
P020,29,/mnt/hdd16T/ToqeerHomeBackup/mujoco_project/outputs/_highrate_overnight/campaign_highrate_truth_v3_rne_corrected396/runs/P020/task_29/scenario29_age49_h1p63_sex_female_w73p0_20260826_141902,/mnt/hdd16T/ToqeerHomeBackup/mujoco_project/outputs/_highrate_overnight/campaign_highrate_truth_v3_rne_corrected396/runs/P020/task_29/scenario29_age49_h1p63_sex_female_w73p0_20260826_141902/fall_scenario29_age49_20260826_141902_highrate_truth.csv,17.733333333335352,18.300000000002107,18.3333,599.966666664649,60,3,117,True,True,True,peak_impact_magnitude_within_3s_after_fall_onset,True,ok,repository_peak_impact_magnitude_within_3s_after_fall_onset_v2,>=30 actual samples on corrected 100Hz grid and >=1 complete 30-sample window,100,30,15,300,50,
P020,30,/mnt/hdd16T/ToqeerHomeBackup/mujoco_project/outputs/_highrate_overnight/campaign_highrate_truth_v3_rne_corrected396/runs/P020/task_30/scenario30_age49_h1p63_sex_female_w73p0_20260826_142145,/mnt/hdd16T/ToqeerHomeBackup/mujoco_project/outputs/_highrate_overnight/campaign_highrate_truth_v3_rne_corrected396/runs/P020/task_30/scenario30_age49_h1p63_sex_female_w73p0_20260826_142145/fall_scenario30_age49_20260826_142145_highrate_truth.csv,17.433333333335305,17.666666666668675,17.5333,99.96666666469524,10,0,115,True,True,False,peak_impact_magnitude_within_3s_after_fall_onset,True,ok,repository_peak_impact_magnitude_within_3s_after_fall_onset_v2,>=30 actual samples on corrected 100Hz grid and >=1 complete 30-sample window,100,30,15,300,50,recovered_interval_shorter_than_30_samples
P020,31,/mnt/hdd16T/ToqeerHomeBackup/mujoco_project/outputs/_highrate_overnight/campaign_highrate_truth_v3_rne_corrected396/runs/P020/task_31/scenario31_age49_h1p63_sex_female_w73p0_20260826_142427,/mnt/hdd16T/ToqeerHomeBackup/mujoco_project/outputs/_highrate_overnight/campaign_highrate_truth_v3_rne_corrected396/runs/P020/task_31/scenario31_age49_h1p63_sex_female_w73p0_20260826_142427/fall_scenario31_age49_20260826_142427_highrate_truth.csv,17.433333333335305,18.23333333333543,17.5333,99.96666666469524,10,0,115,True,True,False,peak_impact_magnitude_within_3s_after_fall_onset,True,ok,repository_peak_impact_magnitude_within_3s_after_fall_onset_v2,>=30 actual samples on corrected 100Hz grid and >=1 complete 30-sample window,100,30,15,300,50,recovered_interval_shorter_than_30_samples
P020,32,/mnt/hdd16T/ToqeerHomeBackup/mujoco_project/outputs/_highrate_overnight/campaign_highrate_truth_v3_rne_corrected396/runs/P020/task_32/scenario32_age49_h1p63_sex_female_w73p0_20260826_142711,/mnt/hdd16T/ToqeerHomeBackup/mujoco_project/outputs/_highrate_overnight/campaign_highrate_truth_v3_rne_corrected396/runs/P020/task_32/scenario32_age49_h1p63_sex_female_w73p0_20260826_142711/fall_scenario32_age49_20260826_142711_highrate_truth.csv,18.066666666668738,18.4666666666688,18.4633,396.6333333312626,40,1,119,True,True,True,peak_impact_magnitude_within_3s_after_fall_onset,True,ok,repository_peak_impact_magnitude_within_3s_after_fall_onset_v2,>=30 actual samples on corrected 100Hz grid and >=1 complete 30-sample window,100,30,15,300,50,
P020,33,/mnt/hdd16T/ToqeerHomeBackup/mujoco_project/outputs/_highrate_overnight/campaign_highrate_truth_v3_rne_corrected396/runs/P020/task_33/scenario33_age49_h1p63_sex_female_w73p0_20260826_142954,/mnt/hdd16T/ToqeerHomeBackup/mujoco_project/outputs/_highrate_overnight/campaign_highrate_truth_v3_rne_corrected396/runs/P020/task_33/scenario33_age49_h1p63_sex_female_w73p0_20260826_142954/fall_scenario33_age49_20260826_142954_highrate_truth.csv,18.33333333333545,18.600000000002154,18.7033,369.9666666645492,37,1,121,True,True,True,peak_impact_magnitude_within_3s_after_fall_onset,True,ok,repository_peak_impact_magnitude_within_3s_after_fall_onset_v2,>=30 actual samples on corrected 100Hz grid and >=1 complete 30-sample window,100,30,15,300,50,
P020,34,/mnt/hdd16T/ToqeerHomeBackup/mujoco_project/outputs/_highrate_overnight/campaign_highrate_truth_v3_rne_corrected396/runs/P020/task_34/scenario34_age49_h1p63_sex_female_w73p0_20260826_143237,/mnt/hdd16T/ToqeerHomeBackup/mujoco_project/outputs/_highrate_overnight/campaign_highrate_truth_v3_rne_corrected396/runs/P020/task_34/scenario34_age49_h1p63_sex_female_w73p0_20260826_143237/fall_scenario34_age49_20260826_143237_highrate_truth.csv,18.16666666666876,18.4666666666688,19.2333,1066.633333331243,107,6,120,True,True,True,peak_impact_magnitude_within_3s_after_fall_onset,True,ok,repository_peak_impact_magnitude_within_3s_after_fall_onset_v2,>=30 actual samples on corrected 100Hz grid and >=1 complete 30-sample window,100,30,15,300,50,
P020,37,/mnt/hdd16T/ToqeerHomeBackup/mujoco_project/outputs/_highrate_overnight/campaign_highrate_truth_v3_rne_corrected396/runs/P020/task_37/scenario37_age49_h1p63_sex_female_w73p0_20260826_143520,/mnt/hdd16T/ToqeerHomeBackup/mujoco_project/outputs/_highrate_overnight/campaign_highrate_truth_v3_rne_corrected396/runs/P020/task_37/scenario37_age49_h1p63_sex_female_w73p0_20260826_143520/fall_scenario37_age49_20260826_143520_highrate_truth.csv,7.533333333333759,8.066666666667174,9.2333,1699.9666666662413,170,10,49,True,True,True,peak_impact_magnitude_within_3s_after_fall_onset,True,ok,repository_peak_impact_magnitude_within_3s_after_fall_onset_v2,>=30 actual samples on corrected 100Hz grid and >=1 complete 30-sample window,100,30,15,300,50,
P020,38,/mnt/hdd16T/ToqeerHomeBackup/mujoco_project/outputs/_highrate_overnight/campaign_highrate_truth_v3_rne_corrected396/runs/P020/task_38/scenario38_age49_h1p63_sex_female_w73p0_20260826_143805,/mnt/hdd16T/ToqeerHomeBackup/mujoco_project/outputs/_highrate_overnight/campaign_highrate_truth_v3_rne_corrected396/runs/P020/task_38/scenario38_age49_h1p63_sex_female_w73p0_20260826_143805/fall_scenario38_age49_20260826_143805_highrate_truth.csv,18.400000000002123,18.800000000002186,20.0033,1603.2999999978765,161,9,121,True,True,True,peak_impact_magnitude_within_3s_after_fall_onset,True,ok,repository_peak_impact_magnitude_within_3s_after_fall_onset_v2,>=30 actual samples on corrected 100Hz grid and >=1 complete 30-sample window,100,30,15,300,50,
P020,39,/mnt/hdd16T/ToqeerHomeBackup/mujoco_project/outputs/_highrate_overnight/campaign_highrate_truth_v3_rne_corrected396/runs/P020/task_39/scenario39_age49_h1p63_sex_female_w73p0_20260826_144048,/mnt/hdd16T/ToqeerHomeBackup/mujoco_project/outputs/_highrate_overnight/campaign_highrate_truth_v3_rne_corrected396/runs/P020/task_39/scenario39_age49_h1p63_sex_female_w73p0_20260826_144048/fall_scenario39_age49_20260826_144048_highrate_truth.csv,5.633333333333462,6.166666666666878,6.1333,499.9666666665386,50,2,36,True,True,True,peak_impact_magnitude_within_3s_after_fall_onset,True,ok,repository_peak_impact_magnitude_within_3s_after_fall_onset_v2,>=30 actual samples on corrected 100Hz grid and >=1 complete 30-sample window,100,30,15,300,50,
P020,40,/mnt/hdd16T/ToqeerHomeBackup/mujoco_project/outputs/_highrate_overnight/campaign_highrate_truth_v3_rne_corrected396/runs/P020/task_40/scenario40_age49_h1p63_sex_female_w73p0_20260826_144127,/mnt/hdd16T/ToqeerHomeBackup/mujoco_project/outputs/_highrate_overnight/campaign_highrate_truth_v3_rne_corrected396/runs/P020/task_40/scenario40_age49_h1p63_sex_female_w73p0_20260826_144127/fall_scenario40_age49_20260826_144127_highrate_truth.csv,5.833333333333493,6.500000000000264,6.1333,299.9666666665073,30,1,37,True,True,True,peak_impact_magnitude_within_3s_after_fall_onset,True,ok,repository_peak_impact_magnitude_within_3s_after_fall_onset_v2,>=30 actual samples on corrected 100Hz grid and >=1 complete 30-sample window,100,30,15,300,50,
P020,41,/mnt/hdd16T/ToqeerHomeBackup/mujoco_project/outputs/_highrate_overnight/campaign_highrate_truth_v3_rne_corrected396/runs/P020/task_41/scenario41_age49_h1p63_sex_female_w73p0_20260826_144207,/mnt/hdd16T/ToqeerHomeBackup/mujoco_project/outputs/_highrate_overnight/campaign_highrate_truth_v3_rne_corrected396/runs/P020/task_41/scenario41_age49_h1p63_sex_female_w73p0_20260826_144207/fall_scenario41_age49_20260826_144207_highrate_truth.csv,5.533333333333446,6.900000000000326,6.5033,969.9666666665544,97,5,35,True,True,True,peak_impact_magnitude_within_3s_after_fall_onset,True,ok,repository_peak_impact_magnitude_within_3s_after_fall_onset_v2,>=30 actual samples on corrected 100Hz grid and >=1 complete 30-sample window,100,30,15,300,50,
P020,42,/mnt/hdd16T/ToqeerHomeBackup/mujoco_project/outputs/_highrate_overnight/campaign_highrate_truth_v3_rne_corrected396/runs/P020/task_42/scenario42_age49_h1p63_sex_female_w73p0_20260826_144247,/mnt/hdd16T/ToqeerHomeBackup/mujoco_project/outputs/_highrate_overnight/campaign_highrate_truth_v3_rne_corrected396/runs/P020/task_42/scenario42_age49_h1p63_sex_female_w73p0_20260826_144247/fall_scenario42_age49_20260826_144247_highrate_truth.csv,5.700000000000139,6.633333333333618,6.1933,493.2999999998611,50,2,37,True,True,True,peak_impact_magnitude_within_3s_after_fall_onset,True,ok,repository_peak_impact_magnitude_within_3s_after_fall_onset_v2,>=30 actual samples on corrected 100Hz grid and >=1 complete 30-sample window,100,30,15,300,50,
P021,20,/mnt/hdd16T/ToqeerHomeBackup/mujoco_project/outputs/_highrate_overnight/campaign_highrate_truth_v3_rne_corrected396/runs/P021/task_20/scenario20_age53_h1p90_sex_male_w96p0_20260826_144327,/mnt/hdd16T/ToqeerHomeBackup/mujoco_project/outputs/_highrate_overnight/campaign_highrate_truth_v3_rne_corrected396/runs/P021/task_20/scenario20_age53_h1p90_sex_male_w96p0_20260826_144327/fall_scenario20_age53_20260826_144327_highrate_truth.csv,5.866666666666832,6.100000000000201,6.6633,796.6333333331672,80,4,38,True,True,True,peak_impact_magnitude_within_3s_after_fall_onset,True,ok,repository_peak_impact_magnitude_within_3s_after_fall_onset_v2,>=30 actual samples on corrected 100Hz grid and >=1 complete 30-sample window,100,30,15,300,50,
P021,21,/mnt/hdd16T/ToqeerHomeBackup/mujoco_project/outputs/_highrate_overnight/campaign_highrate_truth_v3_rne_corrected396/runs/P021/task_21/scenario21_age53_h1p90_sex_male_w96p0_20260826_144435,/mnt/hdd16T/ToqeerHomeBackup/mujoco_project/outputs/_highrate_overnight/campaign_highrate_truth_v3_rne_corrected396/runs/P021/task_21/scenario21_age53_h1p90_sex_male_w96p0_20260826_144435/fall_scenario21_age53_20260826_144435_highrate_truth.csv,5.500000000000108,5.500000000000108,5.5733,73.29999999989134,8,0,35,True,True,False,peak_impact_magnitude_within_3s_after_fall_onset,True,ok,repository_peak_impact_magnitude_within_3s_after_fall_onset_v2,>=30 actual samples on corrected 100Hz grid and >=1 complete 30-sample window,100,30,15,300,50,recovered_interval_shorter_than_30_samples
P021,22,/mnt/hdd16T/ToqeerHomeBackup/mujoco_project/outputs/_highrate_overnight/campaign_highrate_truth_v3_rne_corrected396/runs/P021/task_22/scenario22_age53_h1p90_sex_male_w96p0_20260826_144514,/mnt/hdd16T/ToqeerHomeBackup/mujoco_project/outputs/_highrate_overnight/campaign_highrate_truth_v3_rne_corrected396/runs/P021/task_22/scenario22_age53_h1p90_sex_male_w96p0_20260826_144514/fall_scenario22_age53_20260826_144514_highrate_truth.csv,5.500000000000108,5.500000000000108,5.5733,73.29999999989134,8,0,35,True,True,False,peak_impact_magnitude_within_3s_after_fall_onset,True,ok,repository_peak_impact_magnitude_within_3s_after_fall_onset_v2,>=30 actual samples on corrected 100Hz grid and >=1 complete 30-sample window,100,30,15,300,50,recovered_interval_shorter_than_30_samples
P021,23,/mnt/hdd16T/ToqeerHomeBackup/mujoco_project/outputs/_highrate_overnight/campaign_highrate_truth_v3_rne_corrected396/runs/P021/task_23/scenario23_age53_h1p90_sex_male_w96p0_20260826_144552,/mnt/hdd16T/ToqeerHomeBackup/mujoco_project/outputs/_highrate_overnight/campaign_highrate_truth_v3_rne_corrected396/runs/P021/task_23/scenario23_age53_h1p90_sex_male_w96p0_20260826_144552/fall_scenario23_age53_20260826_144552_highrate_truth.csv,5.9333333333335085,6.700000000000295,6.7033,769.966666666491,77,4,38,True,True,True,peak_impact_magnitude_within_3s_after_fall_onset,True,ok,repository_peak_impact_magnitude_within_3s_after_fall_onset_v2,>=30 actual samples on corrected 100Hz grid and >=1 complete 30-sample window,100,30,15,300,50,
P021,24,/mnt/hdd16T/ToqeerHomeBackup/mujoco_project/outputs/_highrate_overnight/campaign_highrate_truth_v3_rne_corrected396/runs/P021/task_24/scenario24_age53_h1p90_sex_male_w96p0_20260826_144700,/mnt/hdd16T/ToqeerHomeBackup/mujoco_project/outputs/_highrate_overnight/campaign_highrate_truth_v3_rne_corrected396/runs/P021/task_24/scenario24_age53_h1p90_sex_male_w96p0_20260826_144700/fall_scenario24_age53_20260826_144700_highrate_truth.csv,5.500000000000108,5.500000000000108,6.8633,1363.2999999998913,137,8,35,True,True,True,peak_impact_magnitude_within_3s_after_fall_onset,True,ok,repository_peak_impact_magnitude_within_3s_after_fall_onset_v2,>=30 actual samples on corrected 100Hz grid and >=1 complete 30-sample window,100,30,15,300,50,
P021,28,/mnt/hdd16T/ToqeerHomeBackup/mujoco_project/outputs/_highrate_overnight/campaign_highrate_truth_v3_rne_corrected396/runs/P021/task_28/scenario28_age53_h1p90_sex_male_w96p0_20260826_144739,/mnt/hdd16T/ToqeerHomeBackup/mujoco_project/outputs/_highrate_overnight/campaign_highrate_truth_v3_rne_corrected396/runs/P021/task_28/scenario28_age53_h1p90_sex_male_w96p0_20260826_144739/fall_scenario28_age53_20260826_144739_highrate_truth.csv,7.233333333333712,7.700000000000451,8.0033,769.9666666662877,77,4,47,True,True,True,peak_impact_magnitude_within_3s_after_fall_onset,True,ok,repository_peak_impact_magnitude_within_3s_after_fall_onset_v2,>=30 actual samples on corrected 100Hz grid and >=1 complete 30-sample window,100,30,15,300,50,
P021,29,/mnt/hdd16T/ToqeerHomeBackup/mujoco_project/outputs/_highrate_overnight/campaign_highrate_truth_v3_rne_corrected396/runs/P021/task_29/scenario29_age53_h1p90_sex_male_w96p0_20260826_145022,/mnt/hdd16T/ToqeerHomeBackup/mujoco_project/outputs/_highrate_overnight/campaign_highrate_truth_v3_rne_corrected396/runs/P021/task_29/scenario29_age53_h1p90_sex_male_w96p0_20260826_145022/fall_scenario29_age53_20260826_145022_highrate_truth.csv,7.433333333333743,8.16666666666719,8.2333,799.9666666662569,80,4,48,True,True,True,peak_impact_magnitude_within_3s_after_fall_onset,True,ok,repository_peak_impact_magnitude_within_3s_after_fall_onset_v2,>=30 actual samples on corrected 100Hz grid and >=1 complete 30-sample window,100,30,15,300,50,
P021,30,/mnt/hdd16T/ToqeerHomeBackup/mujoco_project/outputs/_highrate_overnight/campaign_highrate_truth_v3_rne_corrected396/runs/P021/task_30/scenario30_age53_h1p90_sex_male_w96p0_20260826_145307,/mnt/hdd16T/ToqeerHomeBackup/mujoco_project/outputs/_highrate_overnight/campaign_highrate_truth_v3_rne_corrected396/runs/P021/task_30/scenario30_age53_h1p90_sex_male_w96p0_20260826_145307/fall_scenario30_age53_20260826_145307_highrate_truth.csv,7.200000000000373,8.200000000000529,7.2333,33.29999999962663,4,0,47,True,True,False,peak_impact_magnitude_within_3s_after_fall_onset,True,ok,repository_peak_impact_magnitude_within_3s_after_fall_onset_v2,>=30 actual samples on corrected 100Hz grid and >=1 complete 30-sample window,100,30,15,300,50,recovered_interval_shorter_than_30_samples
P021,31,/mnt/hdd16T/ToqeerHomeBackup/mujoco_project/outputs/_highrate_overnight/campaign_highrate_truth_v3_rne_corrected396/runs/P021/task_31/scenario31_age53_h1p90_sex_male_w96p0_20260826_145551,/mnt/hdd16T/ToqeerHomeBackup/mujoco_project/outputs/_highrate_overnight/campaign_highrate_truth_v3_rne_corrected396/runs/P021/task_31/scenario31_age53_h1p90_sex_male_w96p0_20260826_145551/fall_scenario31_age53_20260826_145551_highrate_truth.csv,7.200000000000373,7.600000000000436,7.2333,33.29999999962663,4,0,47,True,True,False,peak_impact_magnitude_within_3s_after_fall_onset,True,ok,repository_peak_impact_magnitude_within_3s_after_fall_onset_v2,>=30 actual samples on corrected 100Hz grid and >=1 complete 30-sample window,100,30,15,300,50,recovered_interval_shorter_than_30_samples
P021,32,/mnt/hdd16T/ToqeerHomeBackup/mujoco_project/outputs/_highrate_overnight/campaign_highrate_truth_v3_rne_corrected396/runs/P021/task_32/scenario32_age53_h1p90_sex_male_w96p0_20260826_145835,/mnt/hdd16T/ToqeerHomeBackup/mujoco_project/outputs/_highrate_overnight/campaign_highrate_truth_v3_rne_corrected396/runs/P021/task_32/scenario32_age53_h1p90_sex_male_w96p0_20260826_145835/fall_scenario32_age53_20260826_145835_highrate_truth.csv,7.833333333333805,8.266666666667206,8.3333,499.9666666661949,50,2,51,True,True,True,peak_impact_magnitude_within_3s_after_fall_onset,True,ok,repository_peak_impact_magnitude_within_3s_after_fall_onset_v2,>=30 actual samples on corrected 100Hz grid and >=1 complete 30-sample window,100,30,15,300,50,
P021,33,/mnt/hdd16T/ToqeerHomeBackup/mujoco_project/outputs/_highrate_overnight/campaign_highrate_truth_v3_rne_corrected396/runs/P021/task_33/scenario33_age53_h1p90_sex_male_w96p0_20260826_150119,/mnt/hdd16T/ToqeerHomeBackup/mujoco_project/outputs/_highrate_overnight/campaign_highrate_truth_v3_rne_corrected396/runs/P021/task_33/scenario33_age53_h1p90_sex_male_w96p0_20260826_150119/fall_scenario33_age53_20260826_150119_highrate_truth.csv,8.000000000000497,8.700000000000607,10.0033,2003.299999999502,201,12,52,True,True,True,peak_impact_magnitude_within_3s_after_fall_onset,True,ok,repository_peak_impact_magnitude_within_3s_after_fall_onset_v2,>=30 actual samples on corrected 100Hz grid and >=1 complete 30-sample window,100,30,15,300,50,
P021,34,/mnt/hdd16T/ToqeerHomeBackup/mujoco_project/outputs/_highrate_overnight/campaign_highrate_truth_v3_rne_corrected396/runs/P021/task_34/scenario34_age53_h1p90_sex_male_w96p0_20260826_150403,/mnt/hdd16T/ToqeerHomeBackup/mujoco_project/outputs/_highrate_overnight/campaign_highrate_truth_v3_rne_corrected396/runs/P021/task_34/scenario34_age53_h1p90_sex_male_w96p0_20260826_150403/fall_scenario34_age53_20260826_150403_highrate_truth.csv,7.700000000000451,8.466666666667237,10.3333,2633.299999999548,264,16,50,True,True,True,peak_impact_magnitude_within_3s_after_fall_onset,True,ok,repository_peak_impact_magnitude_within_3s_after_fall_onset_v2,>=30 actual samples on corrected 100Hz grid and >=1 complete 30-sample window,100,30,15,300,50,
P021,37,/mnt/hdd16T/ToqeerHomeBackup/mujoco_project/outputs/_highrate_overnight/campaign_highrate_truth_v3_rne_corrected396/runs/P021/task_37/scenario37_age53_h1p90_sex_male_w96p0_20260826_150648,/mnt/hdd16T/ToqeerHomeBackup/mujoco_project/outputs/_highrate_overnight/campaign_highrate_truth_v3_rne_corrected396/runs/P021/task_37/scenario37_age53_h1p90_sex_male_w96p0_20260826_150648/fall_scenario37_age53_20260826_150648_highrate_truth.csv,8.966666666667315,9.600000000000747,10.5033,1536.6333333326843,154,9,58,True,True,True,peak_impact_magnitude_within_3s_after_fall_onset,True,ok,repository_peak_impact_magnitude_within_3s_after_fall_onset_v2,>=30 actual samples on corrected 100Hz grid and >=1 complete 30-sample window,100,30,15,300,50,
P021,38,/mnt/hdd16T/ToqeerHomeBackup/mujoco_project/outputs/_highrate_overnight/campaign_highrate_truth_v3_rne_corrected396/runs/P021/task_38/scenario38_age53_h1p90_sex_male_w96p0_20260826_150934,/mnt/hdd16T/ToqeerHomeBackup/mujoco_project/outputs/_highrate_overnight/campaign_highrate_truth_v3_rne_corrected396/runs/P021/task_38/scenario38_age53_h1p90_sex_male_w96p0_20260826_150934/fall_scenario38_age53_20260826_150934_highrate_truth.csv,8.933333333333977,9.266666666667362,9.2633,329.9666666660226,33,1,58,True,True,True,peak_impact_magnitude_within_3s_after_fall_onset,True,ok,repository_peak_impact_magnitude_within_3s_after_fall_onset_v2,>=30 actual samples on corrected 100Hz grid and >=1 complete 30-sample window,100,30,15,300,50,
P021,39,/mnt/hdd16T/ToqeerHomeBackup/mujoco_project/outputs/_highrate_overnight/campaign_highrate_truth_v3_rne_corrected396/runs/P021/task_39/scenario39_age53_h1p90_sex_male_w96p0_20260826_151219,/mnt/hdd16T/ToqeerHomeBackup/mujoco_project/outputs/_highrate_overnight/campaign_highrate_truth_v3_rne_corrected396/runs/P021/task_39/scenario39_age53_h1p90_sex_male_w96p0_20260826_151219/fall_scenario39_age53_20260826_151219_highrate_truth.csv,5.6666666666668,6.033333333333524,6.1333,466.6333333332,47,2,36,True,True,True,peak_impact_magnitude_within_3s_after_fall_onset,True,ok,repository_peak_impact_magnitude_within_3s_after_fall_onset_v2,>=30 actual samples on corrected 100Hz grid and >=1 complete 30-sample window,100,30,15,300,50,
P021,40,/mnt/hdd16T/ToqeerHomeBackup/mujoco_project/outputs/_highrate_overnight/campaign_highrate_truth_v3_rne_corrected396/runs/P021/task_40/scenario40_age53_h1p90_sex_male_w96p0_20260826_151257,/mnt/hdd16T/ToqeerHomeBackup/mujoco_project/outputs/_highrate_overnight/campaign_highrate_truth_v3_rne_corrected396/runs/P021/task_40/scenario40_age53_h1p90_sex_male_w96p0_20260826_151257/fall_scenario40_age53_20260826_151257_highrate_truth.csv,5.9333333333335085,6.766666666666972,6.2633,329.9666666664916,33,1,38,True,True,True,peak_impact_magnitude_within_3s_after_fall_onset,True,ok,repository_peak_impact_magnitude_within_3s_after_fall_onset_v2,>=30 actual samples on corrected 100Hz grid and >=1 complete 30-sample window,100,30,15,300,50,
P021,41,/mnt/hdd16T/ToqeerHomeBackup/mujoco_project/outputs/_highrate_overnight/campaign_highrate_truth_v3_rne_corrected396/runs/P021/task_41/scenario41_age53_h1p90_sex_male_w96p0_20260826_151337,/mnt/hdd16T/ToqeerHomeBackup/mujoco_project/outputs/_highrate_overnight/campaign_highrate_truth_v3_rne_corrected396/runs/P021/task_41/scenario41_age53_h1p90_sex_male_w96p0_20260826_151337/fall_scenario41_age53_20260826_151337_highrate_truth.csv,5.43333333333343,6.433333333333587,6.4333,999.9666666665696,100,5,35,True,True,True,peak_impact_magnitude_within_3s_after_fall_onset,True,ok,repository_peak_impact_magnitude_within_3s_after_fall_onset_v2,>=30 actual samples on corrected 100Hz grid and >=1 complete 30-sample window,100,30,15,300,50,
P021,42,/mnt/hdd16T/ToqeerHomeBackup/mujoco_project/outputs/_highrate_overnight/campaign_highrate_truth_v3_rne_corrected396/runs/P021/task_42/scenario42_age53_h1p90_sex_male_w96p0_20260826_151417,/mnt/hdd16T/ToqeerHomeBackup/mujoco_project/outputs/_highrate_overnight/campaign_highrate_truth_v3_rne_corrected396/runs/P021/task_42/scenario42_age53_h1p90_sex_male_w96p0_20260826_151417/fall_scenario42_age53_20260826_151417_highrate_truth.csv,5.400000000000092,6.533333333333602,6.4633,1063.2999999999083,107,6,35,True,True,True,peak_impact_magnitude_within_3s_after_fall_onset,True,ok,repository_peak_impact_magnitude_within_3s_after_fall_onset_v2,>=30 actual samples on corrected 100Hz grid and >=1 complete 30-sample window,100,30,15,300,50,
P022,20,/mnt/hdd16T/ToqeerHomeBackup/mujoco_project/outputs/_highrate_overnight/campaign_highrate_truth_v3_rne_corrected396/runs/P022/task_20/scenario20_age56_h1p53_sex_female_w61p0_20260826_151457,/mnt/hdd16T/ToqeerHomeBackup/mujoco_project/outputs/_highrate_overnight/campaign_highrate_truth_v3_rne_corrected396/runs/P022/task_20/scenario20_age56_h1p53_sex_female_w61p0_20260826_151457/fall_scenario20_age56_20260826_151457_highrate_truth.csv,6.266666666666894,6.566666666666941,7.9633,1696.6333333331063,170,10,40,True,True,True,peak_impact_magnitude_within_3s_after_fall_onset,True,ok,repository_peak_impact_magnitude_within_3s_after_fall_onset_v2,>=30 actual samples on corrected 100Hz grid and >=1 complete 30-sample window,100,30,15,300,50,
P022,21,/mnt/hdd16T/ToqeerHomeBackup/mujoco_project/outputs/_highrate_overnight/campaign_highrate_truth_v3_rne_corrected396/runs/P022/task_21/scenario21_age56_h1p53_sex_female_w61p0_20260826_151605,/mnt/hdd16T/ToqeerHomeBackup/mujoco_project/outputs/_highrate_overnight/campaign_highrate_truth_v3_rne_corrected396/runs/P022/task_21/scenario21_age56_h1p53_sex_female_w61p0_20260826_151605/fall_scenario21_age56_20260826_151605_highrate_truth.csv,5.400000000000092,5.833333333333493,5.9033,503.2999999999079,51,2,35,True,True,True,peak_impact_magnitude_within_3s_after_fall_onset,True,ok,repository_peak_impact_magnitude_within_3s_after_fall_onset_v2,>=30 actual samples on corrected 100Hz grid and >=1 complete 30-sample window,100,30,15,300,50,
P022,22,/mnt/hdd16T/ToqeerHomeBackup/mujoco_project/outputs/_highrate_overnight/campaign_highrate_truth_v3_rne_corrected396/runs/P022/task_22/scenario22_age56_h1p53_sex_female_w61p0_20260826_151643,/mnt/hdd16T/ToqeerHomeBackup/mujoco_project/outputs/_highrate_overnight/campaign_highrate_truth_v3_rne_corrected396/runs/P022/task_22/scenario22_age56_h1p53_sex_female_w61p0_20260826_151643/fall_scenario22_age56_20260826_151643_highrate_truth.csv,5.400000000000092,5.90000000000017,5.9033,503.2999999999079,51,2,35,True,True,True,peak_impact_magnitude_within_3s_after_fall_onset,True,ok,repository_peak_impact_magnitude_within_3s_after_fall_onset_v2,>=30 actual samples on corrected 100Hz grid and >=1 complete 30-sample window,100,30,15,300,50,
P022,23,/mnt/hdd16T/ToqeerHomeBackup/mujoco_project/outputs/_highrate_overnight/campaign_highrate_truth_v3_rne_corrected396/runs/P022/task_23/scenario23_age56_h1p53_sex_female_w61p0_20260826_151721,/mnt/hdd16T/ToqeerHomeBackup/mujoco_project/outputs/_highrate_overnight/campaign_highrate_truth_v3_rne_corrected396/runs/P022/task_23/scenario23_age56_h1p53_sex_female_w61p0_20260826_151721/fall_scenario23_age56_20260826_151721_highrate_truth.csv,6.266666666666894,6.500000000000264,6.7633,496.6333333331061,50,2,40,True,True,True,peak_impact_magnitude_within_3s_after_fall_onset,True,ok,repository_peak_impact_magnitude_within_3s_after_fall_onset_v2,>=30 actual samples on corrected 100Hz grid and >=1 complete 30-sample window,100,30,15,300,50,
P022,24,/mnt/hdd16T/ToqeerHomeBackup/mujoco_project/outputs/_highrate_overnight/campaign_highrate_truth_v3_rne_corrected396/runs/P022/task_24/scenario24_age56_h1p53_sex_female_w61p0_20260826_151830,/mnt/hdd16T/ToqeerHomeBackup/mujoco_project/outputs/_highrate_overnight/campaign_highrate_truth_v3_rne_corrected396/runs/P022/task_24/scenario24_age56_h1p53_sex_female_w61p0_20260826_151830/fall_scenario24_age56_20260826_151830_highrate_truth.csv,5.500000000000108,5.500000000000108,5.9333,433.29999999989167,44,1,35,True,True,True,peak_impact_magnitude_within_3s_after_fall_onset,True,ok,repository_peak_impact_magnitude_within_3s_after_fall_onset_v2,>=30 actual samples on corrected 100Hz grid and >=1 complete 30-sample window,100,30,15,300,50,
P022,28,/mnt/hdd16T/ToqeerHomeBackup/mujoco_project/outputs/_highrate_overnight/campaign_highrate_truth_v3_rne_corrected396/runs/P022/task_28/scenario28_age56_h1p53_sex_female_w61p0_20260826_151908,/mnt/hdd16T/ToqeerHomeBackup/mujoco_project/outputs/_highrate_overnight/campaign_highrate_truth_v3_rne_corrected396/runs/P022/task_28/scenario28_age56_h1p53_sex_female_w61p0_20260826_151908/fall_scenario28_age56_20260826_151908_highrate_truth.csv,17.700000000002014,18.43333333333546,18.1333,433.2999999979848,44,1,117,True,True,True,peak_impact_magnitude_within_3s_after_fall_onset,True,ok,repository_peak_impact_magnitude_within_3s_after_fall_onset_v2,>=30 actual samples on corrected 100Hz grid and >=1 complete 30-sample window,100,30,15,300,50,
P022,29,/mnt/hdd16T/ToqeerHomeBackup/mujoco_project/outputs/_highrate_overnight/campaign_highrate_truth_v3_rne_corrected396/runs/P022/task_29/scenario29_age56_h1p53_sex_female_w61p0_20260826_152151,/mnt/hdd16T/ToqeerHomeBackup/mujoco_project/outputs/_highrate_overnight/campaign_highrate_truth_v3_rne_corrected396/runs/P022/task_29/scenario29_age56_h1p53_sex_female_w61p0_20260826_152151/fall_scenario29_age56_20260826_152151_highrate_truth.csv,17.80000000000203,18.70000000000217,18.7333,933.2999999979704,94,5,117,True,True,True,peak_impact_magnitude_within_3s_after_fall_onset,True,ok,repository_peak_impact_magnitude_within_3s_after_fall_onset_v2,>=30 actual samples on corrected 100Hz grid and >=1 complete 30-sample window,100,30,15,300,50,
P022,30,/mnt/hdd16T/ToqeerHomeBackup/mujoco_project/outputs/_highrate_overnight/campaign_highrate_truth_v3_rne_corrected396/runs/P022/task_30/scenario30_age56_h1p53_sex_female_w61p0_20260826_152436,/mnt/hdd16T/ToqeerHomeBackup/mujoco_project/outputs/_highrate_overnight/campaign_highrate_truth_v3_rne_corrected396/runs/P022/task_30/scenario30_age56_h1p53_sex_female_w61p0_20260826_152436/fall_scenario30_age56_20260826_152436_highrate_truth.csv,17.733333333335352,18.96666666666888,17.8333,99.96666666464904,10,0,117,True,True,False,peak_impact_magnitude_within_3s_after_fall_onset,True,ok,repository_peak_impact_magnitude_within_3s_after_fall_onset_v2,>=30 actual samples on corrected 100Hz grid and >=1 complete 30-sample window,100,30,15,300,50,recovered_interval_shorter_than_30_samples
P022,31,/mnt/hdd16T/ToqeerHomeBackup/mujoco_project/outputs/_highrate_overnight/campaign_highrate_truth_v3_rne_corrected396/runs/P022/task_31/scenario31_age56_h1p53_sex_female_w61p0_20260826_152721,/mnt/hdd16T/ToqeerHomeBackup/mujoco_project/outputs/_highrate_overnight/campaign_highrate_truth_v3_rne_corrected396/runs/P022/task_31/scenario31_age56_h1p53_sex_female_w61p0_20260826_152721/fall_scenario31_age56_20260826_152721_highrate_truth.csv,17.700000000002014,18.43333333333546,17.7333,33.29999999798616,4,0,117,True,True,False,peak_impact_magnitude_within_3s_after_fall_onset,True,ok,repository_peak_impact_magnitude_within_3s_after_fall_onset_v2,>=30 actual samples on corrected 100Hz grid and >=1 complete 30-sample window,100,30,15,300,50,recovered_interval_shorter_than_30_samples
P022,32,/mnt/hdd16T/ToqeerHomeBackup/mujoco_project/outputs/_highrate_overnight/campaign_highrate_truth_v3_rne_corrected396/runs/P022/task_32/scenario32_age56_h1p53_sex_female_w61p0_20260826_153003,/mnt/hdd16T/ToqeerHomeBackup/mujoco_project/outputs/_highrate_overnight/campaign_highrate_truth_v3_rne_corrected396/runs/P022/task_32/scenario32_age56_h1p53_sex_female_w61p0_20260826_153003/fall_scenario32_age56_20260826_153003_highrate_truth.csv,18.400000000002123,18.70000000000217,18.7633,363.2999999978779,37,1,121,True,True,True,peak_impact_magnitude_within_3s_after_fall_onset,True,ok,repository_peak_impact_magnitude_within_3s_after_fall_onset_v2,>=30 actual samples on corrected 100Hz grid and >=1 complete 30-sample window,100,30,15,300,50,
P022,33,/mnt/hdd16T/ToqeerHomeBackup/mujoco_project/outputs/_highrate_overnight/campaign_highrate_truth_v3_rne_corrected396/runs/P022/task_33/scenario33_age56_h1p53_sex_female_w61p0_20260826_153247,/mnt/hdd16T/ToqeerHomeBackup/mujoco_project/outputs/_highrate_overnight/campaign_highrate_truth_v3_rne_corrected396/runs/P022/task_33/scenario33_age56_h1p53_sex_female_w61p0_20260826_153247/fall_scenario33_age56_20260826_153247_highrate_truth.csv,18.43333333333546,18.66666666666883,18.8333,399.9666666645396,40,1,121,True,True,True,peak_impact_magnitude_within_3s_after_fall_onset,True,ok,repository_peak_impact_magnitude_within_3s_after_fall_onset_v2,>=30 actual samples on corrected 100Hz grid and >=1 complete 30-sample window,100,30,15,300,50,
P022,34,/mnt/hdd16T/ToqeerHomeBackup/mujoco_project/outputs/_highrate_overnight/campaign_highrate_truth_v3_rne_corrected396/runs/P022/task_34/scenario34_age56_h1p53_sex_female_w61p0_20260826_153540,/mnt/hdd16T/ToqeerHomeBackup/mujoco_project/outputs/_highrate_overnight/campaign_highrate_truth_v3_rne_corrected396/runs/P022/task_34/scenario34_age56_h1p53_sex_female_w61p0_20260826_153540/fall_scenario34_age56_20260826_153540_highrate_truth.csv,18.50000000000214,19.266666666668925,20.3333,1833.2999999978624,184,11,122,True,True,True,peak_impact_magnitude_within_3s_after_fall_onset,True,ok,repository_peak_impact_magnitude_within_3s_after_fall_onset_v2,>=30 actual samples on corrected 100Hz grid and >=1 complete 30-sample window,100,30,15,300,50,
P022,37,/mnt/hdd16T/ToqeerHomeBackup/mujoco_project/outputs/_highrate_overnight/campaign_highrate_truth_v3_rne_corrected396/runs/P022/task_37/scenario37_age56_h1p53_sex_female_w61p0_20260826_153830,/mnt/hdd16T/ToqeerHomeBackup/mujoco_project/outputs/_highrate_overnight/campaign_highrate_truth_v3_rne_corrected396/runs/P022/task_37/scenario37_age56_h1p53_sex_female_w61p0_20260826_153830/fall_scenario37_age56_20260826_153830_highrate_truth.csv,18.400000000002123,18.66666666666883,18.8033,403.299999997877,41,1,121,True,True,True,peak_impact_magnitude_within_3s_after_fall_onset,True,ok,repository_peak_impact_magnitude_within_3s_after_fall_onset_v2,>=30 actual samples on corrected 100Hz grid and >=1 complete 30-sample window,100,30,15,300,50,
P022,38,/mnt/hdd16T/ToqeerHomeBackup/mujoco_project/outputs/_highrate_overnight/campaign_highrate_truth_v3_rne_corrected396/runs/P022/task_38/scenario38_age56_h1p53_sex_female_w61p0_20260826_154117,/mnt/hdd16T/ToqeerHomeBackup/mujoco_project/outputs/_highrate_overnight/campaign_highrate_truth_v3_rne_corrected396/runs/P022/task_38/scenario38_age56_h1p53_sex_female_w61p0_20260826_154117/fall_scenario38_age56_20260826_154117_highrate_truth.csv,18.43333333333546,18.833333333335524,18.4633,29.96666666453862,3,0,121,True,True,False,peak_impact_magnitude_within_3s_after_fall_onset,True,ok,repository_peak_impact_magnitude_within_3s_after_fall_onset_v2,>=30 actual samples on corrected 100Hz grid and >=1 complete 30-sample window,100,30,15,300,50,recovered_interval_shorter_than_30_samples
P022,39,/mnt/hdd16T/ToqeerHomeBackup/mujoco_project/outputs/_highrate_overnight/campaign_highrate_truth_v3_rne_corrected396/runs/P022/task_39/scenario39_age56_h1p53_sex_female_w61p0_20260826_154404,/mnt/hdd16T/ToqeerHomeBackup/mujoco_project/outputs/_highrate_overnight/campaign_highrate_truth_v3_rne_corrected396/runs/P022/task_39/scenario39_age56_h1p53_sex_female_w61p0_20260826_154404/fall_scenario39_age56_20260826_154404_highrate_truth.csv,5.866666666666832,6.100000000000201,6.1033,236.6333333331676,24,0,38,True,True,False,peak_impact_magnitude_within_3s_after_fall_onset,True,ok,repository_peak_impact_magnitude_within_3s_after_fall_onset_v2,>=30 actual samples on corrected 100Hz grid and >=1 complete 30-sample window,100,30,15,300,50,recovered_interval_shorter_than_30_samples
P022,40,/mnt/hdd16T/ToqeerHomeBackup/mujoco_project/outputs/_highrate_overnight/campaign_highrate_truth_v3_rne_corrected396/runs/P022/task_40/scenario40_age56_h1p53_sex_female_w61p0_20260826_154442,/mnt/hdd16T/ToqeerHomeBackup/mujoco_project/outputs/_highrate_overnight/campaign_highrate_truth_v3_rne_corrected396/runs/P022/task_40/scenario40_age56_h1p53_sex_female_w61p0_20260826_154442/fall_scenario40_age56_20260826_154442_highrate_truth.csv,5.866666666666832,5.966666666666847,6.1633,296.63333333316723,30,1,38,True,True,True,peak_impact_magnitude_within_3s_after_fall_onset,True,ok,repository_peak_impact_magnitude_within_3s_after_fall_onset_v2,>=30 actual samples on corrected 100Hz grid and >=1 complete 30-sample window,100,30,15,300,50,
P022,41,/mnt/hdd16T/ToqeerHomeBackup/mujoco_project/outputs/_highrate_overnight/campaign_highrate_truth_v3_rne_corrected396/runs/P022/task_41/scenario41_age56_h1p53_sex_female_w61p0_20260826_154520,/mnt/hdd16T/ToqeerHomeBackup/mujoco_project/outputs/_highrate_overnight/campaign_highrate_truth_v3_rne_corrected396/runs/P022/task_41/scenario41_age56_h1p53_sex_female_w61p0_20260826_154520/fall_scenario41_age56_20260826_154520_highrate_truth.csv,5.566666666666785,6.900000000000326,6.3333,766.6333333332158,77,4,36,True,True,True,peak_impact_magnitude_within_3s_after_fall_onset,True,ok,repository_peak_impact_magnitude_within_3s_after_fall_onset_v2,>=30 actual samples on corrected 100Hz grid and >=1 complete 30-sample window,100,30,15,300,50,
P022,42,/mnt/hdd16T/ToqeerHomeBackup/mujoco_project/outputs/_highrate_overnight/campaign_highrate_truth_v3_rne_corrected396/runs/P022/task_42/scenario42_age56_h1p53_sex_female_w61p0_20260826_154559,/mnt/hdd16T/ToqeerHomeBackup/mujoco_project/outputs/_highrate_overnight/campaign_highrate_truth_v3_rne_corrected396/runs/P022/task_42/scenario42_age56_h1p53_sex_female_w61p0_20260826_154559/fall_scenario42_age56_20260826_154559_highrate_truth.csv,5.366666666666753,6.533333333333602,6.0033,636.633333333247,64,3,34,True,True,True,peak_impact_magnitude_within_3s_after_fall_onset,True,ok,repository_peak_impact_magnitude_within_3s_after_fall_onset_v2,>=30 actual samples on corrected 100Hz grid and >=1 complete 30-sample window,100,30,15,300,50,
P023,20,/mnt/hdd16T/ToqeerHomeBackup/mujoco_project/outputs/_highrate_overnight/campaign_highrate_truth_v3_rne_corrected396/runs/P023/task_20/scenario20_age59_h1p71_sex_female_w69p0_20260826_154638,/mnt/hdd16T/ToqeerHomeBackup/mujoco_project/outputs/_highrate_overnight/campaign_highrate_truth_v3_rne_corrected396/runs/P023/task_20/scenario20_age59_h1p71_sex_female_w69p0_20260826_154638/fall_scenario20_age59_20260826_154638_highrate_truth.csv,6.13333333333354,6.600000000000279,6.6033,469.9666666664601,47,2,39,True,True,True,peak_impact_magnitude_within_3s_after_fall_onset,True,ok,repository_peak_impact_magnitude_within_3s_after_fall_onset_v2,>=30 actual samples on corrected 100Hz grid and >=1 complete 30-sample window,100,30,15,300,50,
P023,21,/mnt/hdd16T/ToqeerHomeBackup/mujoco_project/outputs/_highrate_overnight/campaign_highrate_truth_v3_rne_corrected396/runs/P023/task_21/scenario21_age59_h1p71_sex_female_w69p0_20260826_154746,/mnt/hdd16T/ToqeerHomeBackup/mujoco_project/outputs/_highrate_overnight/campaign_highrate_truth_v3_rne_corrected396/runs/P023/task_21/scenario21_age59_h1p71_sex_female_w69p0_20260826_154746/fall_scenario21_age59_20260826_154746_highrate_truth.csv,5.500000000000108,5.500000000000108,5.8633,363.2999999998914,37,1,35,True,True,True,peak_impact_magnitude_within_3s_after_fall_onset,True,ok,repository_peak_impact_magnitude_within_3s_after_fall_onset_v2,>=30 actual samples on corrected 100Hz grid and >=1 complete 30-sample window,100,30,15,300,50,
P023,22,/mnt/hdd16T/ToqeerHomeBackup/mujoco_project/outputs/_highrate_overnight/campaign_highrate_truth_v3_rne_corrected396/runs/P023/task_22/scenario22_age59_h1p71_sex_female_w69p0_20260826_154823,/mnt/hdd16T/ToqeerHomeBackup/mujoco_project/outputs/_highrate_overnight/campaign_highrate_truth_v3_rne_corrected396/runs/P023/task_22/scenario22_age59_h1p71_sex_female_w69p0_20260826_154823/fall_scenario22_age59_20260826_154823_highrate_truth.csv,5.500000000000108,5.500000000000108,5.8633,363.2999999998914,37,1,35,True,True,True,peak_impact_magnitude_within_3s_after_fall_onset,True,ok,repository_peak_impact_magnitude_within_3s_after_fall_onset_v2,>=30 actual samples on corrected 100Hz grid and >=1 complete 30-sample window,100,30,15,300,50,
P023,23,/mnt/hdd16T/ToqeerHomeBackup/mujoco_project/outputs/_highrate_overnight/campaign_highrate_truth_v3_rne_corrected396/runs/P023/task_23/scenario23_age59_h1p71_sex_female_w69p0_20260826_154901,/mnt/hdd16T/ToqeerHomeBackup/mujoco_project/outputs/_highrate_overnight/campaign_highrate_truth_v3_rne_corrected396/runs/P023/task_23/scenario23_age59_h1p71_sex_female_w69p0_20260826_154901/fall_scenario23_age59_20260826_154901_highrate_truth.csv,6.100000000000201,11.466666666667706,6.6033,503.2999999997987,51,2,39,True,True,True,peak_impact_magnitude_within_3s_after_fall_onset,True,ok,repository_peak_impact_magnitude_within_3s_after_fall_onset_v2,>=30 actual samples on corrected 100Hz grid and >=1 complete 30-sample window,100,30,15,300,50,
P023,24,/mnt/hdd16T/ToqeerHomeBackup/mujoco_project/outputs/_highrate_overnight/campaign_highrate_truth_v3_rne_corrected396/runs/P023/task_24/scenario24_age59_h1p71_sex_female_w69p0_20260826_155008,/mnt/hdd16T/ToqeerHomeBackup/mujoco_project/outputs/_highrate_overnight/campaign_highrate_truth_v3_rne_corrected396/runs/P023/task_24/scenario24_age59_h1p71_sex_female_w69p0_20260826_155008/fall_scenario24_age59_20260826_155008_highrate_truth.csv,5.500000000000108,5.533333333333446,7.9333,2433.2999999998915,244,15,35,True,True,True,peak_impact_magnitude_within_3s_after_fall_onset,True,ok,repository_peak_impact_magnitude_within_3s_after_fall_onset_v2,>=30 actual samples on corrected 100Hz grid and >=1 complete 30-sample window,100,30,15,300,50,
P023,28,/mnt/hdd16T/ToqeerHomeBackup/mujoco_project/outputs/_highrate_overnight/campaign_highrate_truth_v3_rne_corrected396/runs/P023/task_28/scenario28_age59_h1p71_sex_female_w69p0_20260826_155046,/mnt/hdd16T/ToqeerHomeBackup/mujoco_project/outputs/_highrate_overnight/campaign_highrate_truth_v3_rne_corrected396/runs/P023/task_28/scenario28_age59_h1p71_sex_female_w69p0_20260826_155046/fall_scenario28_age59_20260826_155046_highrate_truth.csv,7.166666666667035,7.833333333333805,7.6033,436.63333333296526,44,1,46,True,True,True,peak_impact_magnitude_within_3s_after_fall_onset,True,ok,repository_peak_impact_magnitude_within_3s_after_fall_onset_v2,>=30 actual samples on corrected 100Hz grid and >=1 complete 30-sample window,100,30,15,300,50,
P023,29,/mnt/hdd16T/ToqeerHomeBackup/mujoco_project/outputs/_highrate_overnight/campaign_highrate_truth_v3_rne_corrected396/runs/P023/task_29/scenario29_age59_h1p71_sex_female_w69p0_20260826_155328,/mnt/hdd16T/ToqeerHomeBackup/mujoco_project/outputs/_highrate_overnight/campaign_highrate_truth_v3_rne_corrected396/runs/P023/task_29/scenario29_age59_h1p71_sex_female_w69p0_20260826_155328/fall_scenario29_age59_20260826_155328_highrate_truth.csv,7.400000000000404,8.100000000000513,8.1033,703.2999999995973,71,3,48,True,True,True,peak_impact_magnitude_within_3s_after_fall_onset,True,ok,repository_peak_impact_magnitude_within_3s_after_fall_onset_v2,>=30 actual samples on corrected 100Hz grid and >=1 complete 30-sample window,100,30,15,300,50,
P023,30,/mnt/hdd16T/ToqeerHomeBackup/mujoco_project/outputs/_highrate_overnight/campaign_highrate_truth_v3_rne_corrected396/runs/P023/task_30/scenario30_age59_h1p71_sex_female_w69p0_20260826_155607,/mnt/hdd16T/ToqeerHomeBackup/mujoco_project/outputs/_highrate_overnight/campaign_highrate_truth_v3_rne_corrected396/runs/P023/task_30/scenario30_age59_h1p71_sex_female_w69p0_20260826_155607/fall_scenario30_age59_20260826_155607_highrate_truth.csv,7.200000000000373,8.40000000000056,7.3333,133.29999999962718,14,0,47,True,True,False,peak_impact_magnitude_within_3s_after_fall_onset,True,ok,repository_peak_impact_magnitude_within_3s_after_fall_onset_v2,>=30 actual samples on corrected 100Hz grid and >=1 complete 30-sample window,100,30,15,300,50,recovered_interval_shorter_than_30_samples
P023,31,/mnt/hdd16T/ToqeerHomeBackup/mujoco_project/outputs/_highrate_overnight/campaign_highrate_truth_v3_rne_corrected396/runs/P023/task_31/scenario31_age59_h1p71_sex_female_w69p0_20260826_155844,/mnt/hdd16T/ToqeerHomeBackup/mujoco_project/outputs/_highrate_overnight/campaign_highrate_truth_v3_rne_corrected396/runs/P023/task_31/scenario31_age59_h1p71_sex_female_w69p0_20260826_155844/fall_scenario31_age59_20260826_155844_highrate_truth.csv,7.200000000000373,7.333333333333727,7.3333,133.29999999962718,14,0,47,True,True,False,peak_impact_magnitude_within_3s_after_fall_onset,True,ok,repository_peak_impact_magnitude_within_3s_after_fall_onset_v2,>=30 actual samples on corrected 100Hz grid and >=1 complete 30-sample window,100,30,15,300,50,recovered_interval_shorter_than_30_samples
P023,32,/mnt/hdd16T/ToqeerHomeBackup/mujoco_project/outputs/_highrate_overnight/campaign_highrate_truth_v3_rne_corrected396/runs/P023/task_32/scenario32_age59_h1p71_sex_female_w69p0_20260826_160119,/mnt/hdd16T/ToqeerHomeBackup/mujoco_project/outputs/_highrate_overnight/campaign_highrate_truth_v3_rne_corrected396/runs/P023/task_32/scenario32_age59_h1p71_sex_female_w69p0_20260826_160119/fall_scenario32_age59_20260826_160119_highrate_truth.csv,7.933333333333821,8.266666666667206,8.3333,399.9666666661783,40,1,51,True,True,True,peak_impact_magnitude_within_3s_after_fall_onset,True,ok,repository_peak_impact_magnitude_within_3s_after_fall_onset_v2,>=30 actual samples on corrected 100Hz grid and >=1 complete 30-sample window,100,30,15,300,50,
P023,33,/mnt/hdd16T/ToqeerHomeBackup/mujoco_project/outputs/_highrate_overnight/campaign_highrate_truth_v3_rne_corrected396/runs/P023/task_33/scenario33_age59_h1p71_sex_female_w69p0_20260826_160353,/mnt/hdd16T/ToqeerHomeBackup/mujoco_project/outputs/_highrate_overnight/campaign_highrate_truth_v3_rne_corrected396/runs/P023/task_33/scenario33_age59_h1p71_sex_female_w69p0_20260826_160353/fall_scenario33_age59_20260826_160353_highrate_truth.csv,7.666666666667113,8.266666666667206,8.4033,736.633333332887,74,3,50,True,True,True,peak_impact_magnitude_within_3s_after_fall_onset,True,ok,repository_peak_impact_magnitude_within_3s_after_fall_onset_v2,>=30 actual samples on corrected 100Hz grid and >=1 complete 30-sample window,100,30,15,300,50,
P023,34,/mnt/hdd16T/ToqeerHomeBackup/mujoco_project/outputs/_highrate_overnight/campaign_highrate_truth_v3_rne_corrected396/runs/P023/task_34/scenario34_age59_h1p71_sex_female_w69p0_20260826_160629,/mnt/hdd16T/ToqeerHomeBackup/mujoco_project/outputs/_highrate_overnight/campaign_highrate_truth_v3_rne_corrected396/runs/P023/task_34/scenario34_age59_h1p71_sex_female_w69p0_20260826_160629/fall_scenario34_age59_20260826_160629_highrate_truth.csv,7.800000000000467,9.433333333334057,9.9333,2133.299999999532,214,13,51,True,True,True,peak_impact_magnitude_within_3s_after_fall_onset,True,ok,repository_peak_impact_magnitude_within_3s_after_fall_onset_v2,>=30 actual samples on corrected 100Hz grid and >=1 complete 30-sample window,100,30,15,300,50,
P023,37,/mnt/hdd16T/ToqeerHomeBackup/mujoco_project/outputs/_highrate_overnight/campaign_highrate_truth_v3_rne_corrected396/runs/P023/task_37/scenario37_age59_h1p71_sex_female_w69p0_20260826_160904,/mnt/hdd16T/ToqeerHomeBackup/mujoco_project/outputs/_highrate_overnight/campaign_highrate_truth_v3_rne_corrected396/runs/P023/task_37/scenario37_age59_h1p71_sex_female_w69p0_20260826_160904/fall_scenario37_age59_20260826_160904_highrate_truth.csv,8.000000000000497,8.533333333333914,8.6333,633.2999999995028,64,3,52,True,True,True,peak_impact_magnitude_within_3s_after_fall_onset,True,ok,repository_peak_impact_magnitude_within_3s_after_fall_onset_v2,>=30 actual samples on corrected 100Hz grid and >=1 complete 30-sample window,100,30,15,300,50,
P023,38,/mnt/hdd16T/ToqeerHomeBackup/mujoco_project/outputs/_highrate_overnight/campaign_highrate_truth_v3_rne_corrected396/runs/P023/task_38/scenario38_age59_h1p71_sex_female_w69p0_20260826_161139,/mnt/hdd16T/ToqeerHomeBackup/mujoco_project/outputs/_highrate_overnight/campaign_highrate_truth_v3_rne_corrected396/runs/P023/task_38/scenario38_age59_h1p71_sex_female_w69p0_20260826_161139/fall_scenario38_age59_20260826_161139_highrate_truth.csv,18.26666666666877,18.866666666668863,19.6033,1336.6333333312318,134,7,120,True,True,True,peak_impact_magnitude_within_3s_after_fall_onset,True,ok,repository_peak_impact_magnitude_within_3s_after_fall_onset_v2,>=30 actual samples on corrected 100Hz grid and >=1 complete 30-sample window,100,30,15,300,50,
P023,39,/mnt/hdd16T/ToqeerHomeBackup/mujoco_project/outputs/_highrate_overnight/campaign_highrate_truth_v3_rne_corrected396/runs/P023/task_39/scenario39_age59_h1p71_sex_female_w69p0_20260826_161413,/mnt/hdd16T/ToqeerHomeBackup/mujoco_project/outputs/_highrate_overnight/campaign_highrate_truth_v3_rne_corrected396/runs/P023/task_39/scenario39_age59_h1p71_sex_female_w69p0_20260826_161413/fall_scenario39_age59_20260826_161413_highrate_truth.csv,5.500000000000108,6.13333333333354,6.1633,663.2999999998912,67,3,35,True,True,True,peak_impact_magnitude_within_3s_after_fall_onset,True,ok,repository_peak_impact_magnitude_within_3s_after_fall_onset_v2,>=30 actual samples on corrected 100Hz grid and >=1 complete 30-sample window,100,30,15,300,50,
P023,40,/mnt/hdd16T/ToqeerHomeBackup/mujoco_project/outputs/_highrate_overnight/campaign_highrate_truth_v3_rne_corrected396/runs/P023/task_40/scenario40_age59_h1p71_sex_female_w69p0_20260826_161449,/mnt/hdd16T/ToqeerHomeBackup/mujoco_project/outputs/_highrate_overnight/campaign_highrate_truth_v3_rne_corrected396/runs/P023/task_40/scenario40_age59_h1p71_sex_female_w69p0_20260826_161449/fall_scenario40_age59_20260826_161449_highrate_truth.csv,5.833333333333493,6.166666666666878,6.1633,329.9666666665066,33,1,37,True,True,True,peak_impact_magnitude_within_3s_after_fall_onset,True,ok,repository_peak_impact_magnitude_within_3s_after_fall_onset_v2,>=30 actual samples on corrected 100Hz grid and >=1 complete 30-sample window,100,30,15,300,50,
P023,41,/mnt/hdd16T/ToqeerHomeBackup/mujoco_project/outputs/_highrate_overnight/campaign_highrate_truth_v3_rne_corrected396/runs/P023/task_41/scenario41_age59_h1p71_sex_female_w69p0_20260826_161526,/mnt/hdd16T/ToqeerHomeBackup/mujoco_project/outputs/_highrate_overnight/campaign_highrate_truth_v3_rne_corrected396/runs/P023/task_41/scenario41_age59_h1p71_sex_female_w69p0_20260826_161526/fall_scenario41_age59_20260826_161526_highrate_truth.csv,5.466666666666769,7.0333333333336805,6.3033,836.6333333332312,84,4,35,True,True,True,peak_impact_magnitude_within_3s_after_fall_onset,True,ok,repository_peak_impact_magnitude_within_3s_after_fall_onset_v2,>=30 actual samples on corrected 100Hz grid and >=1 complete 30-sample window,100,30,15,300,50,
P023,42,/mnt/hdd16T/ToqeerHomeBackup/mujoco_project/outputs/_highrate_overnight/campaign_highrate_truth_v3_rne_corrected396/runs/P023/task_42/scenario42_age59_h1p71_sex_female_w69p0_20260826_161603,/mnt/hdd16T/ToqeerHomeBackup/mujoco_project/outputs/_highrate_overnight/campaign_highrate_truth_v3_rne_corrected396/runs/P023/task_42/scenario42_age59_h1p71_sex_female_w69p0_20260826_161603/fall_scenario42_age59_20260826_161603_highrate_truth.csv,5.6666666666668,6.233333333333555,6.3033,636.6333333332,64,3,36,True,True,True,peak_impact_magnitude_within_3s_after_fall_onset,True,ok,repository_peak_impact_magnitude_within_3s_after_fall_onset_v2,>=30 actual samples on corrected 100Hz grid and >=1 complete 30-sample window,100,30,15,300,50,
P024,20,/mnt/hdd16T/ToqeerHomeBackup/mujoco_project/outputs/_highrate_overnight/campaign_highrate_truth_v3_rne_corrected396/runs/P024/task_20/scenario20_age63_h1p60_sex_female_w76p0_20260826_161641,/mnt/hdd16T/ToqeerHomeBackup/mujoco_project/outputs/_highrate_overnight/campaign_highrate_truth_v3_rne_corrected396/runs/P024/task_20/scenario20_age63_h1p60_sex_female_w76p0_20260826_161641/fall_scenario20_age63_20260826_161641_highrate_truth.csv,6.233333333333555,6.566666666666941,6.7033,469.96666666644415,47,2,40,True,True,True,peak_impact_magnitude_within_3s_after_fall_onset,True,ok,repository_peak_impact_magnitude_within_3s_after_fall_onset_v2,>=30 actual samples on corrected 100Hz grid and >=1 complete 30-sample window,100,30,15,300,50,
P024,21,/mnt/hdd16T/ToqeerHomeBackup/mujoco_project/outputs/_highrate_overnight/campaign_highrate_truth_v3_rne_corrected396/runs/P024/task_21/scenario21_age63_h1p60_sex_female_w76p0_20260826_161745,/mnt/hdd16T/ToqeerHomeBackup/mujoco_project/outputs/_highrate_overnight/campaign_highrate_truth_v3_rne_corrected396/runs/P024/task_21/scenario21_age63_h1p60_sex_female_w76p0_20260826_161745/fall_scenario21_age63_20260826_161745_highrate_truth.csv,5.500000000000108,5.533333333333446,5.7333,233.2999999998915,24,0,35,True,True,False,peak_impact_magnitude_within_3s_after_fall_onset,True,ok,repository_peak_impact_magnitude_within_3s_after_fall_onset_v2,>=30 actual samples on corrected 100Hz grid and >=1 complete 30-sample window,100,30,15,300,50,recovered_interval_shorter_than_30_samples
P024,22,/mnt/hdd16T/ToqeerHomeBackup/mujoco_project/outputs/_highrate_overnight/campaign_highrate_truth_v3_rne_corrected396/runs/P024/task_22/scenario22_age63_h1p60_sex_female_w76p0_20260826_161821,/mnt/hdd16T/ToqeerHomeBackup/mujoco_project/outputs/_highrate_overnight/campaign_highrate_truth_v3_rne_corrected396/runs/P024/task_22/scenario22_age63_h1p60_sex_female_w76p0_20260826_161821/fall_scenario22_age63_20260826_161821_highrate_truth.csv,5.500000000000108,5.533333333333446,5.7333,233.2999999998915,24,0,35,True,True,False,peak_impact_magnitude_within_3s_after_fall_onset,True,ok,repository_peak_impact_magnitude_within_3s_after_fall_onset_v2,>=30 actual samples on corrected 100Hz grid and >=1 complete 30-sample window,100,30,15,300,50,recovered_interval_shorter_than_30_samples
P024,23,/mnt/hdd16T/ToqeerHomeBackup/mujoco_project/outputs/_highrate_overnight/campaign_highrate_truth_v3_rne_corrected396/runs/P024/task_23/scenario23_age63_h1p60_sex_female_w76p0_20260826_161857,/mnt/hdd16T/ToqeerHomeBackup/mujoco_project/outputs/_highrate_overnight/campaign_highrate_truth_v3_rne_corrected396/runs/P024/task_23/scenario23_age63_h1p60_sex_female_w76p0_20260826_161857/fall_scenario23_age63_20260826_161857_highrate_truth.csv,6.233333333333555,6.500000000000264,6.5733,339.96666666644427,34,1,40,True,True,True,peak_impact_magnitude_within_3s_after_fall_onset,True,ok,repository_peak_impact_magnitude_within_3s_after_fall_onset_v2,>=30 actual samples on corrected 100Hz grid and >=1 complete 30-sample window,100,30,15,300,50,
P024,24,/mnt/hdd16T/ToqeerHomeBackup/mujoco_project/outputs/_highrate_overnight/campaign_highrate_truth_v3_rne_corrected396/runs/P024/task_24/scenario24_age63_h1p60_sex_female_w76p0_20260826_162002,/mnt/hdd16T/ToqeerHomeBackup/mujoco_project/outputs/_highrate_overnight/campaign_highrate_truth_v3_rne_corrected396/runs/P024/task_24/scenario24_age63_h1p60_sex_female_w76p0_20260826_162002/fall_scenario24_age63_20260826_162002_highrate_truth.csv,4.799999999999998,5.90000000000017,5.9633,1163.3000000000022,117,6,31,True,True,True,peak_impact_magnitude_within_3s_after_fall_onset,True,ok,repository_peak_impact_magnitude_within_3s_after_fall_onset_v2,>=30 actual samples on corrected 100Hz grid and >=1 complete 30-sample window,100,30,15,300,50,
P024,28,/mnt/hdd16T/ToqeerHomeBackup/mujoco_project/outputs/_highrate_overnight/campaign_highrate_truth_v3_rne_corrected396/runs/P024/task_28/scenario28_age63_h1p60_sex_female_w76p0_20260826_162039,/mnt/hdd16T/ToqeerHomeBackup/mujoco_project/outputs/_highrate_overnight/campaign_highrate_truth_v3_rne_corrected396/runs/P024/task_28/scenario28_age63_h1p60_sex_female_w76p0_20260826_162039/fall_scenario28_age63_20260826_162039_highrate_truth.csv,17.900000000002045,18.73333333333551,18.2733,373.2999999979541,38,1,118,True,True,True,peak_impact_magnitude_within_3s_after_fall_onset,True,ok,repository_peak_impact_magnitude_within_3s_after_fall_onset_v2,>=30 actual samples on corrected 100Hz grid and >=1 complete 30-sample window,100,30,15,300,50,
P024,29,/mnt/hdd16T/ToqeerHomeBackup/mujoco_project/outputs/_highrate_overnight/campaign_highrate_truth_v3_rne_corrected396/runs/P024/task_29/scenario29_age63_h1p60_sex_female_w76p0_20260826_162313,/mnt/hdd16T/ToqeerHomeBackup/mujoco_project/outputs/_highrate_overnight/campaign_highrate_truth_v3_rne_corrected396/runs/P024/task_29/scenario29_age63_h1p60_sex_female_w76p0_20260826_162313/fall_scenario29_age63_20260826_162313_highrate_truth.csv,18.26666666666877,18.93333333333554,18.9333,666.6333333312302,67,3,120,True,True,True,peak_impact_magnitude_within_3s_after_fall_onset,True,ok,repository_peak_impact_magnitude_within_3s_after_fall_onset_v2,>=30 actual samples on corrected 100Hz grid and >=1 complete 30-sample window,100,30,15,300,50,
P024,30,/mnt/hdd16T/ToqeerHomeBackup/mujoco_project/outputs/_highrate_overnight/campaign_highrate_truth_v3_rne_corrected396/runs/P024/task_30/scenario30_age63_h1p60_sex_female_w76p0_20260826_162548,/mnt/hdd16T/ToqeerHomeBackup/mujoco_project/outputs/_highrate_overnight/campaign_highrate_truth_v3_rne_corrected396/runs/P024/task_30/scenario30_age63_h1p60_sex_female_w76p0_20260826_162548/fall_scenario30_age63_20260826_162548_highrate_truth.csv,17.933333333335383,20.06666666666905,18.0333,99.96666666461708,10,0,118,True,True,False,peak_impact_magnitude_within_3s_after_fall_onset,True,ok,repository_peak_impact_magnitude_within_3s_after_fall_onset_v2,>=30 actual samples on corrected 100Hz grid and >=1 complete 30-sample window,100,30,15,300,50,recovered_interval_shorter_than_30_samples
P024,31,/mnt/hdd16T/ToqeerHomeBackup/mujoco_project/outputs/_highrate_overnight/campaign_highrate_truth_v3_rne_corrected396/runs/P024/task_31/scenario31_age63_h1p60_sex_female_w76p0_20260826_162823,/mnt/hdd16T/ToqeerHomeBackup/mujoco_project/outputs/_highrate_overnight/campaign_highrate_truth_v3_rne_corrected396/runs/P024/task_31/scenario31_age63_h1p60_sex_female_w76p0_20260826_162823/fall_scenario31_age63_20260826_162823_highrate_truth.csv,17.900000000002045,18.00000000000206,18.5033,603.2999999979545,61,3,118,True,True,True,peak_impact_magnitude_within_3s_after_fall_onset,True,ok,repository_peak_impact_magnitude_within_3s_after_fall_onset_v2,>=30 actual samples on corrected 100Hz grid and >=1 complete 30-sample window,100,30,15,300,50,
P024,32,/mnt/hdd16T/ToqeerHomeBackup/mujoco_project/outputs/_highrate_overnight/campaign_highrate_truth_v3_rne_corrected396/runs/P024/task_32/scenario32_age63_h1p60_sex_female_w76p0_20260826_163057,/mnt/hdd16T/ToqeerHomeBackup/mujoco_project/outputs/_highrate_overnight/campaign_highrate_truth_v3_rne_corrected396/runs/P024/task_32/scenario32_age63_h1p60_sex_female_w76p0_20260826_163057/fall_scenario32_age63_20260826_163057_highrate_truth.csv,18.600000000002154,18.9000000000022,19.0333,433.29999999784616,44,1,123,True,True,True,peak_impact_magnitude_within_3s_after_fall_onset,True,ok,repository_peak_impact_magnitude_within_3s_after_fall_onset_v2,>=30 actual samples on corrected 100Hz grid and >=1 complete 30-sample window,100,30,15,300,50,
P024,33,/mnt/hdd16T/ToqeerHomeBackup/mujoco_project/outputs/_highrate_overnight/campaign_highrate_truth_v3_rne_corrected396/runs/P024/task_33/scenario33_age63_h1p60_sex_female_w76p0_20260826_163331,/mnt/hdd16T/ToqeerHomeBackup/mujoco_project/outputs/_highrate_overnight/campaign_highrate_truth_v3_rne_corrected396/runs/P024/task_33/scenario33_age63_h1p60_sex_female_w76p0_20260826_163331/fall_scenario33_age63_20260826_163331_highrate_truth.csv,18.766666666668847,19.733333333335665,19.1033,336.6333333311537,34,1,124,True,True,True,peak_impact_magnitude_within_3s_after_fall_onset,True,ok,repository_peak_impact_magnitude_within_3s_after_fall_onset_v2,>=30 actual samples on corrected 100Hz grid and >=1 complete 30-sample window,100,30,15,300,50,
P024,34,/mnt/hdd16T/ToqeerHomeBackup/mujoco_project/outputs/_highrate_overnight/campaign_highrate_truth_v3_rne_corrected396/runs/P024/task_34/scenario34_age63_h1p60_sex_female_w76p0_20260826_163606,/mnt/hdd16T/ToqeerHomeBackup/mujoco_project/outputs/_highrate_overnight/campaign_highrate_truth_v3_rne_corrected396/runs/P024/task_34/scenario34_age63_h1p60_sex_female_w76p0_20260826_163606/fall_scenario34_age63_20260826_163606_highrate_truth.csv,18.50000000000214,19.200000000002248,19.4333,933.2999999978604,94,5,122,True,True,True,peak_impact_magnitude_within_3s_after_fall_onset,True,ok,repository_peak_impact_magnitude_within_3s_after_fall_onset_v2,>=30 actual samples on corrected 100Hz grid and >=1 complete 30-sample window,100,30,15,300,50,
P024,37,/mnt/hdd16T/ToqeerHomeBackup/mujoco_project/outputs/_highrate_overnight/campaign_highrate_truth_v3_rne_corrected396/runs/P024/task_37/scenario37_age63_h1p60_sex_female_w76p0_20260826_163841,/mnt/hdd16T/ToqeerHomeBackup/mujoco_project/outputs/_highrate_overnight/campaign_highrate_truth_v3_rne_corrected396/runs/P024/task_37/scenario37_age63_h1p60_sex_female_w76p0_20260826_163841/fall_scenario37_age63_20260826_163841_highrate_truth.csv,18.70000000000217,19.10000000000224,19.1033,403.2999999978308,41,1,123,True,True,True,peak_impact_magnitude_within_3s_after_fall_onset,True,ok,repository_peak_impact_magnitude_within_3s_after_fall_onset_v2,>=30 actual samples on corrected 100Hz grid and >=1 complete 30-sample window,100,30,15,300,50,
P024,38,/mnt/hdd16T/ToqeerHomeBackup/mujoco_project/outputs/_highrate_overnight/campaign_highrate_truth_v3_rne_corrected396/runs/P024/task_38/scenario38_age63_h1p60_sex_female_w76p0_20260826_164116,/mnt/hdd16T/ToqeerHomeBackup/mujoco_project/outputs/_highrate_overnight/campaign_highrate_truth_v3_rne_corrected396/runs/P024/task_38/scenario38_age63_h1p60_sex_female_w76p0_20260826_164116/fall_scenario38_age63_20260826_164116_highrate_truth.csv,18.33333333333545,18.93333333333554,18.9633,629.9666666645508,63,3,121,True,True,True,peak_impact_magnitude_within_3s_after_fall_onset,True,ok,repository_peak_impact_magnitude_within_3s_after_fall_onset_v2,>=30 actual samples on corrected 100Hz grid and >=1 complete 30-sample window,100,30,15,300,50,
P024,39,/mnt/hdd16T/ToqeerHomeBackup/mujoco_project/outputs/_highrate_overnight/campaign_highrate_truth_v3_rne_corrected396/runs/P024/task_39/scenario39_age63_h1p60_sex_female_w76p0_20260826_164350,/mnt/hdd16T/ToqeerHomeBackup/mujoco_project/outputs/_highrate_overnight/campaign_highrate_truth_v3_rne_corrected396/runs/P024/task_39/scenario39_age63_h1p60_sex_female_w76p0_20260826_164350/fall_scenario39_age63_20260826_164350_highrate_truth.csv,5.800000000000154,6.200000000000217,6.1033,303.2999999998456,31,1,37,True,True,True,peak_impact_magnitude_within_3s_after_fall_onset,True,ok,repository_peak_impact_magnitude_within_3s_after_fall_onset_v2,>=30 actual samples on corrected 100Hz grid and >=1 complete 30-sample window,100,30,15,300,50,
P024,40,/mnt/hdd16T/ToqeerHomeBackup/mujoco_project/outputs/_highrate_overnight/campaign_highrate_truth_v3_rne_corrected396/runs/P024/task_40/scenario40_age63_h1p60_sex_female_w76p0_20260826_164427,/mnt/hdd16T/ToqeerHomeBackup/mujoco_project/outputs/_highrate_overnight/campaign_highrate_truth_v3_rne_corrected396/runs/P024/task_40/scenario40_age63_h1p60_sex_female_w76p0_20260826_164427/fall_scenario40_age63_20260826_164427_highrate_truth.csv,5.90000000000017,6.500000000000264,6.2333,333.2999999998298,34,1,38,True,True,True,peak_impact_magnitude_within_3s_after_fall_onset,True,ok,repository_peak_impact_magnitude_within_3s_after_fall_onset_v2,>=30 actual samples on corrected 100Hz grid and >=1 complete 30-sample window,100,30,15,300,50,
P024,41,/mnt/hdd16T/ToqeerHomeBackup/mujoco_project/outputs/_highrate_overnight/campaign_highrate_truth_v3_rne_corrected396/runs/P024/task_41/scenario41_age63_h1p60_sex_female_w76p0_20260826_164504,/mnt/hdd16T/ToqeerHomeBackup/mujoco_project/outputs/_highrate_overnight/campaign_highrate_truth_v3_rne_corrected396/runs/P024/task_41/scenario41_age63_h1p60_sex_female_w76p0_20260826_164504/fall_scenario41_age63_20260826_164504_highrate_truth.csv,5.466666666666769,6.200000000000217,6.3333,866.6333333332315,87,4,35,True,True,True,peak_impact_magnitude_within_3s_after_fall_onset,True,ok,repository_peak_impact_magnitude_within_3s_after_fall_onset_v2,>=30 actual samples on corrected 100Hz grid and >=1 complete 30-sample window,100,30,15,300,50,
P024,42,/mnt/hdd16T/ToqeerHomeBackup/mujoco_project/outputs/_highrate_overnight/campaign_highrate_truth_v3_rne_corrected396/runs/P024/task_42/scenario42_age63_h1p60_sex_female_w76p0_20260826_164541,/mnt/hdd16T/ToqeerHomeBackup/mujoco_project/outputs/_highrate_overnight/campaign_highrate_truth_v3_rne_corrected396/runs/P024/task_42/scenario42_age63_h1p60_sex_female_w76p0_20260826_164541/fall_scenario42_age63_20260826_164541_highrate_truth.csv,5.733333333333477,6.200000000000217,6.2033,469.9666666665223,47,2,37,True,True,True,peak_impact_magnitude_within_3s_after_fall_onset,True,ok,repository_peak_impact_magnitude_within_3s_after_fall_onset_v2,>=30 actual samples on corrected 100Hz grid and >=1 complete 30-sample window,100,30,15,300,50,
P025,20,/mnt/hdd16T/ToqeerHomeBackup/mujoco_project/outputs/_highrate_overnight/campaign_highrate_truth_v3_rne_corrected396/runs/P025/task_20/scenario20_age67_h1p74_sex_female_w70p0_20260826_164619,/mnt/hdd16T/ToqeerHomeBackup/mujoco_project/outputs/_highrate_overnight/campaign_highrate_truth_v3_rne_corrected396/runs/P025/task_20/scenario20_age67_h1p74_sex_female_w70p0_20260826_164619/fall_scenario20_age67_20260826_164619_highrate_truth.csv,6.000000000000186,6.566666666666941,6.7633,763.2999999998144,77,4,39,True,True,True,peak_impact_magnitude_within_3s_after_fall_onset,True,ok,repository_peak_impact_magnitude_within_3s_after_fall_onset_v2,>=30 actual samples on corrected 100Hz grid and >=1 complete 30-sample window,100,30,15,300,50,
P025,21,/mnt/hdd16T/ToqeerHomeBackup/mujoco_project/outputs/_highrate_overnight/campaign_highrate_truth_v3_rne_corrected396/runs/P025/task_21/scenario21_age67_h1p74_sex_female_w70p0_20260826_164724,/mnt/hdd16T/ToqeerHomeBackup/mujoco_project/outputs/_highrate_overnight/campaign_highrate_truth_v3_rne_corrected396/runs/P025/task_21/scenario21_age67_h1p74_sex_female_w70p0_20260826_164724/fall_scenario21_age67_20260826_164724_highrate_truth.csv,5.500000000000108,5.566666666666785,5.7333,233.2999999998915,24,0,35,True,True,False,peak_impact_magnitude_within_3s_after_fall_onset,True,ok,repository_peak_impact_magnitude_within_3s_after_fall_onset_v2,>=30 actual samples on corrected 100Hz grid and >=1 complete 30-sample window,100,30,15,300,50,recovered_interval_shorter_than_30_samples
P025,22,/mnt/hdd16T/ToqeerHomeBackup/mujoco_project/outputs/_highrate_overnight/campaign_highrate_truth_v3_rne_corrected396/runs/P025/task_22/scenario22_age67_h1p74_sex_female_w70p0_20260826_164800,/mnt/hdd16T/ToqeerHomeBackup/mujoco_project/outputs/_highrate_overnight/campaign_highrate_truth_v3_rne_corrected396/runs/P025/task_22/scenario22_age67_h1p74_sex_female_w70p0_20260826_164800/fall_scenario22_age67_20260826_164800_highrate_truth.csv,5.500000000000108,5.566666666666785,5.7333,233.2999999998915,24,0,35,True,True,False,peak_impact_magnitude_within_3s_after_fall_onset,True,ok,repository_peak_impact_magnitude_within_3s_after_fall_onset_v2,>=30 actual samples on corrected 100Hz grid and >=1 complete 30-sample window,100,30,15,300,50,recovered_interval_shorter_than_30_samples
P025,23,/mnt/hdd16T/ToqeerHomeBackup/mujoco_project/outputs/_highrate_overnight/campaign_highrate_truth_v3_rne_corrected396/runs/P025/task_23/scenario23_age67_h1p74_sex_female_w70p0_20260826_164836,/mnt/hdd16T/ToqeerHomeBackup/mujoco_project/outputs/_highrate_overnight/campaign_highrate_truth_v3_rne_corrected396/runs/P025/task_23/scenario23_age67_h1p74_sex_female_w70p0_20260826_164836/fall_scenario23_age67_20260826_164836_highrate_truth.csv,6.13333333333354,14.500000000001512,6.6333,499.9666666664604,50,2,39,True,True,True,peak_impact_magnitude_within_3s_after_fall_onset,True,ok,repository_peak_impact_magnitude_within_3s_after_fall_onset_v2,>=30 actual samples on corrected 100Hz grid and >=1 complete 30-sample window,100,30,15,300,50,
P025,24,/mnt/hdd16T/ToqeerHomeBackup/mujoco_project/outputs/_highrate_overnight/campaign_highrate_truth_v3_rne_corrected396/runs/P025/task_24/scenario24_age67_h1p74_sex_female_w70p0_20260826_164941,/mnt/hdd16T/ToqeerHomeBackup/mujoco_project/outputs/_highrate_overnight/campaign_highrate_truth_v3_rne_corrected396/runs/P025/task_24/scenario24_age67_h1p74_sex_female_w70p0_20260826_164941/fall_scenario24_age67_20260826_164941_highrate_truth.csv,5.500000000000108,14.666666666668206,5.7033,203.29999999989124,21,0,35,True,True,False,peak_impact_magnitude_within_3s_after_fall_onset,True,ok,repository_peak_impact_magnitude_within_3s_after_fall_onset_v2,>=30 actual samples on corrected 100Hz grid and >=1 complete 30-sample window,100,30,15,300,50,recovered_interval_shorter_than_30_samples
P025,28,/mnt/hdd16T/ToqeerHomeBackup/mujoco_project/outputs/_highrate_overnight/campaign_highrate_truth_v3_rne_corrected396/runs/P025/task_28/scenario28_age67_h1p74_sex_female_w70p0_20260826_165017,/mnt/hdd16T/ToqeerHomeBackup/mujoco_project/outputs/_highrate_overnight/campaign_highrate_truth_v3_rne_corrected396/runs/P025/task_28/scenario28_age67_h1p74_sex_female_w70p0_20260826_165017/fall_scenario28_age67_20260826_165017_highrate_truth.csv,7.400000000000404,8.133333333333852,7.8333,433.2999999995968,44,1,48,True,True,True,peak_impact_magnitude_within_3s_after_fall_onset,True,ok,repository_peak_impact_magnitude_within_3s_after_fall_onset_v2,>=30 actual samples on corrected 100Hz grid and >=1 complete 30-sample window,100,30,15,300,50,
P025,29,/mnt/hdd16T/ToqeerHomeBackup/mujoco_project/outputs/_highrate_overnight/campaign_highrate_truth_v3_rne_corrected396/runs/P025/task_29/scenario29_age67_h1p74_sex_female_w70p0_20260826_165253,/mnt/hdd16T/ToqeerHomeBackup/mujoco_project/outputs/_highrate_overnight/campaign_highrate_truth_v3_rne_corrected396/runs/P025/task_29/scenario29_age67_h1p74_sex_female_w70p0_20260826_165253/fall_scenario29_age67_20260826_165253_highrate_truth.csv,7.400000000000404,8.933333333333977,8.6033,1203.2999999995973,121,7,48,True,True,True,peak_impact_magnitude_within_3s_after_fall_onset,True,ok,repository_peak_impact_magnitude_within_3s_after_fall_onset_v2,>=30 actual samples on corrected 100Hz grid and >=1 complete 30-sample window,100,30,15,300,50,
P025,30,/mnt/hdd16T/ToqeerHomeBackup/mujoco_project/outputs/_highrate_overnight/campaign_highrate_truth_v3_rne_corrected396/runs/P025/task_30/scenario30_age67_h1p74_sex_female_w70p0_20260826_165528,/mnt/hdd16T/ToqeerHomeBackup/mujoco_project/outputs/_highrate_overnight/campaign_highrate_truth_v3_rne_corrected396/runs/P025/task_30/scenario30_age67_h1p74_sex_female_w70p0_20260826_165528/fall_scenario30_age67_20260826_165528_highrate_truth.csv,7.400000000000404,7.73333333333379,7.6333,233.2999999995966,24,0,48,True,True,False,peak_impact_magnitude_within_3s_after_fall_onset,True,ok,repository_peak_impact_magnitude_within_3s_after_fall_onset_v2,>=30 actual samples on corrected 100Hz grid and >=1 complete 30-sample window,100,30,15,300,50,recovered_interval_shorter_than_30_samples
P025,31,/mnt/hdd16T/ToqeerHomeBackup/mujoco_project/outputs/_highrate_overnight/campaign_highrate_truth_v3_rne_corrected396/runs/P025/task_31/scenario31_age67_h1p74_sex_female_w70p0_20260826_165802,/mnt/hdd16T/ToqeerHomeBackup/mujoco_project/outputs/_highrate_overnight/campaign_highrate_truth_v3_rne_corrected396/runs/P025/task_31/scenario31_age67_h1p74_sex_female_w70p0_20260826_165802/fall_scenario31_age67_20260826_165802_highrate_truth.csv,7.400000000000404,8.333333333333883,7.6333,233.2999999995966,24,0,48,True,True,False,peak_impact_magnitude_within_3s_after_fall_onset,True,ok,repository_peak_impact_magnitude_within_3s_after_fall_onset_v2,>=30 actual samples on corrected 100Hz grid and >=1 complete 30-sample window,100,30,15,300,50,recovered_interval_shorter_than_30_samples
P025,32,/mnt/hdd16T/ToqeerHomeBackup/mujoco_project/outputs/_highrate_overnight/campaign_highrate_truth_v3_rne_corrected396/runs/P025/task_32/scenario32_age67_h1p74_sex_female_w70p0_20260826_170038,/mnt/hdd16T/ToqeerHomeBackup/mujoco_project/outputs/_highrate_overnight/campaign_highrate_truth_v3_rne_corrected396/runs/P025/task_32/scenario32_age67_h1p74_sex_female_w70p0_20260826_170038/fall_scenario32_age67_20260826_170038_highrate_truth.csv,7.400000000000404,8.733333333333945,8.7033,1303.2999999995968,131,7,48,True,True,True,peak_impact_magnitude_within_3s_after_fall_onset,True,ok,repository_peak_impact_magnitude_within_3s_after_fall_onset_v2,>=30 actual samples on corrected 100Hz grid and >=1 complete 30-sample window,100,30,15,300,50,
P025,33,/mnt/hdd16T/ToqeerHomeBackup/mujoco_project/outputs/_highrate_overnight/campaign_highrate_truth_v3_rne_corrected396/runs/P025/task_33/scenario33_age67_h1p74_sex_female_w70p0_20260826_170313,/mnt/hdd16T/ToqeerHomeBackup/mujoco_project/outputs/_highrate_overnight/campaign_highrate_truth_v3_rne_corrected396/runs/P025/task_33/scenario33_age67_h1p74_sex_female_w70p0_20260826_170313/fall_scenario33_age67_20260826_170313_highrate_truth.csv,7.400000000000404,8.900000000000638,8.8033,1403.2999999995966,141,8,48,True,True,True,peak_impact_magnitude_within_3s_after_fall_onset,True,ok,repository_peak_impact_magnitude_within_3s_after_fall_onset_v2,>=30 actual samples on corrected 100Hz grid and >=1 complete 30-sample window,100,30,15,300,50,
P025,34,/mnt/hdd16T/ToqeerHomeBackup/mujoco_project/outputs/_highrate_overnight/campaign_highrate_truth_v3_rne_corrected396/runs/P025/task_34/scenario34_age67_h1p74_sex_female_w70p0_20260826_170548,/mnt/hdd16T/ToqeerHomeBackup/mujoco_project/outputs/_highrate_overnight/campaign_highrate_truth_v3_rne_corrected396/runs/P025/task_34/scenario34_age67_h1p74_sex_female_w70p0_20260826_170548/fall_scenario34_age67_20260826_170548_highrate_truth.csv,7.400000000000404,8.500000000000576,9.9033,2503.2999999995964,251,15,48,True,True,True,peak_impact_magnitude_within_3s_after_fall_onset,True,ok,repository_peak_impact_magnitude_within_3s_after_fall_onset_v2,>=30 actual samples on corrected 100Hz grid and >=1 complete 30-sample window,100,30,15,300,50,
P025,37,/mnt/hdd16T/ToqeerHomeBackup/mujoco_project/outputs/_highrate_overnight/campaign_highrate_truth_v3_rne_corrected396/runs/P025/task_37/scenario37_age67_h1p74_sex_female_w70p0_20260826_170824,/mnt/hdd16T/ToqeerHomeBackup/mujoco_project/outputs/_highrate_overnight/campaign_highrate_truth_v3_rne_corrected396/runs/P025/task_37/scenario37_age67_h1p74_sex_female_w70p0_20260826_170824/fall_scenario37_age67_20260826_170824_highrate_truth.csv,7.700000000000451,9.10000000000067,10.3933,2693.2999999995486,270,17,50,True,True,True,peak_impact_magnitude_within_3s_after_fall_onset,True,ok,repository_peak_impact_magnitude_within_3s_after_fall_onset_v2,>=30 actual samples on corrected 100Hz grid and >=1 complete 30-sample window,100,30,15,300,50,
P025,38,/mnt/hdd16T/ToqeerHomeBackup/mujoco_project/outputs/_highrate_overnight/campaign_highrate_truth_v3_rne_corrected396/runs/P025/task_38/scenario38_age67_h1p74_sex_female_w70p0_20260826_171059,/mnt/hdd16T/ToqeerHomeBackup/mujoco_project/outputs/_highrate_overnight/campaign_highrate_truth_v3_rne_corrected396/runs/P025/task_38/scenario38_age67_h1p74_sex_female_w70p0_20260826_171059/fall_scenario38_age67_20260826_171059_highrate_truth.csv,18.66666666666883,19.233333333335587,21.3033,2636.6333333311686,264,16,123,True,True,True,peak_impact_magnitude_within_3s_after_fall_onset,True,ok,repository_peak_impact_magnitude_within_3s_after_fall_onset_v2,>=30 actual samples on corrected 100Hz grid and >=1 complete 30-sample window,100,30,15,300,50,
P025,39,/mnt/hdd16T/ToqeerHomeBackup/mujoco_project/outputs/_highrate_overnight/campaign_highrate_truth_v3_rne_corrected396/runs/P025/task_39/scenario39_age67_h1p74_sex_female_w70p0_20260826_171334,/mnt/hdd16T/ToqeerHomeBackup/mujoco_project/outputs/_highrate_overnight/campaign_highrate_truth_v3_rne_corrected396/runs/P025/task_39/scenario39_age67_h1p74_sex_female_w70p0_20260826_171334/fall_scenario39_age67_20260826_171334_highrate_truth.csv,5.533333333333446,6.3000000000002325,6.1333,599.9666666665541,60,3,35,True,True,True,peak_impact_magnitude_within_3s_after_fall_onset,True,ok,repository_peak_impact_magnitude_within_3s_after_fall_onset_v2,>=30 actual samples on corrected 100Hz grid and >=1 complete 30-sample window,100,30,15,300,50,
P025,40,/mnt/hdd16T/ToqeerHomeBackup/mujoco_project/outputs/_highrate_overnight/campaign_highrate_truth_v3_rne_corrected396/runs/P025/task_40/scenario40_age67_h1p74_sex_female_w70p0_20260826_171410,/mnt/hdd16T/ToqeerHomeBackup/mujoco_project/outputs/_highrate_overnight/campaign_highrate_truth_v3_rne_corrected396/runs/P025/task_40/scenario40_age67_h1p74_sex_female_w70p0_20260826_171410/fall_scenario40_age67_20260826_171410_highrate_truth.csv,5.866666666666832,6.100000000000201,6.1633,296.63333333316723,30,1,38,True,True,True,peak_impact_magnitude_within_3s_after_fall_onset,True,ok,repository_peak_impact_magnitude_within_3s_after_fall_onset_v2,>=30 actual samples on corrected 100Hz grid and >=1 complete 30-sample window,100,30,15,300,50,
P025,41,/mnt/hdd16T/ToqeerHomeBackup/mujoco_project/outputs/_highrate_overnight/campaign_highrate_truth_v3_rne_corrected396/runs/P025/task_41/scenario41_age67_h1p74_sex_female_w70p0_20260826_171447,/mnt/hdd16T/ToqeerHomeBackup/mujoco_project/outputs/_highrate_overnight/campaign_highrate_truth_v3_rne_corrected396/runs/P025/task_41/scenario41_age67_h1p74_sex_female_w70p0_20260826_171447/fall_scenario41_age67_20260826_171447_highrate_truth.csv,5.43333333333343,6.266666666666894,6.4333,999.9666666665696,100,5,35,True,True,True,peak_impact_magnitude_within_3s_after_fall_onset,True,ok,repository_peak_impact_magnitude_within_3s_after_fall_onset_v2,>=30 actual samples on corrected 100Hz grid and >=1 complete 30-sample window,100,30,15,300,50,
P025,42,/mnt/hdd16T/ToqeerHomeBackup/mujoco_project/outputs/_highrate_overnight/campaign_highrate_truth_v3_rne_corrected396/runs/P025/task_42/scenario42_age67_h1p74_sex_female_w70p0_20260826_171524,/mnt/hdd16T/ToqeerHomeBackup/mujoco_project/outputs/_highrate_overnight/campaign_highrate_truth_v3_rne_corrected396/runs/P025/task_42/scenario42_age67_h1p74_sex_female_w70p0_20260826_171524/fall_scenario42_age67_20260826_171524_highrate_truth.csv,5.600000000000123,6.6666666666669565,6.3033,703.2999999998771,71,3,36,True,True,True,peak_impact_magnitude_within_3s_after_fall_onset,True,ok,repository_peak_impact_magnitude_within_3s_after_fall_onset_v2,>=30 actual samples on corrected 100Hz grid and >=1 complete 30-sample window,100,30,15,300,50,
P026,20,/mnt/hdd16T/ToqeerHomeBackup/mujoco_project/outputs/_highrate_overnight/campaign_highrate_truth_v3_rne_corrected396/runs/P026/task_20/scenario20_age69_h1p84_sex_male_w90p0_20260826_171602,/mnt/hdd16T/ToqeerHomeBackup/mujoco_project/outputs/_highrate_overnight/campaign_highrate_truth_v3_rne_corrected396/runs/P026/task_20/scenario20_age69_h1p84_sex_male_w90p0_20260826_171602/fall_scenario20_age69_20260826_171602_highrate_truth.csv,6.033333333333524,6.800000000000311,6.8033,769.9666666664759,77,4,39,True,True,True,peak_impact_magnitude_within_3s_after_fall_onset,True,ok,repository_peak_impact_magnitude_within_3s_after_fall_onset_v2,>=30 actual samples on corrected 100Hz grid and >=1 complete 30-sample window,100,30,15,300,50,
P026,21,/mnt/hdd16T/ToqeerHomeBackup/mujoco_project/outputs/_highrate_overnight/campaign_highrate_truth_v3_rne_corrected396/runs/P026/task_21/scenario21_age69_h1p84_sex_male_w90p0_20260826_171706,/mnt/hdd16T/ToqeerHomeBackup/mujoco_project/outputs/_highrate_overnight/campaign_highrate_truth_v3_rne_corrected396/runs/P026/task_21/scenario21_age69_h1p84_sex_male_w90p0_20260826_171706/fall_scenario21_age69_20260826_171706_highrate_truth.csv,5.500000000000108,5.500000000000108,6.2633,763.2999999998917,77,4,35,True,True,True,peak_impact_magnitude_within_3s_after_fall_onset,True,ok,repository_peak_impact_magnitude_within_3s_after_fall_onset_v2,>=30 actual samples on corrected 100Hz grid and >=1 complete 30-sample window,100,30,15,300,50,
P026,22,/mnt/hdd16T/ToqeerHomeBackup/mujoco_project/outputs/_highrate_overnight/campaign_highrate_truth_v3_rne_corrected396/runs/P026/task_22/scenario22_age69_h1p84_sex_male_w90p0_20260826_171743,/mnt/hdd16T/ToqeerHomeBackup/mujoco_project/outputs/_highrate_overnight/campaign_highrate_truth_v3_rne_corrected396/runs/P026/task_22/scenario22_age69_h1p84_sex_male_w90p0_20260826_171743/fall_scenario22_age69_20260826_171743_highrate_truth.csv,5.500000000000108,5.500000000000108,6.2633,763.2999999998917,77,4,35,True,True,True,peak_impact_magnitude_within_3s_after_fall_onset,True,ok,repository_peak_impact_magnitude_within_3s_after_fall_onset_v2,>=30 actual samples on corrected 100Hz grid and >=1 complete 30-sample window,100,30,15,300,50,
P026,23,/mnt/hdd16T/ToqeerHomeBackup/mujoco_project/outputs/_highrate_overnight/campaign_highrate_truth_v3_rne_corrected396/runs/P026/task_23/scenario23_age69_h1p84_sex_male_w90p0_20260826_171820,/mnt/hdd16T/ToqeerHomeBackup/mujoco_project/outputs/_highrate_overnight/campaign_highrate_truth_v3_rne_corrected396/runs/P026/task_23/scenario23_age69_h1p84_sex_male_w90p0_20260826_171820/fall_scenario23_age69_20260826_171820_highrate_truth.csv,5.866666666666832,6.6666666666669565,6.7033,836.6333333331672,84,4,38,True,True,True,peak_impact_magnitude_within_3s_after_fall_onset,True,ok,repository_peak_impact_magnitude_within_3s_after_fall_onset_v2,>=30 actual samples on corrected 100Hz grid and >=1 complete 30-sample window,100,30,15,300,50,
P026,24,/mnt/hdd16T/ToqeerHomeBackup/mujoco_project/outputs/_highrate_overnight/campaign_highrate_truth_v3_rne_corrected396/runs/P026/task_24/scenario24_age69_h1p84_sex_male_w90p0_20260826_171924,/mnt/hdd16T/ToqeerHomeBackup/mujoco_project/outputs/_highrate_overnight/campaign_highrate_truth_v3_rne_corrected396/runs/P026/task_24/scenario24_age69_h1p84_sex_male_w90p0_20260826_171924/fall_scenario24_age69_20260826_171924_highrate_truth.csv,5.500000000000108,5.500000000000108,5.5033,3.299999999891945,1,0,35,True,True,False,peak_impact_magnitude_within_3s_after_fall_onset,True,ok,repository_peak_impact_magnitude_within_3s_after_fall_onset_v2,>=30 actual samples on corrected 100Hz grid and >=1 complete 30-sample window,100,30,15,300,50,recovered_interval_shorter_than_30_samples
P026,28,/mnt/hdd16T/ToqeerHomeBackup/mujoco_project/outputs/_highrate_overnight/campaign_highrate_truth_v3_rne_corrected396/runs/P026/task_28/scenario28_age69_h1p84_sex_male_w90p0_20260826_172001,/mnt/hdd16T/ToqeerHomeBackup/mujoco_project/outputs/_highrate_overnight/campaign_highrate_truth_v3_rne_corrected396/runs/P026/task_28/scenario28_age69_h1p84_sex_male_w90p0_20260826_172001/fall_scenario28_age69_20260826_172001_highrate_truth.csv,7.433333333333743,8.066666666667174,8.0033,569.9666666662564,57,2,48,True,True,True,peak_impact_magnitude_within_3s_after_fall_onset,True,ok,repository_peak_impact_magnitude_within_3s_after_fall_onset_v2,>=30 actual samples on corrected 100Hz grid and >=1 complete 30-sample window,100,30,15,300,50,
P026,29,/mnt/hdd16T/ToqeerHomeBackup/mujoco_project/outputs/_highrate_overnight/campaign_highrate_truth_v3_rne_corrected396/runs/P026/task_29/scenario29_age69_h1p84_sex_male_w90p0_20260826_172237,/mnt/hdd16T/ToqeerHomeBackup/mujoco_project/outputs/_highrate_overnight/campaign_highrate_truth_v3_rne_corrected396/runs/P026/task_29/scenario29_age69_h1p84_sex_male_w90p0_20260826_172237/fall_scenario29_age69_20260826_172237_highrate_truth.csv,7.433333333333743,8.63333333333393,8.7333,1299.9666666662567,130,7,48,True,True,True,peak_impact_magnitude_within_3s_after_fall_onset,True,ok,repository_peak_impact_magnitude_within_3s_after_fall_onset_v2,>=30 actual samples on corrected 100Hz grid and >=1 complete 30-sample window,100,30,15,300,50,
P026,30,/mnt/hdd16T/ToqeerHomeBackup/mujoco_project/outputs/_highrate_overnight/campaign_highrate_truth_v3_rne_corrected396/runs/P026/task_30/scenario30_age69_h1p84_sex_male_w90p0_20260826_172512,/mnt/hdd16T/ToqeerHomeBackup/mujoco_project/outputs/_highrate_overnight/campaign_highrate_truth_v3_rne_corrected396/runs/P026/task_30/scenario30_age69_h1p84_sex_male_w90p0_20260826_172512/fall_scenario30_age69_20260826_172512_highrate_truth.csv,7.433333333333743,7.933333333333821,7.5333,99.96666666625664,10,0,48,True,True,False,peak_impact_magnitude_within_3s_after_fall_onset,True,ok,repository_peak_impact_magnitude_within_3s_after_fall_onset_v2,>=30 actual samples on corrected 100Hz grid and >=1 complete 30-sample window,100,30,15,300,50,recovered_interval_shorter_than_30_samples
P026,31,/mnt/hdd16T/ToqeerHomeBackup/mujoco_project/outputs/_highrate_overnight/campaign_highrate_truth_v3_rne_corrected396/runs/P026/task_31/scenario31_age69_h1p84_sex_male_w90p0_20260826_172748,/mnt/hdd16T/ToqeerHomeBackup/mujoco_project/outputs/_highrate_overnight/campaign_highrate_truth_v3_rne_corrected396/runs/P026/task_31/scenario31_age69_h1p84_sex_male_w90p0_20260826_172748/fall_scenario31_age69_20260826_172748_highrate_truth.csv,7.433333333333743,8.266666666667206,7.5333,99.96666666625664,10,0,48,True,True,False,peak_impact_magnitude_within_3s_after_fall_onset,True,ok,repository_peak_impact_magnitude_within_3s_after_fall_onset_v2,>=30 actual samples on corrected 100Hz grid and >=1 complete 30-sample window,100,30,15,300,50,recovered_interval_shorter_than_30_samples
P026,32,/mnt/hdd16T/ToqeerHomeBackup/mujoco_project/outputs/_highrate_overnight/campaign_highrate_truth_v3_rne_corrected396/runs/P026/task_32/scenario32_age69_h1p84_sex_male_w90p0_20260826_173025,/mnt/hdd16T/ToqeerHomeBackup/mujoco_project/outputs/_highrate_overnight/campaign_highrate_truth_v3_rne_corrected396/runs/P026/task_32/scenario32_age69_h1p84_sex_male_w90p0_20260826_173025/fall_scenario32_age69_20260826_173025_highrate_truth.csv,7.433333333333743,8.63333333333393,8.7033,1269.9666666662574,127,7,48,True,True,True,peak_impact_magnitude_within_3s_after_fall_onset,True,ok,repository_peak_impact_magnitude_within_3s_after_fall_onset_v2,>=30 actual samples on corrected 100Hz grid and >=1 complete 30-sample window,100,30,15,300,50,
P026,33,/mnt/hdd16T/ToqeerHomeBackup/mujoco_project/outputs/_highrate_overnight/campaign_highrate_truth_v3_rne_corrected396/runs/P026/task_33/scenario33_age69_h1p84_sex_male_w90p0_20260826_173301,/mnt/hdd16T/ToqeerHomeBackup/mujoco_project/outputs/_highrate_overnight/campaign_highrate_truth_v3_rne_corrected396/runs/P026/task_33/scenario33_age69_h1p84_sex_male_w90p0_20260826_173301/fall_scenario33_age69_20260826_173301_highrate_truth.csv,7.433333333333743,8.900000000000638,8.9333,1499.966666666256,150,9,48,True,True,True,peak_impact_magnitude_within_3s_after_fall_onset,True,ok,repository_peak_impact_magnitude_within_3s_after_fall_onset_v2,>=30 actual samples on corrected 100Hz grid and >=1 complete 30-sample window,100,30,15,300,50,
P026,34,/mnt/hdd16T/ToqeerHomeBackup/mujoco_project/outputs/_highrate_overnight/campaign_highrate_truth_v3_rne_corrected396/runs/P026/task_34/scenario34_age69_h1p84_sex_male_w90p0_20260826_173537,/mnt/hdd16T/ToqeerHomeBackup/mujoco_project/outputs/_highrate_overnight/campaign_highrate_truth_v3_rne_corrected396/runs/P026/task_34/scenario34_age69_h1p84_sex_male_w90p0_20260826_173537/fall_scenario34_age69_20260826_173537_highrate_truth.csv,7.433333333333743,8.666666666667268,10.3333,2899.9666666662565,290,18,48,True,True,True,peak_impact_magnitude_within_3s_after_fall_onset,True,ok,repository_peak_impact_magnitude_within_3s_after_fall_onset_v2,>=30 actual samples on corrected 100Hz grid and >=1 complete 30-sample window,100,30,15,300,50,
P026,37,/mnt/hdd16T/ToqeerHomeBackup/mujoco_project/outputs/_highrate_overnight/campaign_highrate_truth_v3_rne_corrected396/runs/P026/task_37/scenario37_age69_h1p84_sex_male_w90p0_20260826_173812,/mnt/hdd16T/ToqeerHomeBackup/mujoco_project/outputs/_highrate_overnight/campaign_highrate_truth_v3_rne_corrected396/runs/P026/task_37/scenario37_age69_h1p84_sex_male_w90p0_20260826_173812/fall_scenario37_age69_20260826_173812_highrate_truth.csv,15.566666666668349,16.066666666668425,16.8333,1266.6333333316527,127,7,102,True,True,True,peak_impact_magnitude_within_3s_after_fall_onset,True,ok,repository_peak_impact_magnitude_within_3s_after_fall_onset_v2,>=30 actual samples on corrected 100Hz grid and >=1 complete 30-sample window,100,30,15,300,50,
P026,38,/mnt/hdd16T/ToqeerHomeBackup/mujoco_project/outputs/_highrate_overnight/campaign_highrate_truth_v3_rne_corrected396/runs/P026/task_38/scenario38_age69_h1p84_sex_male_w90p0_20260826_174047,/mnt/hdd16T/ToqeerHomeBackup/mujoco_project/outputs/_highrate_overnight/campaign_highrate_truth_v3_rne_corrected396/runs/P026/task_38/scenario38_age69_h1p84_sex_male_w90p0_20260826_174047/fall_scenario38_age69_20260826_174047_highrate_truth.csv,14.33333333333482,14.600000000001527,14.6033,269.9666666651801,27,0,94,True,True,False,peak_impact_magnitude_within_3s_after_fall_onset,True,ok,repository_peak_impact_magnitude_within_3s_after_fall_onset_v2,>=30 actual samples on corrected 100Hz grid and >=1 complete 30-sample window,100,30,15,300,50,recovered_interval_shorter_than_30_samples
P026,39,/mnt/hdd16T/ToqeerHomeBackup/mujoco_project/outputs/_highrate_overnight/campaign_highrate_truth_v3_rne_corrected396/runs/P026/task_39/scenario39_age69_h1p84_sex_male_w90p0_20260826_174323,/mnt/hdd16T/ToqeerHomeBackup/mujoco_project/outputs/_highrate_overnight/campaign_highrate_truth_v3_rne_corrected396/runs/P026/task_39/scenario39_age69_h1p84_sex_male_w90p0_20260826_174323/fall_scenario39_age69_20260826_174323_highrate_truth.csv,5.566666666666785,6.066666666666863,6.0633,496.6333333332154,50,2,36,True,True,True,peak_impact_magnitude_within_3s_after_fall_onset,True,ok,repository_peak_impact_magnitude_within_3s_after_fall_onset_v2,>=30 actual samples on corrected 100Hz grid and >=1 complete 30-sample window,100,30,15,300,50,
P026,40,/mnt/hdd16T/ToqeerHomeBackup/mujoco_project/outputs/_highrate_overnight/campaign_highrate_truth_v3_rne_corrected396/runs/P026/task_40/scenario40_age69_h1p84_sex_male_w90p0_20260826_174359,/mnt/hdd16T/ToqeerHomeBackup/mujoco_project/outputs/_highrate_overnight/campaign_highrate_truth_v3_rne_corrected396/runs/P026/task_40/scenario40_age69_h1p84_sex_male_w90p0_20260826_174359/fall_scenario40_age69_20260826_174359_highrate_truth.csv,5.90000000000017,6.466666666666925,6.2333,333.2999999998298,34,1,38,True,True,True,peak_impact_magnitude_within_3s_after_fall_onset,True,ok,repository_peak_impact_magnitude_within_3s_after_fall_onset_v2,>=30 actual samples on corrected 100Hz grid and >=1 complete 30-sample window,100,30,15,300,50,
P026,41,/mnt/hdd16T/ToqeerHomeBackup/mujoco_project/outputs/_highrate_overnight/campaign_highrate_truth_v3_rne_corrected396/runs/P026/task_41/scenario41_age69_h1p84_sex_male_w90p0_20260826_174436,/mnt/hdd16T/ToqeerHomeBackup/mujoco_project/outputs/_highrate_overnight/campaign_highrate_truth_v3_rne_corrected396/runs/P026/task_41/scenario41_age69_h1p84_sex_male_w90p0_20260826_174436/fall_scenario41_age69_20260826_174436_highrate_truth.csv,5.400000000000092,6.533333333333602,6.5633,1163.299999999908,117,6,35,True,True,True,peak_impact_magnitude_within_3s_after_fall_onset,True,ok,repository_peak_impact_magnitude_within_3s_after_fall_onset_v2,>=30 actual samples on corrected 100Hz grid and >=1 complete 30-sample window,100,30,15,300,50,
P026,42,/mnt/hdd16T/ToqeerHomeBackup/mujoco_project/outputs/_highrate_overnight/campaign_highrate_truth_v3_rne_corrected396/runs/P026/task_42/scenario42_age69_h1p84_sex_male_w90p0_20260826_174514,/mnt/hdd16T/ToqeerHomeBackup/mujoco_project/outputs/_highrate_overnight/campaign_highrate_truth_v3_rne_corrected396/runs/P026/task_42/scenario42_age69_h1p84_sex_male_w90p0_20260826_174514/fall_scenario42_age69_20260826_174514_highrate_truth.csv,5.300000000000076,6.266666666666894,6.1333,833.299999999924,84,4,34,True,True,True,peak_impact_magnitude_within_3s_after_fall_onset,True,ok,repository_peak_impact_magnitude_within_3s_after_fall_onset_v2,>=30 actual samples on corrected 100Hz grid and >=1 complete 30-sample window,100,30,15,300,50,
P027,20,/mnt/hdd16T/ToqeerHomeBackup/mujoco_project/outputs/_highrate_overnight/campaign_highrate_truth_v3_rne_corrected396/runs/P027/task_20/scenario20_age70_h1p50_sex_female_w58p0_20260826_174552,/mnt/hdd16T/ToqeerHomeBackup/mujoco_project/outputs/_highrate_overnight/campaign_highrate_truth_v3_rne_corrected396/runs/P027/task_20/scenario20_age70_h1p50_sex_female_w58p0_20260826_174552/fall_scenario20_age70_20260826_174552_highrate_truth.csv,6.266666666666894,6.466666666666925,6.7333,466.6333333331058,47,2,40,True,True,True,peak_impact_magnitude_within_3s_after_fall_onset,True,ok,repository_peak_impact_magnitude_within_3s_after_fall_onset_v2,>=30 actual samples on corrected 100Hz grid and >=1 complete 30-sample window,100,30,15,300,50,
P027,21,/mnt/hdd16T/ToqeerHomeBackup/mujoco_project/outputs/_highrate_overnight/campaign_highrate_truth_v3_rne_corrected396/runs/P027/task_21/scenario21_age70_h1p50_sex_female_w58p0_20260826_174656,/mnt/hdd16T/ToqeerHomeBackup/mujoco_project/outputs/_highrate_overnight/campaign_highrate_truth_v3_rne_corrected396/runs/P027/task_21/scenario21_age70_h1p50_sex_female_w58p0_20260826_174656/fall_scenario21_age70_20260826_174656_highrate_truth.csv,5.466666666666769,5.866666666666832,5.9333,466.6333333332311,47,2,35,True,True,True,peak_impact_magnitude_within_3s_after_fall_onset,True,ok,repository_peak_impact_magnitude_within_3s_after_fall_onset_v2,>=30 actual samples on corrected 100Hz grid and >=1 complete 30-sample window,100,30,15,300,50,
P027,22,/mnt/hdd16T/ToqeerHomeBackup/mujoco_project/outputs/_highrate_overnight/campaign_highrate_truth_v3_rne_corrected396/runs/P027/task_22/scenario22_age70_h1p50_sex_female_w58p0_20260826_174733,/mnt/hdd16T/ToqeerHomeBackup/mujoco_project/outputs/_highrate_overnight/campaign_highrate_truth_v3_rne_corrected396/runs/P027/task_22/scenario22_age70_h1p50_sex_female_w58p0_20260826_174733/fall_scenario22_age70_20260826_174733_highrate_truth.csv,5.400000000000092,5.833333333333493,5.9033,503.2999999999079,51,2,35,True,True,True,peak_impact_magnitude_within_3s_after_fall_onset,True,ok,repository_peak_impact_magnitude_within_3s_after_fall_onset_v2,>=30 actual samples on corrected 100Hz grid and >=1 complete 30-sample window,100,30,15,300,50,
P027,23,/mnt/hdd16T/ToqeerHomeBackup/mujoco_project/outputs/_highrate_overnight/campaign_highrate_truth_v3_rne_corrected396/runs/P027/task_23/scenario23_age70_h1p50_sex_female_w58p0_20260826_174809,/mnt/hdd16T/ToqeerHomeBackup/mujoco_project/outputs/_highrate_overnight/campaign_highrate_truth_v3_rne_corrected396/runs/P027/task_23/scenario23_age70_h1p50_sex_female_w58p0_20260826_174809/fall_scenario23_age70_20260826_174809_highrate_truth.csv,6.100000000000201,6.36666666666691,6.4333,333.2999999997988,34,1,39,True,True,True,peak_impact_magnitude_within_3s_after_fall_onset,True,ok,repository_peak_impact_magnitude_within_3s_after_fall_onset_v2,>=30 actual samples on corrected 100Hz grid and >=1 complete 30-sample window,100,30,15,300,50,
P027,24,/mnt/hdd16T/ToqeerHomeBackup/mujoco_project/outputs/_highrate_overnight/campaign_highrate_truth_v3_rne_corrected396/runs/P027/task_24/scenario24_age70_h1p50_sex_female_w58p0_20260826_174912,/mnt/hdd16T/ToqeerHomeBackup/mujoco_project/outputs/_highrate_overnight/campaign_highrate_truth_v3_rne_corrected396/runs/P027/task_24/scenario24_age70_h1p50_sex_female_w58p0_20260826_174912/fall_scenario24_age70_20260826_174912_highrate_truth.csv,5.500000000000108,5.500000000000108,5.9033,403.2999999998914,41,1,35,True,True,True,peak_impact_magnitude_within_3s_after_fall_onset,True,ok,repository_peak_impact_magnitude_within_3s_after_fall_onset_v2,>=30 actual samples on corrected 100Hz grid and >=1 complete 30-sample window,100,30,15,300,50,
P027,28,/mnt/hdd16T/ToqeerHomeBackup/mujoco_project/outputs/_highrate_overnight/campaign_highrate_truth_v3_rne_corrected396/runs/P027/task_28/scenario28_age70_h1p50_sex_female_w58p0_20260826_174948,/mnt/hdd16T/ToqeerHomeBackup/mujoco_project/outputs/_highrate_overnight/campaign_highrate_truth_v3_rne_corrected396/runs/P027/task_28/scenario28_age70_h1p50_sex_female_w58p0_20260826_174948/fall_scenario28_age70_20260826_174948_highrate_truth.csv,18.4666666666688,18.96666666666888,19.0033,536.6333333311992,54,2,122,True,True,True,peak_impact_magnitude_within_3s_after_fall_onset,True,ok,repository_peak_impact_magnitude_within_3s_after_fall_onset_v2,>=30 actual samples on corrected 100Hz grid and >=1 complete 30-sample window,100,30,15,300,50,
P027,29,/mnt/hdd16T/ToqeerHomeBackup/mujoco_project/outputs/_highrate_overnight/campaign_highrate_truth_v3_rne_corrected396/runs/P027/task_29/scenario29_age70_h1p50_sex_female_w58p0_20260826_175222,/mnt/hdd16T/ToqeerHomeBackup/mujoco_project/outputs/_highrate_overnight/campaign_highrate_truth_v3_rne_corrected396/runs/P027/task_29/scenario29_age70_h1p50_sex_female_w58p0_20260826_175222/fall_scenario29_age70_20260826_175222_highrate_truth.csv,18.400000000002123,18.96666666666888,19.0733,673.2999999978766,68,3,121,True,True,True,peak_impact_magnitude_within_3s_after_fall_onset,True,ok,repository_peak_impact_magnitude_within_3s_after_fall_onset_v2,>=30 actual samples on corrected 100Hz grid and >=1 complete 30-sample window,100,30,15,300,50,
P027,30,/mnt/hdd16T/ToqeerHomeBackup/mujoco_project/outputs/_highrate_overnight/campaign_highrate_truth_v3_rne_corrected396/runs/P027/task_30/scenario30_age70_h1p50_sex_female_w58p0_20260826_175455,/mnt/hdd16T/ToqeerHomeBackup/mujoco_project/outputs/_highrate_overnight/campaign_highrate_truth_v3_rne_corrected396/runs/P027/task_30/scenario30_age70_h1p50_sex_female_w58p0_20260826_175455/fall_scenario30_age70_20260826_175455_highrate_truth.csv,18.20000000000209,19.233333333335587,18.2333,33.29999999791156,4,0,120,True,True,False,peak_impact_magnitude_within_3s_after_fall_onset,True,ok,repository_peak_impact_magnitude_within_3s_after_fall_onset_v2,>=30 actual samples on corrected 100Hz grid and >=1 complete 30-sample window,100,30,15,300,50,recovered_interval_shorter_than_30_samples
P027,31,/mnt/hdd16T/ToqeerHomeBackup/mujoco_project/outputs/_highrate_overnight/campaign_highrate_truth_v3_rne_corrected396/runs/P027/task_31/scenario31_age70_h1p50_sex_female_w58p0_20260826_175729,/mnt/hdd16T/ToqeerHomeBackup/mujoco_project/outputs/_highrate_overnight/campaign_highrate_truth_v3_rne_corrected396/runs/P027/task_31/scenario31_age70_h1p50_sex_female_w58p0_20260826_175729/fall_scenario31_age70_20260826_175729_highrate_truth.csv,18.23333333333543,18.70000000000217,18.4333,199.96666666456875,20,0,120,True,True,False,peak_impact_magnitude_within_3s_after_fall_onset,True,ok,repository_peak_impact_magnitude_within_3s_after_fall_onset_v2,>=30 actual samples on corrected 100Hz grid and >=1 complete 30-sample window,100,30,15,300,50,recovered_interval_shorter_than_30_samples
P027,32,/mnt/hdd16T/ToqeerHomeBackup/mujoco_project/outputs/_highrate_overnight/campaign_highrate_truth_v3_rne_corrected396/runs/P027/task_32/scenario32_age70_h1p50_sex_female_w58p0_20260826_180003,/mnt/hdd16T/ToqeerHomeBackup/mujoco_project/outputs/_highrate_overnight/campaign_highrate_truth_v3_rne_corrected396/runs/P027/task_32/scenario32_age70_h1p50_sex_female_w58p0_20260826_180003/fall_scenario32_age70_20260826_180003_highrate_truth.csv,18.866666666668863,19.13333333333557,19.1733,306.6333333311384,31,1,124,True,True,True,peak_impact_magnitude_within_3s_after_fall_onset,True,ok,repository_peak_impact_magnitude_within_3s_after_fall_onset_v2,>=30 actual samples on corrected 100Hz grid and >=1 complete 30-sample window,100,30,15,300,50,
P027,33,/mnt/hdd16T/ToqeerHomeBackup/mujoco_project/outputs/_highrate_overnight/campaign_highrate_truth_v3_rne_corrected396/runs/P027/task_33/scenario33_age70_h1p50_sex_female_w58p0_20260826_180236,/mnt/hdd16T/ToqeerHomeBackup/mujoco_project/outputs/_highrate_overnight/campaign_highrate_truth_v3_rne_corrected396/runs/P027/task_33/scenario33_age70_h1p50_sex_female_w58p0_20260826_180236/fall_scenario33_age70_20260826_180236_highrate_truth.csv,18.96666666666888,19.233333333335587,19.4033,436.6333333311232,44,1,125,True,True,True,peak_impact_magnitude_within_3s_after_fall_onset,True,ok,repository_peak_impact_magnitude_within_3s_after_fall_onset_v2,>=30 actual samples on corrected 100Hz grid and >=1 complete 30-sample window,100,30,15,300,50,
P027,34,/mnt/hdd16T/ToqeerHomeBackup/mujoco_project/outputs/_highrate_overnight/campaign_highrate_truth_v3_rne_corrected396/runs/P027/task_34/scenario34_age70_h1p50_sex_female_w58p0_20260826_180510,/mnt/hdd16T/ToqeerHomeBackup/mujoco_project/outputs/_highrate_overnight/campaign_highrate_truth_v3_rne_corrected396/runs/P027/task_34/scenario34_age70_h1p50_sex_female_w58p0_20260826_180510/fall_scenario34_age70_20260826_180510_highrate_truth.csv,18.93333333333554,19.10000000000224,20.4333,1499.9666666644594,150,9,125,True,True,True,peak_impact_magnitude_within_3s_after_fall_onset,True,ok,repository_peak_impact_magnitude_within_3s_after_fall_onset_v2,>=30 actual samples on corrected 100Hz grid and >=1 complete 30-sample window,100,30,15,300,50,
P027,37,/mnt/hdd16T/ToqeerHomeBackup/mujoco_project/outputs/_highrate_overnight/campaign_highrate_truth_v3_rne_corrected396/runs/P027/task_37/scenario37_age70_h1p50_sex_female_w58p0_20260826_180744,/mnt/hdd16T/ToqeerHomeBackup/mujoco_project/outputs/_highrate_overnight/campaign_highrate_truth_v3_rne_corrected396/runs/P027/task_37/scenario37_age70_h1p50_sex_female_w58p0_20260826_180744/fall_scenario37_age70_20260826_180744_highrate_truth.csv,18.9000000000022,19.13333333333557,19.1933,293.29999999779943,30,1,125,True,True,True,peak_impact_magnitude_within_3s_after_fall_onset,True,ok,repository_peak_impact_magnitude_within_3s_after_fall_onset_v2,>=30 actual samples on corrected 100Hz grid and >=1 complete 30-sample window,100,30,15,300,50,
P027,38,/mnt/hdd16T/ToqeerHomeBackup/mujoco_project/outputs/_highrate_overnight/campaign_highrate_truth_v3_rne_corrected396/runs/P027/task_38/scenario38_age70_h1p50_sex_female_w58p0_20260826_181019,/mnt/hdd16T/ToqeerHomeBackup/mujoco_project/outputs/_highrate_overnight/campaign_highrate_truth_v3_rne_corrected396/runs/P027/task_38/scenario38_age70_h1p50_sex_female_w58p0_20260826_181019/fall_scenario38_age70_20260826_181019_highrate_truth.csv,19.000000000002217,19.46666666666896,20.3633,1363.299999997782,137,8,125,True,True,True,peak_impact_magnitude_within_3s_after_fall_onset,True,ok,repository_peak_impact_magnitude_within_3s_after_fall_onset_v2,>=30 actual samples on corrected 100Hz grid and >=1 complete 30-sample window,100,30,15,300,50,
P027,39,/mnt/hdd16T/ToqeerHomeBackup/mujoco_project/outputs/_highrate_overnight/campaign_highrate_truth_v3_rne_corrected396/runs/P027/task_39/scenario39_age70_h1p50_sex_female_w58p0_20260826_181252,/mnt/hdd16T/ToqeerHomeBackup/mujoco_project/outputs/_highrate_overnight/campaign_highrate_truth_v3_rne_corrected396/runs/P027/task_39/scenario39_age70_h1p50_sex_female_w58p0_20260826_181252/fall_scenario39_age70_20260826_181252_highrate_truth.csv,5.833333333333493,6.100000000000201,6.1033,269.966666666507,27,0,37,True,True,False,peak_impact_magnitude_within_3s_after_fall_onset,True,ok,repository_peak_impact_magnitude_within_3s_after_fall_onset_v2,>=30 actual samples on corrected 100Hz grid and >=1 complete 30-sample window,100,30,15,300,50,recovered_interval_shorter_than_30_samples
P027,40,/mnt/hdd16T/ToqeerHomeBackup/mujoco_project/outputs/_highrate_overnight/campaign_highrate_truth_v3_rne_corrected396/runs/P027/task_40/scenario40_age70_h1p50_sex_female_w58p0_20260826_181328,/mnt/hdd16T/ToqeerHomeBackup/mujoco_project/outputs/_highrate_overnight/campaign_highrate_truth_v3_rne_corrected396/runs/P027/task_40/scenario40_age70_h1p50_sex_female_w58p0_20260826_181328/fall_scenario40_age70_20260826_181328_highrate_truth.csv,5.90000000000017,6.500000000000264,6.1633,263.29999999982954,27,0,38,True,True,False,peak_impact_magnitude_within_3s_after_fall_onset,True,ok,repository_peak_impact_magnitude_within_3s_after_fall_onset_v2,>=30 actual samples on corrected 100Hz grid and >=1 complete 30-sample window,100,30,15,300,50,recovered_interval_shorter_than_30_samples
P027,41,/mnt/hdd16T/ToqeerHomeBackup/mujoco_project/outputs/_highrate_overnight/campaign_highrate_truth_v3_rne_corrected396/runs/P027/task_41/scenario41_age70_h1p50_sex_female_w58p0_20260826_181405,/mnt/hdd16T/ToqeerHomeBackup/mujoco_project/outputs/_highrate_overnight/campaign_highrate_truth_v3_rne_corrected396/runs/P027/task_41/scenario41_age70_h1p50_sex_female_w58p0_20260826_181405/fall_scenario41_age70_20260826_181405_highrate_truth.csv,5.633333333333462,6.333333333333571,6.3633,729.9666666665381,73,3,36,True,True,True,peak_impact_magnitude_within_3s_after_fall_onset,True,ok,repository_peak_impact_magnitude_within_3s_after_fall_onset_v2,>=30 actual samples on corrected 100Hz grid and >=1 complete 30-sample window,100,30,15,300,50,
P027,42,/mnt/hdd16T/ToqeerHomeBackup/mujoco_project/outputs/_highrate_overnight/campaign_highrate_truth_v3_rne_corrected396/runs/P027/task_42/scenario42_age70_h1p50_sex_female_w58p0_20260826_181442,/mnt/hdd16T/ToqeerHomeBackup/mujoco_project/outputs/_highrate_overnight/campaign_highrate_truth_v3_rne_corrected396/runs/P027/task_42/scenario42_age70_h1p50_sex_female_w58p0_20260826_181442/fall_scenario42_age70_20260826_181442_highrate_truth.csv,5.600000000000123,6.400000000000248,6.1033,503.2999999998768,51,2,36,True,True,True,peak_impact_magnitude_within_3s_after_fall_onset,True,ok,repository_peak_impact_magnitude_within_3s_after_fall_onset_v2,>=30 actual samples on corrected 100Hz grid and >=1 complete 30-sample window,100,30,15,300,50,
P028,20,/mnt/hdd16T/ToqeerHomeBackup/mujoco_project/outputs/_highrate_overnight/campaign_highrate_truth_v3_rne_corrected396/runs/P028/task_20/scenario20_age71_h1p86_sex_male_w88p0_20260826_181519,/mnt/hdd16T/ToqeerHomeBackup/mujoco_project/outputs/_highrate_overnight/campaign_highrate_truth_v3_rne_corrected396/runs/P028/task_20/scenario20_age71_h1p86_sex_male_w88p0_20260826_181519/fall_scenario20_age71_20260826_181519_highrate_truth.csv,6.13333333333354,6.566666666666941,6.5633,429.9666666664601,43,1,39,True,True,True,peak_impact_magnitude_within_3s_after_fall_onset,True,ok,repository_peak_impact_magnitude_within_3s_after_fall_onset_v2,>=30 actual samples on corrected 100Hz grid and >=1 complete 30-sample window,100,30,15,300,50,
P028,21,/mnt/hdd16T/ToqeerHomeBackup/mujoco_project/outputs/_highrate_overnight/campaign_highrate_truth_v3_rne_corrected396/runs/P028/task_21/scenario21_age71_h1p86_sex_male_w88p0_20260826_181623,/mnt/hdd16T/ToqeerHomeBackup/mujoco_project/outputs/_highrate_overnight/campaign_highrate_truth_v3_rne_corrected396/runs/P028/task_21/scenario21_age71_h1p86_sex_male_w88p0_20260826_181623/fall_scenario21_age71_20260826_181623_highrate_truth.csv,5.500000000000108,5.500000000000108,5.8333,333.299999999892,34,1,35,True,True,True,peak_impact_magnitude_within_3s_after_fall_onset,True,ok,repository_peak_impact_magnitude_within_3s_after_fall_onset_v2,>=30 actual samples on corrected 100Hz grid and >=1 complete 30-sample window,100,30,15,300,50,
P028,22,/mnt/hdd16T/ToqeerHomeBackup/mujoco_project/outputs/_highrate_overnight/campaign_highrate_truth_v3_rne_corrected396/runs/P028/task_22/scenario22_age71_h1p86_sex_male_w88p0_20260826_181700,/mnt/hdd16T/ToqeerHomeBackup/mujoco_project/outputs/_highrate_overnight/campaign_highrate_truth_v3_rne_corrected396/runs/P028/task_22/scenario22_age71_h1p86_sex_male_w88p0_20260826_181700/fall_scenario22_age71_20260826_181700_highrate_truth.csv,5.500000000000108,5.500000000000108,5.8333,333.299999999892,34,1,35,True,True,True,peak_impact_magnitude_within_3s_after_fall_onset,True,ok,repository_peak_impact_magnitude_within_3s_after_fall_onset_v2,>=30 actual samples on corrected 100Hz grid and >=1 complete 30-sample window,100,30,15,300,50,
P028,23,/mnt/hdd16T/ToqeerHomeBackup/mujoco_project/outputs/_highrate_overnight/campaign_highrate_truth_v3_rne_corrected396/runs/P028/task_23/scenario23_age71_h1p86_sex_male_w88p0_20260826_181736,/mnt/hdd16T/ToqeerHomeBackup/mujoco_project/outputs/_highrate_overnight/campaign_highrate_truth_v3_rne_corrected396/runs/P028/task_23/scenario23_age71_h1p86_sex_male_w88p0_20260826_181736/fall_scenario23_age71_20260826_181736_highrate_truth.csv,5.766666666666816,6.566666666666941,6.5633,796.633333333184,80,4,37,True,True,True,peak_impact_magnitude_within_3s_after_fall_onset,True,ok,repository_peak_impact_magnitude_within_3s_after_fall_onset_v2,>=30 actual samples on corrected 100Hz grid and >=1 complete 30-sample window,100,30,15,300,50,
P028,24,/mnt/hdd16T/ToqeerHomeBackup/mujoco_project/outputs/_highrate_overnight/campaign_highrate_truth_v3_rne_corrected396/runs/P028/task_24/scenario24_age71_h1p86_sex_male_w88p0_20260826_181841,/mnt/hdd16T/ToqeerHomeBackup/mujoco_project/outputs/_highrate_overnight/campaign_highrate_truth_v3_rne_corrected396/runs/P028/task_24/scenario24_age71_h1p86_sex_male_w88p0_20260826_181841/fall_scenario24_age71_20260826_181841_highrate_truth.csv,5.500000000000108,5.500000000000108,5.7033,203.29999999989124,21,0,35,True,True,False,peak_impact_magnitude_within_3s_after_fall_onset,True,ok,repository_peak_impact_magnitude_within_3s_after_fall_onset_v2,>=30 actual samples on corrected 100Hz grid and >=1 complete 30-sample window,100,30,15,300,50,recovered_interval_shorter_than_30_samples
P028,28,/mnt/hdd16T/ToqeerHomeBackup/mujoco_project/outputs/_highrate_overnight/campaign_highrate_truth_v3_rne_corrected396/runs/P028/task_28/scenario28_age71_h1p86_sex_male_w88p0_20260826_181917,/mnt/hdd16T/ToqeerHomeBackup/mujoco_project/outputs/_highrate_overnight/campaign_highrate_truth_v3_rne_corrected396/runs/P028/task_28/scenario28_age71_h1p86_sex_male_w88p0_20260826_181917/fall_scenario28_age71_20260826_181917_highrate_truth.csv,7.566666666667097,8.100000000000513,7.9733,406.6333333329029,41,1,49,True,True,True,peak_impact_magnitude_within_3s_after_fall_onset,True,ok,repository_peak_impact_magnitude_within_3s_after_fall_onset_v2,>=30 actual samples on corrected 100Hz grid and >=1 complete 30-sample window,100,30,15,300,50,
P028,29,/mnt/hdd16T/ToqeerHomeBackup/mujoco_project/outputs/_highrate_overnight/campaign_highrate_truth_v3_rne_corrected396/runs/P028/task_29/scenario29_age71_h1p86_sex_male_w88p0_20260826_182153,/mnt/hdd16T/ToqeerHomeBackup/mujoco_project/outputs/_highrate_overnight/campaign_highrate_truth_v3_rne_corrected396/runs/P028/task_29/scenario29_age71_h1p86_sex_male_w88p0_20260826_182153/fall_scenario29_age71_20260826_182153_highrate_truth.csv,7.566666666667097,8.16666666666719,8.9633,1396.633333332903,140,8,49,True,True,True,peak_impact_magnitude_within_3s_after_fall_onset,True,ok,repository_peak_impact_magnitude_within_3s_after_fall_onset_v2,>=30 actual samples on corrected 100Hz grid and >=1 complete 30-sample window,100,30,15,300,50,
P028,30,/mnt/hdd16T/ToqeerHomeBackup/mujoco_project/outputs/_highrate_overnight/campaign_highrate_truth_v3_rne_corrected396/runs/P028/task_30/scenario30_age71_h1p86_sex_male_w88p0_20260826_182429,/mnt/hdd16T/ToqeerHomeBackup/mujoco_project/outputs/_highrate_overnight/campaign_highrate_truth_v3_rne_corrected396/runs/P028/task_30/scenario30_age71_h1p86_sex_male_w88p0_20260826_182429/fall_scenario30_age71_20260826_182429_highrate_truth.csv,7.566666666667097,7.900000000000483,7.6333,66.63333333290299,7,0,49,True,True,False,peak_impact_magnitude_within_3s_after_fall_onset,True,ok,repository_peak_impact_magnitude_within_3s_after_fall_onset_v2,>=30 actual samples on corrected 100Hz grid and >=1 complete 30-sample window,100,30,15,300,50,recovered_interval_shorter_than_30_samples
P028,31,/mnt/hdd16T/ToqeerHomeBackup/mujoco_project/outputs/_highrate_overnight/campaign_highrate_truth_v3_rne_corrected396/runs/P028/task_31/scenario31_age71_h1p86_sex_male_w88p0_20260826_182704,/mnt/hdd16T/ToqeerHomeBackup/mujoco_project/outputs/_highrate_overnight/campaign_highrate_truth_v3_rne_corrected396/runs/P028/task_31/scenario31_age71_h1p86_sex_male_w88p0_20260826_182704/fall_scenario31_age71_20260826_182704_highrate_truth.csv,7.566666666667097,7.700000000000451,7.6333,66.63333333290299,7,0,49,True,True,False,peak_impact_magnitude_within_3s_after_fall_onset,True,ok,repository_peak_impact_magnitude_within_3s_after_fall_onset_v2,>=30 actual samples on corrected 100Hz grid and >=1 complete 30-sample window,100,30,15,300,50,recovered_interval_shorter_than_30_samples
P028,32,/mnt/hdd16T/ToqeerHomeBackup/mujoco_project/outputs/_highrate_overnight/campaign_highrate_truth_v3_rne_corrected396/runs/P028/task_32/scenario32_age71_h1p86_sex_male_w88p0_20260826_182939,/mnt/hdd16T/ToqeerHomeBackup/mujoco_project/outputs/_highrate_overnight/campaign_highrate_truth_v3_rne_corrected396/runs/P028/task_32/scenario32_age71_h1p86_sex_male_w88p0_20260826_182939/fall_scenario32_age71_20260826_182939_highrate_truth.csv,7.566666666667097,8.966666666667315,8.9333,1366.633333332902,137,8,49,True,True,True,peak_impact_magnitude_within_3s_after_fall_onset,True,ok,repository_peak_impact_magnitude_within_3s_after_fall_onset_v2,>=30 actual samples on corrected 100Hz grid and >=1 complete 30-sample window,100,30,15,300,50,
P028,33,/mnt/hdd16T/ToqeerHomeBackup/mujoco_project/outputs/_highrate_overnight/campaign_highrate_truth_v3_rne_corrected396/runs/P028/task_33/scenario33_age71_h1p86_sex_male_w88p0_20260826_183214,/mnt/hdd16T/ToqeerHomeBackup/mujoco_project/outputs/_highrate_overnight/campaign_highrate_truth_v3_rne_corrected396/runs/P028/task_33/scenario33_age71_h1p86_sex_male_w88p0_20260826_183214/fall_scenario33_age71_20260826_183214_highrate_truth.csv,7.566666666667097,8.933333333333977,8.9633,1396.633333332903,140,8,49,True,True,True,peak_impact_magnitude_within_3s_after_fall_onset,True,ok,repository_peak_impact_magnitude_within_3s_after_fall_onset_v2,>=30 actual samples on corrected 100Hz grid and >=1 complete 30-sample window,100,30,15,300,50,
P028,34,/mnt/hdd16T/ToqeerHomeBackup/mujoco_project/outputs/_highrate_overnight/campaign_highrate_truth_v3_rne_corrected396/runs/P028/task_34/scenario34_age71_h1p86_sex_male_w88p0_20260826_183449,/mnt/hdd16T/ToqeerHomeBackup/mujoco_project/outputs/_highrate_overnight/campaign_highrate_truth_v3_rne_corrected396/runs/P028/task_34/scenario34_age71_h1p86_sex_male_w88p0_20260826_183449/fall_scenario34_age71_20260826_183449_highrate_truth.csv,7.566666666667097,9.000000000000654,10.1333,2566.633333332903,257,16,49,True,True,True,peak_impact_magnitude_within_3s_after_fall_onset,True,ok,repository_peak_impact_magnitude_within_3s_after_fall_onset_v2,>=30 actual samples on corrected 100Hz grid and >=1 complete 30-sample window,100,30,15,300,50,
P028,37,/mnt/hdd16T/ToqeerHomeBackup/mujoco_project/outputs/_highrate_overnight/campaign_highrate_truth_v3_rne_corrected396/runs/P028/task_37/scenario37_age71_h1p86_sex_male_w88p0_20260826_183725,/mnt/hdd16T/ToqeerHomeBackup/mujoco_project/outputs/_highrate_overnight/campaign_highrate_truth_v3_rne_corrected396/runs/P028/task_37/scenario37_age71_h1p86_sex_male_w88p0_20260826_183725/fall_scenario37_age71_20260826_183725_highrate_truth.csv,10.066666666667489,10.566666666667563,11.8733,1806.633333332512,181,11,66,True,True,True,peak_impact_magnitude_within_3s_after_fall_onset,True,ok,repository_peak_impact_magnitude_within_3s_after_fall_onset_v2,>=30 actual samples on corrected 100Hz grid and >=1 complete 30-sample window,100,30,15,300,50,
P028,38,/mnt/hdd16T/ToqeerHomeBackup/mujoco_project/outputs/_highrate_overnight/campaign_highrate_truth_v3_rne_corrected396/runs/P028/task_38/scenario38_age71_h1p86_sex_male_w88p0_20260826_184001,/mnt/hdd16T/ToqeerHomeBackup/mujoco_project/outputs/_highrate_overnight/campaign_highrate_truth_v3_rne_corrected396/runs/P028/task_38/scenario38_age71_h1p86_sex_male_w88p0_20260826_184001/fall_scenario38_age71_20260826_184001_highrate_truth.csv,15.100000000001607,15.30000000000164,15.3333,233.29999999839225,24,0,99,True,True,False,peak_impact_magnitude_within_3s_after_fall_onset,True,ok,repository_peak_impact_magnitude_within_3s_after_fall_onset_v2,>=30 actual samples on corrected 100Hz grid and >=1 complete 30-sample window,100,30,15,300,50,recovered_interval_shorter_than_30_samples
P028,39,/mnt/hdd16T/ToqeerHomeBackup/mujoco_project/outputs/_highrate_overnight/campaign_highrate_truth_v3_rne_corrected396/runs/P028/task_39/scenario39_age71_h1p86_sex_male_w88p0_20260826_184235,/mnt/hdd16T/ToqeerHomeBackup/mujoco_project/outputs/_highrate_overnight/campaign_highrate_truth_v3_rne_corrected396/runs/P028/task_39/scenario39_age71_h1p86_sex_male_w88p0_20260826_184235/fall_scenario39_age71_20260826_184235_highrate_truth.csv,5.6666666666668,6.000000000000186,6.1333,466.6333333332,47,2,36,True,True,True,peak_impact_magnitude_within_3s_after_fall_onset,True,ok,repository_peak_impact_magnitude_within_3s_after_fall_onset_v2,>=30 actual samples on corrected 100Hz grid and >=1 complete 30-sample window,100,30,15,300,50,
P028,40,/mnt/hdd16T/ToqeerHomeBackup/mujoco_project/outputs/_highrate_overnight/campaign_highrate_truth_v3_rne_corrected396/runs/P028/task_40/scenario40_age71_h1p86_sex_male_w88p0_20260826_184312,/mnt/hdd16T/ToqeerHomeBackup/mujoco_project/outputs/_highrate_overnight/campaign_highrate_truth_v3_rne_corrected396/runs/P028/task_40/scenario40_age71_h1p86_sex_male_w88p0_20260826_184312/fall_scenario40_age71_20260826_184312_highrate_truth.csv,5.366666666666753,6.200000000000217,6.2333,866.6333333332466,87,4,34,True,True,True,peak_impact_magnitude_within_3s_after_fall_onset,True,ok,repository_peak_impact_magnitude_within_3s_after_fall_onset_v2,>=30 actual samples on corrected 100Hz grid and >=1 complete 30-sample window,100,30,15,300,50,
P028,41,/mnt/hdd16T/ToqeerHomeBackup/mujoco_project/outputs/_highrate_overnight/campaign_highrate_truth_v3_rne_corrected396/runs/P028/task_41/scenario41_age71_h1p86_sex_male_w88p0_20260826_184349,/mnt/hdd16T/ToqeerHomeBackup/mujoco_project/outputs/_highrate_overnight/campaign_highrate_truth_v3_rne_corrected396/runs/P028/task_41/scenario41_age71_h1p86_sex_male_w88p0_20260826_184349/fall_scenario41_age71_20260826_184349_highrate_truth.csv,5.333333333333415,6.700000000000295,6.4333,1099.9666666665853,110,6,34,True,True,True,peak_impact_magnitude_within_3s_after_fall_onset,True,ok,repository_peak_impact_magnitude_within_3s_after_fall_onset_v2,>=30 actual samples on corrected 100Hz grid and >=1 complete 30-sample window,100,30,15,300,50,
P028,42,/mnt/hdd16T/ToqeerHomeBackup/mujoco_project/outputs/_highrate_overnight/campaign_highrate_truth_v3_rne_corrected396/runs/P028/task_42/scenario42_age71_h1p86_sex_male_w88p0_20260826_184427,/mnt/hdd16T/ToqeerHomeBackup/mujoco_project/outputs/_highrate_overnight/campaign_highrate_truth_v3_rne_corrected396/runs/P028/task_42/scenario42_age71_h1p86_sex_male_w88p0_20260826_184427/fall_scenario42_age71_20260826_184427_highrate_truth.csv,5.333333333333415,5.866666666666832,6.1633,829.9666666665848,83,4,34,True,True,True,peak_impact_magnitude_within_3s_after_fall_onset,True,ok,repository_peak_impact_magnitude_within_3s_after_fall_onset_v2,>=30 actual samples on corrected 100Hz grid and >=1 complete 30-sample window,100,30,15,300,50,
P029,20,/mnt/hdd16T/ToqeerHomeBackup/mujoco_project/outputs/_highrate_overnight/campaign_highrate_truth_v3_rne_corrected396/runs/P029/task_20/scenario20_age72_h1p66_sex_female_w75p0_20260826_184505,/mnt/hdd16T/ToqeerHomeBackup/mujoco_project/outputs/_highrate_overnight/campaign_highrate_truth_v3_rne_corrected396/runs/P029/task_20/scenario20_age72_h1p66_sex_female_w75p0_20260826_184505/fall_scenario20_age72_20260826_184505_highrate_truth.csv,6.266666666666894,6.700000000000295,6.7033,436.6333333331056,44,1,40,True,True,True,peak_impact_magnitude_within_3s_after_fall_onset,True,ok,repository_peak_impact_magnitude_within_3s_after_fall_onset_v2,>=30 actual samples on corrected 100Hz grid and >=1 complete 30-sample window,100,30,15,300,50,
P029,21,/mnt/hdd16T/ToqeerHomeBackup/mujoco_project/outputs/_highrate_overnight/campaign_highrate_truth_v3_rne_corrected396/runs/P029/task_21/scenario21_age72_h1p66_sex_female_w75p0_20260826_184609,/mnt/hdd16T/ToqeerHomeBackup/mujoco_project/outputs/_highrate_overnight/campaign_highrate_truth_v3_rne_corrected396/runs/P029/task_21/scenario21_age72_h1p66_sex_female_w75p0_20260826_184609/fall_scenario21_age72_20260826_184609_highrate_truth.csv,5.43333333333343,5.833333333333493,5.9633,529.9666666665698,53,2,35,True,True,True,peak_impact_magnitude_within_3s_after_fall_onset,True,ok,repository_peak_impact_magnitude_within_3s_after_fall_onset_v2,>=30 actual samples on corrected 100Hz grid and >=1 complete 30-sample window,100,30,15,300,50,
P029,22,/mnt/hdd16T/ToqeerHomeBackup/mujoco_project/outputs/_highrate_overnight/campaign_highrate_truth_v3_rne_corrected396/runs/P029/task_22/scenario22_age72_h1p66_sex_female_w75p0_20260826_184645,/mnt/hdd16T/ToqeerHomeBackup/mujoco_project/outputs/_highrate_overnight/campaign_highrate_truth_v3_rne_corrected396/runs/P029/task_22/scenario22_age72_h1p66_sex_female_w75p0_20260826_184645/fall_scenario22_age72_20260826_184645_highrate_truth.csv,5.43333333333343,5.833333333333493,5.9333,499.9666666665696,50,2,35,True,True,True,peak_impact_magnitude_within_3s_after_fall_onset,True,ok,repository_peak_impact_magnitude_within_3s_after_fall_onset_v2,>=30 actual samples on corrected 100Hz grid and >=1 complete 30-sample window,100,30,15,300,50,
P029,23,/mnt/hdd16T/ToqeerHomeBackup/mujoco_project/outputs/_highrate_overnight/campaign_highrate_truth_v3_rne_corrected396/runs/P029/task_23/scenario23_age72_h1p66_sex_female_w75p0_20260826_184721,/mnt/hdd16T/ToqeerHomeBackup/mujoco_project/outputs/_highrate_overnight/campaign_highrate_truth_v3_rne_corrected396/runs/P029/task_23/scenario23_age72_h1p66_sex_female_w75p0_20260826_184721/fall_scenario23_age72_20260826_184721_highrate_truth.csv,6.000000000000186,18.0333333333354,6.6033,603.2999999998143,61,3,39,True,True,True,peak_impact_magnitude_within_3s_after_fall_onset,True,ok,repository_peak_impact_magnitude_within_3s_after_fall_onset_v2,>=30 actual samples on corrected 100Hz grid and >=1 complete 30-sample window,100,30,15,300,50,
P029,24,/mnt/hdd16T/ToqeerHomeBackup/mujoco_project/outputs/_highrate_overnight/campaign_highrate_truth_v3_rne_corrected396/runs/P029/task_24/scenario24_age72_h1p66_sex_female_w75p0_20260826_184825,/mnt/hdd16T/ToqeerHomeBackup/mujoco_project/outputs/_highrate_overnight/campaign_highrate_truth_v3_rne_corrected396/runs/P029/task_24/scenario24_age72_h1p66_sex_female_w75p0_20260826_184825/fall_scenario24_age72_20260826_184825_highrate_truth.csv,5.500000000000108,17.000000000001904,5.6033,103.29999999989158,11,0,35,True,True,False,peak_impact_magnitude_within_3s_after_fall_onset,True,ok,repository_peak_impact_magnitude_within_3s_after_fall_onset_v2,>=30 actual samples on corrected 100Hz grid and >=1 complete 30-sample window,100,30,15,300,50,recovered_interval_shorter_than_30_samples
P029,28,/mnt/hdd16T/ToqeerHomeBackup/mujoco_project/outputs/_highrate_overnight/campaign_highrate_truth_v3_rne_corrected396/runs/P029/task_28/scenario28_age72_h1p66_sex_female_w75p0_20260826_184901,/mnt/hdd16T/ToqeerHomeBackup/mujoco_project/outputs/_highrate_overnight/campaign_highrate_truth_v3_rne_corrected396/runs/P029/task_28/scenario28_age72_h1p66_sex_female_w75p0_20260826_184901/fall_scenario28_age72_20260826_184901_highrate_truth.csv,7.600000000000436,8.133333333333852,7.9633,363.2999999995645,37,1,49,True,True,True,peak_impact_magnitude_within_3s_after_fall_onset,True,ok,repository_peak_impact_magnitude_within_3s_after_fall_onset_v2,>=30 actual samples on corrected 100Hz grid and >=1 complete 30-sample window,100,30,15,300,50,
P029,29,/mnt/hdd16T/ToqeerHomeBackup/mujoco_project/outputs/_highrate_overnight/campaign_highrate_truth_v3_rne_corrected396/runs/P029/task_29/scenario29_age72_h1p66_sex_female_w75p0_20260826_185137,/mnt/hdd16T/ToqeerHomeBackup/mujoco_project/outputs/_highrate_overnight/campaign_highrate_truth_v3_rne_corrected396/runs/P029/task_29/scenario29_age72_h1p66_sex_female_w75p0_20260826_185137/fall_scenario29_age72_20260826_185137_highrate_truth.csv,8.066666666667174,8.700000000000607,8.7033,636.633333332826,64,3,52,True,True,True,peak_impact_magnitude_within_3s_after_fall_onset,True,ok,repository_peak_impact_magnitude_within_3s_after_fall_onset_v2,>=30 actual samples on corrected 100Hz grid and >=1 complete 30-sample window,100,30,15,300,50,
P029,30,/mnt/hdd16T/ToqeerHomeBackup/mujoco_project/outputs/_highrate_overnight/campaign_highrate_truth_v3_rne_corrected396/runs/P029/task_30/scenario30_age72_h1p66_sex_female_w75p0_20260826_185411,/mnt/hdd16T/ToqeerHomeBackup/mujoco_project/outputs/_highrate_overnight/campaign_highrate_truth_v3_rne_corrected396/runs/P029/task_30/scenario30_age72_h1p66_sex_female_w75p0_20260826_185411/fall_scenario30_age72_20260826_185411_highrate_truth.csv,7.700000000000451,7.833333333333805,7.7333,33.29999999954847,4,0,50,True,True,False,peak_impact_magnitude_within_3s_after_fall_onset,True,ok,repository_peak_impact_magnitude_within_3s_after_fall_onset_v2,>=30 actual samples on corrected 100Hz grid and >=1 complete 30-sample window,100,30,15,300,50,recovered_interval_shorter_than_30_samples
P029,31,/mnt/hdd16T/ToqeerHomeBackup/mujoco_project/outputs/_highrate_overnight/campaign_highrate_truth_v3_rne_corrected396/runs/P029/task_31/scenario31_age72_h1p66_sex_female_w75p0_20260826_185647,/mnt/hdd16T/ToqeerHomeBackup/mujoco_project/outputs/_highrate_overnight/campaign_highrate_truth_v3_rne_corrected396/runs/P029/task_31/scenario31_age72_h1p66_sex_female_w75p0_20260826_185647/fall_scenario31_age72_20260826_185647_highrate_truth.csv,7.700000000000451,9.366666666667378,7.8333,133.29999999954902,14,0,50,True,True,False,peak_impact_magnitude_within_3s_after_fall_onset,True,ok,repository_peak_impact_magnitude_within_3s_after_fall_onset_v2,>=30 actual samples on corrected 100Hz grid and >=1 complete 30-sample window,100,30,15,300,50,recovered_interval_shorter_than_30_samples
P029,32,/mnt/hdd16T/ToqeerHomeBackup/mujoco_project/outputs/_highrate_overnight/campaign_highrate_truth_v3_rne_corrected396/runs/P029/task_32/scenario32_age72_h1p66_sex_female_w75p0_20260826_185921,/mnt/hdd16T/ToqeerHomeBackup/mujoco_project/outputs/_highrate_overnight/campaign_highrate_truth_v3_rne_corrected396/runs/P029/task_32/scenario32_age72_h1p66_sex_female_w75p0_20260826_185921/fall_scenario32_age72_20260826_185921_highrate_truth.csv,8.40000000000056,8.766666666667284,8.7933,393.2999999994405,40,1,55,True,True,True,peak_impact_magnitude_within_3s_after_fall_onset,True,ok,repository_peak_impact_magnitude_within_3s_after_fall_onset_v2,>=30 actual samples on corrected 100Hz grid and >=1 complete 30-sample window,100,30,15,300,50,
P029,33,/mnt/hdd16T/ToqeerHomeBackup/mujoco_project/outputs/_highrate_overnight/campaign_highrate_truth_v3_rne_corrected396/runs/P029/task_33/scenario33_age72_h1p66_sex_female_w75p0_20260826_190156,/mnt/hdd16T/ToqeerHomeBackup/mujoco_project/outputs/_highrate_overnight/campaign_highrate_truth_v3_rne_corrected396/runs/P029/task_33/scenario33_age72_h1p66_sex_female_w75p0_20260826_190156/fall_scenario33_age72_20260826_190156_highrate_truth.csv,8.466666666667237,8.800000000000622,8.9633,496.6333333327633,50,2,55,True,True,True,peak_impact_magnitude_within_3s_after_fall_onset,True,ok,repository_peak_impact_magnitude_within_3s_after_fall_onset_v2,>=30 actual samples on corrected 100Hz grid and >=1 complete 30-sample window,100,30,15,300,50,
P029,34,/mnt/hdd16T/ToqeerHomeBackup/mujoco_project/outputs/_highrate_overnight/campaign_highrate_truth_v3_rne_corrected396/runs/P029/task_34/scenario34_age72_h1p66_sex_female_w75p0_20260826_190431,/mnt/hdd16T/ToqeerHomeBackup/mujoco_project/outputs/_highrate_overnight/campaign_highrate_truth_v3_rne_corrected396/runs/P029/task_34/scenario34_age72_h1p66_sex_female_w75p0_20260826_190431/fall_scenario34_age72_20260826_190431_highrate_truth.csv,8.500000000000576,8.666666666667268,10.1333,1633.2999999994247,164,9,55,True,True,True,peak_impact_magnitude_within_3s_after_fall_onset,True,ok,repository_peak_impact_magnitude_within_3s_after_fall_onset_v2,>=30 actual samples on corrected 100Hz grid and >=1 complete 30-sample window,100,30,15,300,50,
P029,37,/mnt/hdd16T/ToqeerHomeBackup/mujoco_project/outputs/_highrate_overnight/campaign_highrate_truth_v3_rne_corrected396/runs/P029/task_37/scenario37_age72_h1p66_sex_female_w75p0_20260826_190707,/mnt/hdd16T/ToqeerHomeBackup/mujoco_project/outputs/_highrate_overnight/campaign_highrate_truth_v3_rne_corrected396/runs/P029/task_37/scenario37_age72_h1p66_sex_female_w75p0_20260826_190707/fall_scenario37_age72_20260826_190707_highrate_truth.csv,8.500000000000576,9.000000000000654,9.1333,633.2999999994247,64,3,55,True,True,True,peak_impact_magnitude_within_3s_after_fall_onset,True,ok,repository_peak_impact_magnitude_within_3s_after_fall_onset_v2,>=30 actual samples on corrected 100Hz grid and >=1 complete 30-sample window,100,30,15,300,50,
P029,38,/mnt/hdd16T/ToqeerHomeBackup/mujoco_project/outputs/_highrate_overnight/campaign_highrate_truth_v3_rne_corrected396/runs/P029/task_38/scenario38_age72_h1p66_sex_female_w75p0_20260826_190942,/mnt/hdd16T/ToqeerHomeBackup/mujoco_project/outputs/_highrate_overnight/campaign_highrate_truth_v3_rne_corrected396/runs/P029/task_38/scenario38_age72_h1p66_sex_female_w75p0_20260826_190942/fall_scenario38_age72_20260826_190942_highrate_truth.csv,19.033333333335555,19.36666666666894,21.3333,2299.9666666644457,230,14,125,True,True,True,peak_impact_magnitude_within_3s_after_fall_onset,True,ok,repository_peak_impact_magnitude_within_3s_after_fall_onset_v2,>=30 actual samples on corrected 100Hz grid and >=1 complete 30-sample window,100,30,15,300,50,
P029,39,/mnt/hdd16T/ToqeerHomeBackup/mujoco_project/outputs/_highrate_overnight/campaign_highrate_truth_v3_rne_corrected396/runs/P029/task_39/scenario39_age72_h1p66_sex_female_w75p0_20260826_191217,/mnt/hdd16T/ToqeerHomeBackup/mujoco_project/outputs/_highrate_overnight/campaign_highrate_truth_v3_rne_corrected396/runs/P029/task_39/scenario39_age72_h1p66_sex_female_w75p0_20260826_191217/fall_scenario39_age72_20260826_191217_highrate_truth.csv,5.500000000000108,6.100000000000201,6.1033,603.2999999998916,61,3,35,True,True,True,peak_impact_magnitude_within_3s_after_fall_onset,True,ok,repository_peak_impact_magnitude_within_3s_after_fall_onset_v2,>=30 actual samples on corrected 100Hz grid and >=1 complete 30-sample window,100,30,15,300,50,
P029,40,/mnt/hdd16T/ToqeerHomeBackup/mujoco_project/outputs/_highrate_overnight/campaign_highrate_truth_v3_rne_corrected396/runs/P029/task_40/scenario40_age72_h1p66_sex_female_w75p0_20260826_191253,/mnt/hdd16T/ToqeerHomeBackup/mujoco_project/outputs/_highrate_overnight/campaign_highrate_truth_v3_rne_corrected396/runs/P029/task_40/scenario40_age72_h1p66_sex_female_w75p0_20260826_191253/fall_scenario40_age72_20260826_191253_highrate_truth.csv,5.833333333333493,6.033333333333524,6.1033,269.966666666507,27,0,37,True,True,False,peak_impact_magnitude_within_3s_after_fall_onset,True,ok,repository_peak_impact_magnitude_within_3s_after_fall_onset_v2,>=30 actual samples on corrected 100Hz grid and >=1 complete 30-sample window,100,30,15,300,50,recovered_interval_shorter_than_30_samples
P029,41,/mnt/hdd16T/ToqeerHomeBackup/mujoco_project/outputs/_highrate_overnight/campaign_highrate_truth_v3_rne_corrected396/runs/P029/task_41/scenario41_age72_h1p66_sex_female_w75p0_20260826_191330,/mnt/hdd16T/ToqeerHomeBackup/mujoco_project/outputs/_highrate_overnight/campaign_highrate_truth_v3_rne_corrected396/runs/P029/task_41/scenario41_age72_h1p66_sex_female_w75p0_20260826_191330/fall_scenario41_age72_20260826_191330_highrate_truth.csv,5.566666666666785,6.866666666666988,6.5033,936.6333333332158,94,5,36,True,True,True,peak_impact_magnitude_within_3s_after_fall_onset,True,ok,repository_peak_impact_magnitude_within_3s_after_fall_onset_v2,>=30 actual samples on corrected 100Hz grid and >=1 complete 30-sample window,100,30,15,300,50,
P029,42,/mnt/hdd16T/ToqeerHomeBackup/mujoco_project/outputs/_highrate_overnight/campaign_highrate_truth_v3_rne_corrected396/runs/P029/task_42/scenario42_age72_h1p66_sex_female_w75p0_20260826_191407,/mnt/hdd16T/ToqeerHomeBackup/mujoco_project/outputs/_highrate_overnight/campaign_highrate_truth_v3_rne_corrected396/runs/P029/task_42/scenario42_age72_h1p66_sex_female_w75p0_20260826_191407/fall_scenario42_age72_20260826_191407_highrate_truth.csv,5.733333333333477,6.000000000000186,6.1333,399.9666666665229,40,1,37,True,True,True,peak_impact_magnitude_within_3s_after_fall_onset,True,ok,repository_peak_impact_magnitude_within_3s_after_fall_onset_v2,>=30 actual samples on corrected 100Hz grid and >=1 complete 30-sample window,100,30,15,300,50,
P030,20,/mnt/hdd16T/ToqeerHomeBackup/mujoco_project/outputs/_highrate_overnight/campaign_highrate_truth_v3_rne_corrected396/runs/P030/task_20/scenario20_age73_h1p58_sex_female_w64p0_20260826_191445,/mnt/hdd16T/ToqeerHomeBackup/mujoco_project/outputs/_highrate_overnight/campaign_highrate_truth_v3_rne_corrected396/runs/P030/task_20/scenario20_age73_h1p58_sex_female_w64p0_20260826_191445/fall_scenario20_age73_20260826_191445_highrate_truth.csv,6.233333333333555,6.500000000000264,6.7333,499.9666666664444,50,2,40,True,True,True,peak_impact_magnitude_within_3s_after_fall_onset,True,ok,repository_peak_impact_magnitude_within_3s_after_fall_onset_v2,>=30 actual samples on corrected 100Hz grid and >=1 complete 30-sample window,100,30,15,300,50,
P030,21,/mnt/hdd16T/ToqeerHomeBackup/mujoco_project/outputs/_highrate_overnight/campaign_highrate_truth_v3_rne_corrected396/runs/P030/task_21/scenario21_age73_h1p58_sex_female_w64p0_20260826_191549,/mnt/hdd16T/ToqeerHomeBackup/mujoco_project/outputs/_highrate_overnight/campaign_highrate_truth_v3_rne_corrected396/runs/P030/task_21/scenario21_age73_h1p58_sex_female_w64p0_20260826_191549/fall_scenario21_age73_20260826_191549_highrate_truth.csv,5.466666666666769,5.866666666666832,5.9033,436.6333333332309,44,1,35,True,True,True,peak_impact_magnitude_within_3s_after_fall_onset,True,ok,repository_peak_impact_magnitude_within_3s_after_fall_onset_v2,>=30 actual samples on corrected 100Hz grid and >=1 complete 30-sample window,100,30,15,300,50,
P030,22,/mnt/hdd16T/ToqeerHomeBackup/mujoco_project/outputs/_highrate_overnight/campaign_highrate_truth_v3_rne_corrected396/runs/P030/task_22/scenario22_age73_h1p58_sex_female_w64p0_20260826_191625,/mnt/hdd16T/ToqeerHomeBackup/mujoco_project/outputs/_highrate_overnight/campaign_highrate_truth_v3_rne_corrected396/runs/P030/task_22/scenario22_age73_h1p58_sex_female_w64p0_20260826_191625/fall_scenario22_age73_20260826_191625_highrate_truth.csv,5.43333333333343,6.000000000000186,5.9333,499.9666666665696,50,2,35,True,True,True,peak_impact_magnitude_within_3s_after_fall_onset,True,ok,repository_peak_impact_magnitude_within_3s_after_fall_onset_v2,>=30 actual samples on corrected 100Hz grid and >=1 complete 30-sample window,100,30,15,300,50,
P030,23,/mnt/hdd16T/ToqeerHomeBackup/mujoco_project/outputs/_highrate_overnight/campaign_highrate_truth_v3_rne_corrected396/runs/P030/task_23/scenario23_age73_h1p58_sex_female_w64p0_20260826_191701,/mnt/hdd16T/ToqeerHomeBackup/mujoco_project/outputs/_highrate_overnight/campaign_highrate_truth_v3_rne_corrected396/runs/P030/task_23/scenario23_age73_h1p58_sex_female_w64p0_20260826_191701/fall_scenario23_age73_20260826_191701_highrate_truth.csv,6.266666666666894,6.466666666666925,6.6033,336.63333333310595,34,1,40,True,True,True,peak_impact_magnitude_within_3s_after_fall_onset,True,ok,repository_peak_impact_magnitude_within_3s_after_fall_onset_v2,>=30 actual samples on corrected 100Hz grid and >=1 complete 30-sample window,100,30,15,300,50,
P030,24,/mnt/hdd16T/ToqeerHomeBackup/mujoco_project/outputs/_highrate_overnight/campaign_highrate_truth_v3_rne_corrected396/runs/P030/task_24/scenario24_age73_h1p58_sex_female_w64p0_20260826_191806,/mnt/hdd16T/ToqeerHomeBackup/mujoco_project/outputs/_highrate_overnight/campaign_highrate_truth_v3_rne_corrected396/runs/P030/task_24/scenario24_age73_h1p58_sex_female_w64p0_20260826_191806/fall_scenario24_age73_20260826_191806_highrate_truth.csv,5.466666666666769,6.000000000000186,5.8933,426.6333333332311,43,1,35,True,True,True,peak_impact_magnitude_within_3s_after_fall_onset,True,ok,repository_peak_impact_magnitude_within_3s_after_fall_onset_v2,>=30 actual samples on corrected 100Hz grid and >=1 complete 30-sample window,100,30,15,300,50,
P030,28,/mnt/hdd16T/ToqeerHomeBackup/mujoco_project/outputs/_highrate_overnight/campaign_highrate_truth_v3_rne_corrected396/runs/P030/task_28/scenario28_age73_h1p58_sex_female_w64p0_20260826_191842,/mnt/hdd16T/ToqeerHomeBackup/mujoco_project/outputs/_highrate_overnight/campaign_highrate_truth_v3_rne_corrected396/runs/P030/task_28/scenario28_age73_h1p58_sex_female_w64p0_20260826_191842/fall_scenario28_age73_20260826_191842_highrate_truth.csv,18.20000000000209,19.10000000000224,18.5033,303.2999999979112,31,1,120,True,True,True,peak_impact_magnitude_within_3s_after_fall_onset,True,ok,repository_peak_impact_magnitude_within_3s_after_fall_onset_v2,>=30 actual samples on corrected 100Hz grid and >=1 complete 30-sample window,100,30,15,300,50,
P030,29,/mnt/hdd16T/ToqeerHomeBackup/mujoco_project/outputs/_highrate_overnight/campaign_highrate_truth_v3_rne_corrected396/runs/P030/task_29/scenario29_age73_h1p58_sex_female_w64p0_20260826_192115,/mnt/hdd16T/ToqeerHomeBackup/mujoco_project/outputs/_highrate_overnight/campaign_highrate_truth_v3_rne_corrected396/runs/P030/task_29/scenario29_age73_h1p58_sex_female_w64p0_20260826_192115/fall_scenario29_age73_20260826_192115_highrate_truth.csv,18.96666666666888,19.266666666668925,19.2633,296.6333333311226,30,1,125,True,True,True,peak_impact_magnitude_within_3s_after_fall_onset,True,ok,repository_peak_impact_magnitude_within_3s_after_fall_onset_v2,>=30 actual samples on corrected 100Hz grid and >=1 complete 30-sample window,100,30,15,300,50,
P030,30,/mnt/hdd16T/ToqeerHomeBackup/mujoco_project/outputs/_highrate_overnight/campaign_highrate_truth_v3_rne_corrected396/runs/P030/task_30/scenario30_age73_h1p58_sex_female_w64p0_20260826_192349,/mnt/hdd16T/ToqeerHomeBackup/mujoco_project/outputs/_highrate_overnight/campaign_highrate_truth_v3_rne_corrected396/runs/P030/task_30/scenario30_age73_h1p58_sex_female_w64p0_20260826_192349/fall_scenario30_age73_20260826_192349_highrate_truth.csv,18.20000000000209,18.4666666666688,18.6333,433.29999999791016,44,1,120,True,True,True,peak_impact_magnitude_within_3s_after_fall_onset,True,ok,repository_peak_impact_magnitude_within_3s_after_fall_onset_v2,>=30 actual samples on corrected 100Hz grid and >=1 complete 30-sample window,100,30,15,300,50,
P030,31,/mnt/hdd16T/ToqeerHomeBackup/mujoco_project/outputs/_highrate_overnight/campaign_highrate_truth_v3_rne_corrected396/runs/P030/task_31/scenario31_age73_h1p58_sex_female_w64p0_20260826_192623,/mnt/hdd16T/ToqeerHomeBackup/mujoco_project/outputs/_highrate_overnight/campaign_highrate_truth_v3_rne_corrected396/runs/P030/task_31/scenario31_age73_h1p58_sex_female_w64p0_20260826_192623/fall_scenario31_age73_20260826_192623_highrate_truth.csv,18.23333333333543,19.10000000000224,18.4333,199.96666666456875,20,0,120,True,True,False,peak_impact_magnitude_within_3s_after_fall_onset,True,ok,repository_peak_impact_magnitude_within_3s_after_fall_onset_v2,>=30 actual samples on corrected 100Hz grid and >=1 complete 30-sample window,100,30,15,300,50,recovered_interval_shorter_than_30_samples
P030,32,/mnt/hdd16T/ToqeerHomeBackup/mujoco_project/outputs/_highrate_overnight/campaign_highrate_truth_v3_rne_corrected396/runs/P030/task_32/scenario32_age73_h1p58_sex_female_w64p0_20260826_192857,/mnt/hdd16T/ToqeerHomeBackup/mujoco_project/outputs/_highrate_overnight/campaign_highrate_truth_v3_rne_corrected396/runs/P030/task_32/scenario32_age73_h1p58_sex_female_w64p0_20260826_192857/fall_scenario32_age73_20260826_192857_highrate_truth.csv,18.96666666666888,19.233333333335587,19.3033,336.6333333311218,34,1,125,True,True,True,peak_impact_magnitude_within_3s_after_fall_onset,True,ok,repository_peak_impact_magnitude_within_3s_after_fall_onset_v2,>=30 actual samples on corrected 100Hz grid and >=1 complete 30-sample window,100,30,15,300,50,
P030,33,/mnt/hdd16T/ToqeerHomeBackup/mujoco_project/outputs/_highrate_overnight/campaign_highrate_truth_v3_rne_corrected396/runs/P030/task_33/scenario33_age73_h1p58_sex_female_w64p0_20260826_193130,/mnt/hdd16T/ToqeerHomeBackup/mujoco_project/outputs/_highrate_overnight/campaign_highrate_truth_v3_rne_corrected396/runs/P030/task_33/scenario33_age73_h1p58_sex_female_w64p0_20260826_193130/fall_scenario33_age73_20260826_193130_highrate_truth.csv,19.000000000002217,19.16666666666891,19.3333,333.2999999977844,34,1,125,True,True,True,peak_impact_magnitude_within_3s_after_fall_onset,True,ok,repository_peak_impact_magnitude_within_3s_after_fall_onset_v2,>=30 actual samples on corrected 100Hz grid and >=1 complete 30-sample window,100,30,15,300,50,
P030,34,/mnt/hdd16T/ToqeerHomeBackup/mujoco_project/outputs/_highrate_overnight/campaign_highrate_truth_v3_rne_corrected396/runs/P030/task_34/scenario34_age73_h1p58_sex_female_w64p0_20260826_193404,/mnt/hdd16T/ToqeerHomeBackup/mujoco_project/outputs/_highrate_overnight/campaign_highrate_truth_v3_rne_corrected396/runs/P030/task_34/scenario34_age73_h1p58_sex_female_w64p0_20260826_193404/fall_scenario34_age73_20260826_193404_highrate_truth.csv,18.96666666666888,19.266666666668925,20.4333,1466.6333333311209,147,8,125,True,True,True,peak_impact_magnitude_within_3s_after_fall_onset,True,ok,repository_peak_impact_magnitude_within_3s_after_fall_onset_v2,>=30 actual samples on corrected 100Hz grid and >=1 complete 30-sample window,100,30,15,300,50,
P030,37,/mnt/hdd16T/ToqeerHomeBackup/mujoco_project/outputs/_highrate_overnight/campaign_highrate_truth_v3_rne_corrected396/runs/P030/task_37/scenario37_age73_h1p58_sex_female_w64p0_20260826_193638,/mnt/hdd16T/ToqeerHomeBackup/mujoco_project/outputs/_highrate_overnight/campaign_highrate_truth_v3_rne_corrected396/runs/P030/task_37/scenario37_age73_h1p58_sex_female_w64p0_20260826_193638/fall_scenario37_age73_20260826_193638_highrate_truth.csv,19.06666666666889,19.3333333333356,19.3633,296.6333333311084,30,1,126,True,True,True,peak_impact_magnitude_within_3s_after_fall_onset,True,ok,repository_peak_impact_magnitude_within_3s_after_fall_onset_v2,>=30 actual samples on corrected 100Hz grid and >=1 complete 30-sample window,100,30,15,300,50,
P030,38,/mnt/hdd16T/ToqeerHomeBackup/mujoco_project/outputs/_highrate_overnight/campaign_highrate_truth_v3_rne_corrected396/runs/P030/task_38/scenario38_age73_h1p58_sex_female_w64p0_20260826_193912,/mnt/hdd16T/ToqeerHomeBackup/mujoco_project/outputs/_highrate_overnight/campaign_highrate_truth_v3_rne_corrected396/runs/P030/task_38/scenario38_age73_h1p58_sex_female_w64p0_20260826_193912/fall_scenario38_age73_20260826_193912_highrate_truth.csv,7.700000000000451,8.266666666667206,8.9633,1263.2999999995488,127,7,50,True,True,True,peak_impact_magnitude_within_3s_after_fall_onset,True,ok,repository_peak_impact_magnitude_within_3s_after_fall_onset_v2,>=30 actual samples on corrected 100Hz grid and >=1 complete 30-sample window,100,30,15,300,50,
P030,39,/mnt/hdd16T/ToqeerHomeBackup/mujoco_project/outputs/_highrate_overnight/campaign_highrate_truth_v3_rne_corrected396/runs/P030/task_39/scenario39_age73_h1p58_sex_female_w64p0_20260826_194146,/mnt/hdd16T/ToqeerHomeBackup/mujoco_project/outputs/_highrate_overnight/campaign_highrate_truth_v3_rne_corrected396/runs/P030/task_39/scenario39_age73_h1p58_sex_female_w64p0_20260826_194146/fall_scenario39_age73_20260826_194146_highrate_truth.csv,5.700000000000139,6.200000000000217,6.2033,503.29999999986086,51,2,37,True,True,True,peak_impact_magnitude_within_3s_after_fall_onset,True,ok,repository_peak_impact_magnitude_within_3s_after_fall_onset_v2,>=30 actual samples on corrected 100Hz grid and >=1 complete 30-sample window,100,30,15,300,50,
P030,40,/mnt/hdd16T/ToqeerHomeBackup/mujoco_project/outputs/_highrate_overnight/campaign_highrate_truth_v3_rne_corrected396/runs/P030/task_40/scenario40_age73_h1p58_sex_female_w64p0_20260826_194222,/mnt/hdd16T/ToqeerHomeBackup/mujoco_project/outputs/_highrate_overnight/campaign_highrate_truth_v3_rne_corrected396/runs/P030/task_40/scenario40_age73_h1p58_sex_female_w64p0_20260826_194222/fall_scenario40_age73_20260826_194222_highrate_truth.csv,5.9333333333335085,6.100000000000201,6.2033,269.96666666649105,27,0,38,True,True,False,peak_impact_magnitude_within_3s_after_fall_onset,True,ok,repository_peak_impact_magnitude_within_3s_after_fall_onset_v2,>=30 actual samples on corrected 100Hz grid and >=1 complete 30-sample window,100,30,15,300,50,recovered_interval_shorter_than_30_samples
P030,41,/mnt/hdd16T/ToqeerHomeBackup/mujoco_project/outputs/_highrate_overnight/campaign_highrate_truth_v3_rne_corrected396/runs/P030/task_41/scenario41_age73_h1p58_sex_female_w64p0_20260826_194259,/mnt/hdd16T/ToqeerHomeBackup/mujoco_project/outputs/_highrate_overnight/campaign_highrate_truth_v3_rne_corrected396/runs/P030/task_41/scenario41_age73_h1p58_sex_female_w64p0_20260826_194259/fall_scenario41_age73_20260826_194259_highrate_truth.csv,5.90000000000017,7.000000000000342,6.2333,333.2999999998298,34,1,38,True,True,True,peak_impact_magnitude_within_3s_after_fall_onset,True,ok,repository_peak_impact_magnitude_within_3s_after_fall_onset_v2,>=30 actual samples on corrected 100Hz grid and >=1 complete 30-sample window,100,30,15,300,50,
P030,42,/mnt/hdd16T/ToqeerHomeBackup/mujoco_project/outputs/_highrate_overnight/campaign_highrate_truth_v3_rne_corrected396/runs/P030/task_42/scenario42_age73_h1p58_sex_female_w64p0_20260826_194336,/mnt/hdd16T/ToqeerHomeBackup/mujoco_project/outputs/_highrate_overnight/campaign_highrate_truth_v3_rne_corrected396/runs/P030/task_42/scenario42_age73_h1p58_sex_female_w64p0_20260826_194336/fall_scenario42_age73_20260826_194336_highrate_truth.csv,5.833333333333493,6.766666666666972,6.1033,269.966666666507,27,0,37,True,True,False,peak_impact_magnitude_within_3s_after_fall_onset,True,ok,repository_peak_impact_magnitude_within_3s_after_fall_onset_v2,>=30 actual samples on corrected 100Hz grid and >=1 complete 30-sample window,100,30,15,300,50,recovered_interval_shorter_than_30_samples
P031,20,/mnt/hdd16T/ToqeerHomeBackup/mujoco_project/outputs/_highrate_overnight/campaign_highrate_truth_v3_rne_corrected396/runs/P031/task_20/scenario20_age74_h1p78_sex_male_w84p0_20260826_194414,/mnt/hdd16T/ToqeerHomeBackup/mujoco_project/outputs/_highrate_overnight/campaign_highrate_truth_v3_rne_corrected396/runs/P031/task_20/scenario20_age74_h1p78_sex_male_w84p0_20260826_194414/fall_scenario20_age74_20260826_194414_highrate_truth.csv,5.800000000000154,6.933333333333665,6.6333,833.2999999998458,84,4,37,True,True,True,peak_impact_magnitude_within_3s_after_fall_onset,True,ok,repository_peak_impact_magnitude_within_3s_after_fall_onset_v2,>=30 actual samples on corrected 100Hz grid and >=1 complete 30-sample window,100,30,15,300,50,
P031,21,/mnt/hdd16T/ToqeerHomeBackup/mujoco_project/outputs/_highrate_overnight/campaign_highrate_truth_v3_rne_corrected396/runs/P031/task_21/scenario21_age74_h1p78_sex_male_w84p0_20260826_194518,/mnt/hdd16T/ToqeerHomeBackup/mujoco_project/outputs/_highrate_overnight/campaign_highrate_truth_v3_rne_corrected396/runs/P031/task_21/scenario21_age74_h1p78_sex_male_w84p0_20260826_194518/fall_scenario21_age74_20260826_194518_highrate_truth.csv,5.500000000000108,5.533333333333446,5.6333,133.29999999989184,14,0,35,True,True,False,peak_impact_magnitude_within_3s_after_fall_onset,True,ok,repository_peak_impact_magnitude_within_3s_after_fall_onset_v2,>=30 actual samples on corrected 100Hz grid and >=1 complete 30-sample window,100,30,15,300,50,recovered_interval_shorter_than_30_samples
P031,22,/mnt/hdd16T/ToqeerHomeBackup/mujoco_project/outputs/_highrate_overnight/campaign_highrate_truth_v3_rne_corrected396/runs/P031/task_22/scenario22_age74_h1p78_sex_male_w84p0_20260826_194554,/mnt/hdd16T/ToqeerHomeBackup/mujoco_project/outputs/_highrate_overnight/campaign_highrate_truth_v3_rne_corrected396/runs/P031/task_22/scenario22_age74_h1p78_sex_male_w84p0_20260826_194554/fall_scenario22_age74_20260826_194554_highrate_truth.csv,5.500000000000108,5.533333333333446,5.6333,133.29999999989184,14,0,35,True,True,False,peak_impact_magnitude_within_3s_after_fall_onset,True,ok,repository_peak_impact_magnitude_within_3s_after_fall_onset_v2,>=30 actual samples on corrected 100Hz grid and >=1 complete 30-sample window,100,30,15,300,50,recovered_interval_shorter_than_30_samples
P031,23,/mnt/hdd16T/ToqeerHomeBackup/mujoco_project/outputs/_highrate_overnight/campaign_highrate_truth_v3_rne_corrected396/runs/P031/task_23/scenario23_age74_h1p78_sex_male_w84p0_20260826_194631,/mnt/hdd16T/ToqeerHomeBackup/mujoco_project/outputs/_highrate_overnight/campaign_highrate_truth_v3_rne_corrected396/runs/P031/task_23/scenario23_age74_h1p78_sex_male_w84p0_20260826_194631/fall_scenario23_age74_20260826_194631_highrate_truth.csv,5.966666666666847,6.600000000000279,6.6033,636.6333333331529,64,3,38,True,True,True,peak_impact_magnitude_within_3s_after_fall_onset,True,ok,repository_peak_impact_magnitude_within_3s_after_fall_onset_v2,>=30 actual samples on corrected 100Hz grid and >=1 complete 30-sample window,100,30,15,300,50,
P031,24,/mnt/hdd16T/ToqeerHomeBackup/mujoco_project/outputs/_highrate_overnight/campaign_highrate_truth_v3_rne_corrected396/runs/P031/task_24/scenario24_age74_h1p78_sex_male_w84p0_20260826_194735,/mnt/hdd16T/ToqeerHomeBackup/mujoco_project/outputs/_highrate_overnight/campaign_highrate_truth_v3_rne_corrected396/runs/P031/task_24/scenario24_age74_h1p78_sex_male_w84p0_20260826_194735/fall_scenario24_age74_20260826_194735_highrate_truth.csv,5.500000000000108,5.500000000000108,5.6033,103.29999999989158,11,0,35,True,True,False,peak_impact_magnitude_within_3s_after_fall_onset,True,ok,repository_peak_impact_magnitude_within_3s_after_fall_onset_v2,>=30 actual samples on corrected 100Hz grid and >=1 complete 30-sample window,100,30,15,300,50,recovered_interval_shorter_than_30_samples
P031,28,/mnt/hdd16T/ToqeerHomeBackup/mujoco_project/outputs/_highrate_overnight/campaign_highrate_truth_v3_rne_corrected396/runs/P031/task_28/scenario28_age74_h1p78_sex_male_w84p0_20260826_194811,/mnt/hdd16T/ToqeerHomeBackup/mujoco_project/outputs/_highrate_overnight/campaign_highrate_truth_v3_rne_corrected396/runs/P031/task_28/scenario28_age74_h1p78_sex_male_w84p0_20260826_194811/fall_scenario28_age74_20260826_194811_highrate_truth.csv,7.73333333333379,8.333333333333883,8.2033,469.9666666662106,47,2,50,True,True,True,peak_impact_magnitude_within_3s_after_fall_onset,True,ok,repository_peak_impact_magnitude_within_3s_after_fall_onset_v2,>=30 actual samples on corrected 100Hz grid and >=1 complete 30-sample window,100,30,15,300,50,
P031,29,/mnt/hdd16T/ToqeerHomeBackup/mujoco_project/outputs/_highrate_overnight/campaign_highrate_truth_v3_rne_corrected396/runs/P031/task_29/scenario29_age74_h1p78_sex_male_w84p0_20260826_195046,/mnt/hdd16T/ToqeerHomeBackup/mujoco_project/outputs/_highrate_overnight/campaign_highrate_truth_v3_rne_corrected396/runs/P031/task_29/scenario29_age74_h1p78_sex_male_w84p0_20260826_195046/fall_scenario29_age74_20260826_195046_highrate_truth.csv,7.73333333333379,8.40000000000056,9.0033,1269.9666666662094,127,7,50,True,True,True,peak_impact_magnitude_within_3s_after_fall_onset,True,ok,repository_peak_impact_magnitude_within_3s_after_fall_onset_v2,>=30 actual samples on corrected 100Hz grid and >=1 complete 30-sample window,100,30,15,300,50,
P031,30,/mnt/hdd16T/ToqeerHomeBackup/mujoco_project/outputs/_highrate_overnight/campaign_highrate_truth_v3_rne_corrected396/runs/P031/task_30/scenario30_age74_h1p78_sex_male_w84p0_20260826_195321,/mnt/hdd16T/ToqeerHomeBackup/mujoco_project/outputs/_highrate_overnight/campaign_highrate_truth_v3_rne_corrected396/runs/P031/task_30/scenario30_age74_h1p78_sex_male_w84p0_20260826_195321/fall_scenario30_age74_20260826_195321_highrate_truth.csv,7.73333333333379,8.533333333333914,8.1333,399.9666666662103,40,1,50,True,True,True,peak_impact_magnitude_within_3s_after_fall_onset,True,ok,repository_peak_impact_magnitude_within_3s_after_fall_onset_v2,>=30 actual samples on corrected 100Hz grid and >=1 complete 30-sample window,100,30,15,300,50,
P031,31,/mnt/hdd16T/ToqeerHomeBackup/mujoco_project/outputs/_highrate_overnight/campaign_highrate_truth_v3_rne_corrected396/runs/P031/task_31/scenario31_age74_h1p78_sex_male_w84p0_20260826_195557,/mnt/hdd16T/ToqeerHomeBackup/mujoco_project/outputs/_highrate_overnight/campaign_highrate_truth_v3_rne_corrected396/runs/P031/task_31/scenario31_age74_h1p78_sex_male_w84p0_20260826_195557/fall_scenario31_age74_20260826_195557_highrate_truth.csv,7.73333333333379,8.40000000000056,8.1333,399.9666666662103,40,1,50,True,True,True,peak_impact_magnitude_within_3s_after_fall_onset,True,ok,repository_peak_impact_magnitude_within_3s_after_fall_onset_v2,>=30 actual samples on corrected 100Hz grid and >=1 complete 30-sample window,100,30,15,300,50,
P031,32,/mnt/hdd16T/ToqeerHomeBackup/mujoco_project/outputs/_highrate_overnight/campaign_highrate_truth_v3_rne_corrected396/runs/P031/task_32/scenario32_age74_h1p78_sex_male_w84p0_20260826_195832,/mnt/hdd16T/ToqeerHomeBackup/mujoco_project/outputs/_highrate_overnight/campaign_highrate_truth_v3_rne_corrected396/runs/P031/task_32/scenario32_age74_h1p78_sex_male_w84p0_20260826_195832/fall_scenario32_age74_20260826_195832_highrate_truth.csv,7.73333333333379,9.10000000000067,9.1733,1439.9666666662094,144,8,50,True,True,True,peak_impact_magnitude_within_3s_after_fall_onset,True,ok,repository_peak_impact_magnitude_within_3s_after_fall_onset_v2,>=30 actual samples on corrected 100Hz grid and >=1 complete 30-sample window,100,30,15,300,50,
P031,33,/mnt/hdd16T/ToqeerHomeBackup/mujoco_project/outputs/_highrate_overnight/campaign_highrate_truth_v3_rne_corrected396/runs/P031/task_33/scenario33_age74_h1p78_sex_male_w84p0_20260826_200107,/mnt/hdd16T/ToqeerHomeBackup/mujoco_project/outputs/_highrate_overnight/campaign_highrate_truth_v3_rne_corrected396/runs/P031/task_33/scenario33_age74_h1p78_sex_male_w84p0_20260826_200107/fall_scenario33_age74_20260826_200107_highrate_truth.csv,7.73333333333379,9.000000000000654,9.1333,1399.9666666662104,140,8,50,True,True,True,peak_impact_magnitude_within_3s_after_fall_onset,True,ok,repository_peak_impact_magnitude_within_3s_after_fall_onset_v2,>=30 actual samples on corrected 100Hz grid and >=1 complete 30-sample window,100,30,15,300,50,
P031,34,/mnt/hdd16T/ToqeerHomeBackup/mujoco_project/outputs/_highrate_overnight/campaign_highrate_truth_v3_rne_corrected396/runs/P031/task_34/scenario34_age74_h1p78_sex_male_w84p0_20260826_200342,/mnt/hdd16T/ToqeerHomeBackup/mujoco_project/outputs/_highrate_overnight/campaign_highrate_truth_v3_rne_corrected396/runs/P031/task_34/scenario34_age74_h1p78_sex_male_w84p0_20260826_200342/fall_scenario34_age74_20260826_200342_highrate_truth.csv,7.73333333333379,12.166666666667815,10.1033,2369.966666666211,237,14,50,True,True,True,peak_impact_magnitude_within_3s_after_fall_onset,True,ok,repository_peak_impact_magnitude_within_3s_after_fall_onset_v2,>=30 actual samples on corrected 100Hz grid and >=1 complete 30-sample window,100,30,15,300,50,
P031,37,/mnt/hdd16T/ToqeerHomeBackup/mujoco_project/outputs/_highrate_overnight/campaign_highrate_truth_v3_rne_corrected396/runs/P031/task_37/scenario37_age74_h1p78_sex_male_w84p0_20260826_200617,/mnt/hdd16T/ToqeerHomeBackup/mujoco_project/outputs/_highrate_overnight/campaign_highrate_truth_v3_rne_corrected396/runs/P031/task_37/scenario37_age74_h1p78_sex_male_w84p0_20260826_200617/fall_scenario37_age74_20260826_200617_highrate_truth.csv,9.233333333334024,9.666666666667425,10.9333,1699.9666666659757,170,10,60,True,True,True,peak_impact_magnitude_within_3s_after_fall_onset,True,ok,repository_peak_impact_magnitude_within_3s_after_fall_onset_v2,>=30 actual samples on corrected 100Hz grid and >=1 complete 30-sample window,100,30,15,300,50,
P031,38,/mnt/hdd16T/ToqeerHomeBackup/mujoco_project/outputs/_highrate_overnight/campaign_highrate_truth_v3_rne_corrected396/runs/P031/task_38/scenario38_age74_h1p78_sex_male_w84p0_20260826_200853,/mnt/hdd16T/ToqeerHomeBackup/mujoco_project/outputs/_highrate_overnight/campaign_highrate_truth_v3_rne_corrected396/runs/P031/task_38/scenario38_age74_h1p78_sex_male_w84p0_20260826_200853/fall_scenario38_age74_20260826_200853_highrate_truth.csv,19.033333333335555,19.200000000002248,20.5333,1499.966666664445,150,9,125,True,True,True,peak_impact_magnitude_within_3s_after_fall_onset,True,ok,repository_peak_impact_magnitude_within_3s_after_fall_onset_v2,>=30 actual samples on corrected 100Hz grid and >=1 complete 30-sample window,100,30,15,300,50,
P031,39,/mnt/hdd16T/ToqeerHomeBackup/mujoco_project/outputs/_highrate_overnight/campaign_highrate_truth_v3_rne_corrected396/runs/P031/task_39/scenario39_age74_h1p78_sex_male_w84p0_20260826_201127,/mnt/hdd16T/ToqeerHomeBackup/mujoco_project/outputs/_highrate_overnight/campaign_highrate_truth_v3_rne_corrected396/runs/P031/task_39/scenario39_age74_h1p78_sex_male_w84p0_20260826_201127/fall_scenario39_age74_20260826_201127_highrate_truth.csv,5.466666666666769,6.13333333333354,6.1033,636.633333333231,64,3,35,True,True,True,peak_impact_magnitude_within_3s_after_fall_onset,True,ok,repository_peak_impact_magnitude_within_3s_after_fall_onset_v2,>=30 actual samples on corrected 100Hz grid and >=1 complete 30-sample window,100,30,15,300,50,
P031,40,/mnt/hdd16T/ToqeerHomeBackup/mujoco_project/outputs/_highrate_overnight/campaign_highrate_truth_v3_rne_corrected396/runs/P031/task_40/scenario40_age74_h1p78_sex_male_w84p0_20260826_201204,/mnt/hdd16T/ToqeerHomeBackup/mujoco_project/outputs/_highrate_overnight/campaign_highrate_truth_v3_rne_corrected396/runs/P031/task_40/scenario40_age74_h1p78_sex_male_w84p0_20260826_201204/fall_scenario40_age74_20260826_201204_highrate_truth.csv,5.466666666666769,6.933333333333665,6.2033,736.6333333332307,74,3,35,True,True,True,peak_impact_magnitude_within_3s_after_fall_onset,True,ok,repository_peak_impact_magnitude_within_3s_after_fall_onset_v2,>=30 actual samples on corrected 100Hz grid and >=1 complete 30-sample window,100,30,15,300,50,
P031,41,/mnt/hdd16T/ToqeerHomeBackup/mujoco_project/outputs/_highrate_overnight/campaign_highrate_truth_v3_rne_corrected396/runs/P031/task_41/scenario41_age74_h1p78_sex_male_w84p0_20260826_201241,/mnt/hdd16T/ToqeerHomeBackup/mujoco_project/outputs/_highrate_overnight/campaign_highrate_truth_v3_rne_corrected396/runs/P031/task_41/scenario41_age74_h1p78_sex_male_w84p0_20260826_201241/fall_scenario41_age74_20260826_201241_highrate_truth.csv,5.400000000000092,6.333333333333571,6.3333,933.2999999999086,94,5,35,True,True,True,peak_impact_magnitude_within_3s_after_fall_onset,True,ok,repository_peak_impact_magnitude_within_3s_after_fall_onset_v2,>=30 actual samples on corrected 100Hz grid and >=1 complete 30-sample window,100,30,15,300,50,
P031,42,/mnt/hdd16T/ToqeerHomeBackup/mujoco_project/outputs/_highrate_overnight/campaign_highrate_truth_v3_rne_corrected396/runs/P031/task_42/scenario42_age74_h1p78_sex_male_w84p0_20260826_201318,/mnt/hdd16T/ToqeerHomeBackup/mujoco_project/outputs/_highrate_overnight/campaign_highrate_truth_v3_rne_corrected396/runs/P031/task_42/scenario42_age74_h1p78_sex_male_w84p0_20260826_201318/fall_scenario42_age74_20260826_201318_highrate_truth.csv,5.233333333333399,6.500000000000264,6.3033,1069.966666666601,107,6,33,True,True,True,peak_impact_magnitude_within_3s_after_fall_onset,True,ok,repository_peak_impact_magnitude_within_3s_after_fall_onset_v2,>=30 actual samples on corrected 100Hz grid and >=1 complete 30-sample window,100,30,15,300,50,
P032,20,/mnt/hdd16T/ToqeerHomeBackup/mujoco_project/outputs/_highrate_overnight/campaign_highrate_truth_v3_rne_corrected396/runs/P032/task_20/scenario20_age75_h1p75_sex_female_w80p0_20260826_201357,/mnt/hdd16T/ToqeerHomeBackup/mujoco_project/outputs/_highrate_overnight/campaign_highrate_truth_v3_rne_corrected396/runs/P032/task_20/scenario20_age75_h1p75_sex_female_w80p0_20260826_201357/fall_scenario20_age75_20260826_201357_highrate_truth.csv,5.90000000000017,6.633333333333618,6.7333,833.2999999998299,84,4,38,True,True,True,peak_impact_magnitude_within_3s_after_fall_onset,True,ok,repository_peak_impact_magnitude_within_3s_after_fall_onset_v2,>=30 actual samples on corrected 100Hz grid and >=1 complete 30-sample window,100,30,15,300,50,
P032,21,/mnt/hdd16T/ToqeerHomeBackup/mujoco_project/outputs/_highrate_overnight/campaign_highrate_truth_v3_rne_corrected396/runs/P032/task_21/scenario21_age75_h1p75_sex_female_w80p0_20260826_201501,/mnt/hdd16T/ToqeerHomeBackup/mujoco_project/outputs/_highrate_overnight/campaign_highrate_truth_v3_rne_corrected396/runs/P032/task_21/scenario21_age75_h1p75_sex_female_w80p0_20260826_201501/fall_scenario21_age75_20260826_201501_highrate_truth.csv,5.500000000000108,5.533333333333446,5.6033,103.29999999989158,11,0,35,True,True,False,peak_impact_magnitude_within_3s_after_fall_onset,True,ok,repository_peak_impact_magnitude_within_3s_after_fall_onset_v2,>=30 actual samples on corrected 100Hz grid and >=1 complete 30-sample window,100,30,15,300,50,recovered_interval_shorter_than_30_samples
P032,22,/mnt/hdd16T/ToqeerHomeBackup/mujoco_project/outputs/_highrate_overnight/campaign_highrate_truth_v3_rne_corrected396/runs/P032/task_22/scenario22_age75_h1p75_sex_female_w80p0_20260826_201538,/mnt/hdd16T/ToqeerHomeBackup/mujoco_project/outputs/_highrate_overnight/campaign_highrate_truth_v3_rne_corrected396/runs/P032/task_22/scenario22_age75_h1p75_sex_female_w80p0_20260826_201538/fall_scenario22_age75_20260826_201538_highrate_truth.csv,5.500000000000108,5.533333333333446,5.6033,103.29999999989158,11,0,35,True,True,False,peak_impact_magnitude_within_3s_after_fall_onset,True,ok,repository_peak_impact_magnitude_within_3s_after_fall_onset_v2,>=30 actual samples on corrected 100Hz grid and >=1 complete 30-sample window,100,30,15,300,50,recovered_interval_shorter_than_30_samples
P032,23,/mnt/hdd16T/ToqeerHomeBackup/mujoco_project/outputs/_highrate_overnight/campaign_highrate_truth_v3_rne_corrected396/runs/P032/task_23/scenario23_age75_h1p75_sex_female_w80p0_20260826_201614,/mnt/hdd16T/ToqeerHomeBackup/mujoco_project/outputs/_highrate_overnight/campaign_highrate_truth_v3_rne_corrected396/runs/P032/task_23/scenario23_age75_h1p75_sex_female_w80p0_20260826_201614/fall_scenario23_age75_20260826_201614_highrate_truth.csv,6.000000000000186,8.8666666666673,6.6333,633.2999999998145,64,3,39,True,True,True,peak_impact_magnitude_within_3s_after_fall_onset,True,ok,repository_peak_impact_magnitude_within_3s_after_fall_onset_v2,>=30 actual samples on corrected 100Hz grid and >=1 complete 30-sample window,100,30,15,300,50,
P032,24,/mnt/hdd16T/ToqeerHomeBackup/mujoco_project/outputs/_highrate_overnight/campaign_highrate_truth_v3_rne_corrected396/runs/P032/task_24/scenario24_age75_h1p75_sex_female_w80p0_20260826_201719,/mnt/hdd16T/ToqeerHomeBackup/mujoco_project/outputs/_highrate_overnight/campaign_highrate_truth_v3_rne_corrected396/runs/P032/task_24/scenario24_age75_h1p75_sex_female_w80p0_20260826_201719/fall_scenario24_age75_20260826_201719_highrate_truth.csv,5.500000000000108,17.600000000001998,5.7333,233.2999999998915,24,0,35,True,True,False,peak_impact_magnitude_within_3s_after_fall_onset,True,ok,repository_peak_impact_magnitude_within_3s_after_fall_onset_v2,>=30 actual samples on corrected 100Hz grid and >=1 complete 30-sample window,100,30,15,300,50,recovered_interval_shorter_than_30_samples
P032,28,/mnt/hdd16T/ToqeerHomeBackup/mujoco_project/outputs/_highrate_overnight/campaign_highrate_truth_v3_rne_corrected396/runs/P032/task_28/scenario28_age75_h1p75_sex_female_w80p0_20260826_201755,/mnt/hdd16T/ToqeerHomeBackup/mujoco_project/outputs/_highrate_overnight/campaign_highrate_truth_v3_rne_corrected396/runs/P032/task_28/scenario28_age75_h1p75_sex_female_w80p0_20260826_201755/fall_scenario28_age75_20260826_201755_highrate_truth.csv,7.700000000000451,8.466666666667237,8.4033,703.2999999995484,71,3,50,True,True,True,peak_impact_magnitude_within_3s_after_fall_onset,True,ok,repository_peak_impact_magnitude_within_3s_after_fall_onset_v2,>=30 actual samples on corrected 100Hz grid and >=1 complete 30-sample window,100,30,15,300,50,
P032,29,/mnt/hdd16T/ToqeerHomeBackup/mujoco_project/outputs/_highrate_overnight/campaign_highrate_truth_v3_rne_corrected396/runs/P032/task_29/scenario29_age75_h1p75_sex_female_w80p0_20260826_202030,/mnt/hdd16T/ToqeerHomeBackup/mujoco_project/outputs/_highrate_overnight/campaign_highrate_truth_v3_rne_corrected396/runs/P032/task_29/scenario29_age75_h1p75_sex_female_w80p0_20260826_202030/fall_scenario29_age75_20260826_202030_highrate_truth.csv,7.933333333333821,8.63333333333393,8.7333,799.9666666661786,80,4,51,True,True,True,peak_impact_magnitude_within_3s_after_fall_onset,True,ok,repository_peak_impact_magnitude_within_3s_after_fall_onset_v2,>=30 actual samples on corrected 100Hz grid and >=1 complete 30-sample window,100,30,15,300,50,
P032,30,/mnt/hdd16T/ToqeerHomeBackup/mujoco_project/outputs/_highrate_overnight/campaign_highrate_truth_v3_rne_corrected396/runs/P032/task_30/scenario30_age75_h1p75_sex_female_w80p0_20260826_202304,/mnt/hdd16T/ToqeerHomeBackup/mujoco_project/outputs/_highrate_overnight/campaign_highrate_truth_v3_rne_corrected396/runs/P032/task_30/scenario30_age75_h1p75_sex_female_w80p0_20260826_202304/fall_scenario30_age75_20260826_202304_highrate_truth.csv,7.833333333333805,7.96666666666716,8.0333,199.9666666661959,20,0,51,True,True,False,peak_impact_magnitude_within_3s_after_fall_onset,True,ok,repository_peak_impact_magnitude_within_3s_after_fall_onset_v2,>=30 actual samples on corrected 100Hz grid and >=1 complete 30-sample window,100,30,15,300,50,recovered_interval_shorter_than_30_samples
P032,31,/mnt/hdd16T/ToqeerHomeBackup/mujoco_project/outputs/_highrate_overnight/campaign_highrate_truth_v3_rne_corrected396/runs/P032/task_31/scenario31_age75_h1p75_sex_female_w80p0_20260826_202540,/mnt/hdd16T/ToqeerHomeBackup/mujoco_project/outputs/_highrate_overnight/campaign_highrate_truth_v3_rne_corrected396/runs/P032/task_31/scenario31_age75_h1p75_sex_female_w80p0_20260826_202540/fall_scenario31_age75_20260826_202540_highrate_truth.csv,7.833333333333805,8.933333333333977,8.0333,199.9666666661959,20,0,51,True,True,False,peak_impact_magnitude_within_3s_after_fall_onset,True,ok,repository_peak_impact_magnitude_within_3s_after_fall_onset_v2,>=30 actual samples on corrected 100Hz grid and >=1 complete 30-sample window,100,30,15,300,50,recovered_interval_shorter_than_30_samples
P032,32,/mnt/hdd16T/ToqeerHomeBackup/mujoco_project/outputs/_highrate_overnight/campaign_highrate_truth_v3_rne_corrected396/runs/P032/task_32/scenario32_age75_h1p75_sex_female_w80p0_20260826_202815,/mnt/hdd16T/ToqeerHomeBackup/mujoco_project/outputs/_highrate_overnight/campaign_highrate_truth_v3_rne_corrected396/runs/P032/task_32/scenario32_age75_h1p75_sex_female_w80p0_20260826_202815/fall_scenario32_age75_20260826_202815_highrate_truth.csv,8.466666666667237,8.8666666666673,8.8733,406.6333333327634,41,1,55,True,True,True,peak_impact_magnitude_within_3s_after_fall_onset,True,ok,repository_peak_impact_magnitude_within_3s_after_fall_onset_v2,>=30 actual samples on corrected 100Hz grid and >=1 complete 30-sample window,100,30,15,300,50,
P032,33,/mnt/hdd16T/ToqeerHomeBackup/mujoco_project/outputs/_highrate_overnight/campaign_highrate_truth_v3_rne_corrected396/runs/P032/task_33/scenario33_age75_h1p75_sex_female_w80p0_20260826_203050,/mnt/hdd16T/ToqeerHomeBackup/mujoco_project/outputs/_highrate_overnight/campaign_highrate_truth_v3_rne_corrected396/runs/P032/task_33/scenario33_age75_h1p75_sex_female_w80p0_20260826_203050/fall_scenario33_age75_20260826_203050_highrate_truth.csv,8.266666666667206,8.8666666666673,9.1033,836.6333333327951,84,4,54,True,True,True,peak_impact_magnitude_within_3s_after_fall_onset,True,ok,repository_peak_impact_magnitude_within_3s_after_fall_onset_v2,>=30 actual samples on corrected 100Hz grid and >=1 complete 30-sample window,100,30,15,300,50,
P032,34,/mnt/hdd16T/ToqeerHomeBackup/mujoco_project/outputs/_highrate_overnight/campaign_highrate_truth_v3_rne_corrected396/runs/P032/task_34/scenario34_age75_h1p75_sex_female_w80p0_20260826_203325,/mnt/hdd16T/ToqeerHomeBackup/mujoco_project/outputs/_highrate_overnight/campaign_highrate_truth_v3_rne_corrected396/runs/P032/task_34/scenario34_age75_h1p75_sex_female_w80p0_20260826_203325/fall_scenario34_age75_20260826_203325_highrate_truth.csv,8.63333333333393,9.266666666667362,10.6333,1999.9666666660703,200,12,56,True,True,True,peak_impact_magnitude_within_3s_after_fall_onset,True,ok,repository_peak_impact_magnitude_within_3s_after_fall_onset_v2,>=30 actual samples on corrected 100Hz grid and >=1 complete 30-sample window,100,30,15,300,50,
P032,37,/mnt/hdd16T/ToqeerHomeBackup/mujoco_project/outputs/_highrate_overnight/campaign_highrate_truth_v3_rne_corrected396/runs/P032/task_37/scenario37_age75_h1p75_sex_female_w80p0_20260826_203601,/mnt/hdd16T/ToqeerHomeBackup/mujoco_project/outputs/_highrate_overnight/campaign_highrate_truth_v3_rne_corrected396/runs/P032/task_37/scenario37_age75_h1p75_sex_female_w80p0_20260826_203601/fall_scenario37_age75_20260826_203601_highrate_truth.csv,7.933333333333821,9.266666666667362,9.4333,1499.9666666661778,150,9,51,True,True,True,peak_impact_magnitude_within_3s_after_fall_onset,True,ok,repository_peak_impact_magnitude_within_3s_after_fall_onset_v2,>=30 actual samples on corrected 100Hz grid and >=1 complete 30-sample window,100,30,15,300,50,
P032,38,/mnt/hdd16T/ToqeerHomeBackup/mujoco_project/outputs/_highrate_overnight/campaign_highrate_truth_v3_rne_corrected396/runs/P032/task_38/scenario38_age75_h1p75_sex_female_w80p0_20260826_203836,/mnt/hdd16T/ToqeerHomeBackup/mujoco_project/outputs/_highrate_overnight/campaign_highrate_truth_v3_rne_corrected396/runs/P032/task_38/scenario38_age75_h1p75_sex_female_w80p0_20260826_203836/fall_scenario38_age75_20260826_203836_highrate_truth.csv,10.133333333334164,10.733333333334258,12.8733,2739.9666666658363,274,17,66,True,True,True,peak_impact_magnitude_within_3s_after_fall_onset,True,ok,repository_peak_impact_magnitude_within_3s_after_fall_onset_v2,>=30 actual samples on corrected 100Hz grid and >=1 complete 30-sample window,100,30,15,300,50,
P032,39,/mnt/hdd16T/ToqeerHomeBackup/mujoco_project/outputs/_highrate_overnight/campaign_highrate_truth_v3_rne_corrected396/runs/P032/task_39/scenario39_age75_h1p75_sex_female_w80p0_20260826_204110,/mnt/hdd16T/ToqeerHomeBackup/mujoco_project/outputs/_highrate_overnight/campaign_highrate_truth_v3_rne_corrected396/runs/P032/task_39/scenario39_age75_h1p75_sex_female_w80p0_20260826_204110/fall_scenario39_age75_20260826_204110_highrate_truth.csv,5.533333333333446,6.166666666666878,6.1333,599.9666666665541,60,3,35,True,True,True,peak_impact_magnitude_within_3s_after_fall_onset,True,ok,repository_peak_impact_magnitude_within_3s_after_fall_onset_v2,>=30 actual samples on corrected 100Hz grid and >=1 complete 30-sample window,100,30,15,300,50,
P032,40,/mnt/hdd16T/ToqeerHomeBackup/mujoco_project/outputs/_highrate_overnight/campaign_highrate_truth_v3_rne_corrected396/runs/P032/task_40/scenario40_age75_h1p75_sex_female_w80p0_20260826_204147,/mnt/hdd16T/ToqeerHomeBackup/mujoco_project/outputs/_highrate_overnight/campaign_highrate_truth_v3_rne_corrected396/runs/P032/task_40/scenario40_age75_h1p75_sex_female_w80p0_20260826_204147/fall_scenario40_age75_20260826_204147_highrate_truth.csv,5.733333333333477,6.333333333333571,6.2333,499.96666666652254,50,2,37,True,True,True,peak_impact_magnitude_within_3s_after_fall_onset,True,ok,repository_peak_impact_magnitude_within_3s_after_fall_onset_v2,>=30 actual samples on corrected 100Hz grid and >=1 complete 30-sample window,100,30,15,300,50,
P032,41,/mnt/hdd16T/ToqeerHomeBackup/mujoco_project/outputs/_highrate_overnight/campaign_highrate_truth_v3_rne_corrected396/runs/P032/task_41/scenario41_age75_h1p75_sex_female_w80p0_20260826_204224,/mnt/hdd16T/ToqeerHomeBackup/mujoco_project/outputs/_highrate_overnight/campaign_highrate_truth_v3_rne_corrected396/runs/P032/task_41/scenario41_age75_h1p75_sex_female_w80p0_20260826_204224/fall_scenario41_age75_20260826_204224_highrate_truth.csv,5.400000000000092,6.533333333333602,6.3933,993.299999999908,100,5,35,True,True,True,peak_impact_magnitude_within_3s_after_fall_onset,True,ok,repository_peak_impact_magnitude_within_3s_after_fall_onset_v2,>=30 actual samples on corrected 100Hz grid and >=1 complete 30-sample window,100,30,15,300,50,
P032,42,/mnt/hdd16T/ToqeerHomeBackup/mujoco_project/outputs/_highrate_overnight/campaign_highrate_truth_v3_rne_corrected396/runs/P032/task_42/scenario42_age75_h1p75_sex_female_w80p0_20260826_204301,/mnt/hdd16T/ToqeerHomeBackup/mujoco_project/outputs/_highrate_overnight/campaign_highrate_truth_v3_rne_corrected396/runs/P032/task_42/scenario42_age75_h1p75_sex_female_w80p0_20260826_204301/fall_scenario42_age75_20260826_204301_highrate_truth.csv,5.300000000000076,6.166666666666878,6.1333,833.299999999924,84,4,34,True,True,True,peak_impact_magnitude_within_3s_after_fall_onset,True,ok,repository_peak_impact_magnitude_within_3s_after_fall_onset_v2,>=30 actual samples on corrected 100Hz grid and >=1 complete 30-sample window,100,30,15,300,50,
P033,20,/mnt/hdd16T/ToqeerHomeBackup/mujoco_project/outputs/_highrate_overnight/campaign_highrate_truth_v3_rne_corrected396/runs/P033/task_20/scenario20_age76_h1p54_sex_female_w67p0_20260826_204338,/mnt/hdd16T/ToqeerHomeBackup/mujoco_project/outputs/_highrate_overnight/campaign_highrate_truth_v3_rne_corrected396/runs/P033/task_20/scenario20_age76_h1p54_sex_female_w67p0_20260826_204338/fall_scenario20_age76_20260826_204338_highrate_truth.csv,6.233333333333555,6.533333333333602,6.5633,329.9666666664445,33,1,40,True,True,True,peak_impact_magnitude_within_3s_after_fall_onset,True,ok,repository_peak_impact_magnitude_within_3s_after_fall_onset_v2,>=30 actual samples on corrected 100Hz grid and >=1 complete 30-sample window,100,30,15,300,50,
P033,21,/mnt/hdd16T/ToqeerHomeBackup/mujoco_project/outputs/_highrate_overnight/campaign_highrate_truth_v3_rne_corrected396/runs/P033/task_21/scenario21_age76_h1p54_sex_female_w67p0_20260826_204443,/mnt/hdd16T/ToqeerHomeBackup/mujoco_project/outputs/_highrate_overnight/campaign_highrate_truth_v3_rne_corrected396/runs/P033/task_21/scenario21_age76_h1p54_sex_female_w67p0_20260826_204443/fall_scenario21_age76_20260826_204443_highrate_truth.csv,5.466666666666769,5.833333333333493,5.9033,436.6333333332309,44,1,35,True,True,True,peak_impact_magnitude_within_3s_after_fall_onset,True,ok,repository_peak_impact_magnitude_within_3s_after_fall_onset_v2,>=30 actual samples on corrected 100Hz grid and >=1 complete 30-sample window,100,30,15,300,50,
P033,22,/mnt/hdd16T/ToqeerHomeBackup/mujoco_project/outputs/_highrate_overnight/campaign_highrate_truth_v3_rne_corrected396/runs/P033/task_22/scenario22_age76_h1p54_sex_female_w67p0_20260826_204519,/mnt/hdd16T/ToqeerHomeBackup/mujoco_project/outputs/_highrate_overnight/campaign_highrate_truth_v3_rne_corrected396/runs/P033/task_22/scenario22_age76_h1p54_sex_female_w67p0_20260826_204519/fall_scenario22_age76_20260826_204519_highrate_truth.csv,5.43333333333343,5.833333333333493,5.8733,439.96666666657,44,1,35,True,True,True,peak_impact_magnitude_within_3s_after_fall_onset,True,ok,repository_peak_impact_magnitude_within_3s_after_fall_onset_v2,>=30 actual samples on corrected 100Hz grid and >=1 complete 30-sample window,100,30,15,300,50,
P033,23,/mnt/hdd16T/ToqeerHomeBackup/mujoco_project/outputs/_highrate_overnight/campaign_highrate_truth_v3_rne_corrected396/runs/P033/task_23/scenario23_age76_h1p54_sex_female_w67p0_20260826_204555,/mnt/hdd16T/ToqeerHomeBackup/mujoco_project/outputs/_highrate_overnight/campaign_highrate_truth_v3_rne_corrected396/runs/P033/task_23/scenario23_age76_h1p54_sex_female_w67p0_20260826_204555/fall_scenario23_age76_20260826_204555_highrate_truth.csv,6.266666666666894,6.500000000000264,6.3033,36.633333333106144,4,0,40,True,True,False,peak_impact_magnitude_within_3s_after_fall_onset,True,ok,repository_peak_impact_magnitude_within_3s_after_fall_onset_v2,>=30 actual samples on corrected 100Hz grid and >=1 complete 30-sample window,100,30,15,300,50,recovered_interval_shorter_than_30_samples
P033,24,/mnt/hdd16T/ToqeerHomeBackup/mujoco_project/outputs/_highrate_overnight/campaign_highrate_truth_v3_rne_corrected396/runs/P033/task_24/scenario24_age76_h1p54_sex_female_w67p0_20260826_204700,/mnt/hdd16T/ToqeerHomeBackup/mujoco_project/outputs/_highrate_overnight/campaign_highrate_truth_v3_rne_corrected396/runs/P033/task_24/scenario24_age76_h1p54_sex_female_w67p0_20260826_204700/fall_scenario24_age76_20260826_204700_highrate_truth.csv,5.366666666666753,5.733333333333477,5.9633,596.6333333332469,60,3,34,True,True,True,peak_impact_magnitude_within_3s_after_fall_onset,True,ok,repository_peak_impact_magnitude_within_3s_after_fall_onset_v2,>=30 actual samples on corrected 100Hz grid and >=1 complete 30-sample window,100,30,15,300,50,
P033,28,/mnt/hdd16T/ToqeerHomeBackup/mujoco_project/outputs/_highrate_overnight/campaign_highrate_truth_v3_rne_corrected396/runs/P033/task_28/scenario28_age76_h1p54_sex_female_w67p0_20260826_204736,/mnt/hdd16T/ToqeerHomeBackup/mujoco_project/outputs/_highrate_overnight/campaign_highrate_truth_v3_rne_corrected396/runs/P033/task_28/scenario28_age76_h1p54_sex_female_w67p0_20260826_204736/fall_scenario28_age76_20260826_204736_highrate_truth.csv,18.16666666666876,18.96666666666888,18.6333,466.6333333312416,47,2,120,True,True,True,peak_impact_magnitude_within_3s_after_fall_onset,True,ok,repository_peak_impact_magnitude_within_3s_after_fall_onset_v2,>=30 actual samples on corrected 100Hz grid and >=1 complete 30-sample window,100,30,15,300,50,
P033,29,/mnt/hdd16T/ToqeerHomeBackup/mujoco_project/outputs/_highrate_overnight/campaign_highrate_truth_v3_rne_corrected396/runs/P033/task_29/scenario29_age76_h1p54_sex_female_w67p0_20260826_205011,/mnt/hdd16T/ToqeerHomeBackup/mujoco_project/outputs/_highrate_overnight/campaign_highrate_truth_v3_rne_corrected396/runs/P033/task_29/scenario29_age76_h1p54_sex_female_w67p0_20260826_205011/fall_scenario29_age76_20260826_205011_highrate_truth.csv,18.633333333335493,19.63333333333565,19.3333,699.9666666645084,70,3,123,True,True,True,peak_impact_magnitude_within_3s_after_fall_onset,True,ok,repository_peak_impact_magnitude_within_3s_after_fall_onset_v2,>=30 actual samples on corrected 100Hz grid and >=1 complete 30-sample window,100,30,15,300,50,
P033,30,/mnt/hdd16T/ToqeerHomeBackup/mujoco_project/outputs/_highrate_overnight/campaign_highrate_truth_v3_rne_corrected396/runs/P033/task_30/scenario30_age76_h1p54_sex_female_w67p0_20260826_205245,/mnt/hdd16T/ToqeerHomeBackup/mujoco_project/outputs/_highrate_overnight/campaign_highrate_truth_v3_rne_corrected396/runs/P033/task_30/scenario30_age76_h1p54_sex_female_w67p0_20260826_205245/fall_scenario30_age76_20260826_205245_highrate_truth.csv,18.23333333333543,18.600000000002154,18.3333,99.96666666457088,10,0,120,True,True,False,peak_impact_magnitude_within_3s_after_fall_onset,True,ok,repository_peak_impact_magnitude_within_3s_after_fall_onset_v2,>=30 actual samples on corrected 100Hz grid and >=1 complete 30-sample window,100,30,15,300,50,recovered_interval_shorter_than_30_samples
P033,31,/mnt/hdd16T/ToqeerHomeBackup/mujoco_project/outputs/_highrate_overnight/campaign_highrate_truth_v3_rne_corrected396/runs/P033/task_31/scenario31_age76_h1p54_sex_female_w67p0_20260826_205520,/mnt/hdd16T/ToqeerHomeBackup/mujoco_project/outputs/_highrate_overnight/campaign_highrate_truth_v3_rne_corrected396/runs/P033/task_31/scenario31_age76_h1p54_sex_female_w67p0_20260826_205520/fall_scenario31_age76_20260826_205520_highrate_truth.csv,18.23333333333543,19.733333333335665,18.3333,99.96666666457088,10,0,120,True,True,False,peak_impact_magnitude_within_3s_after_fall_onset,True,ok,repository_peak_impact_magnitude_within_3s_after_fall_onset_v2,>=30 actual samples on corrected 100Hz grid and >=1 complete 30-sample window,100,30,15,300,50,recovered_interval_shorter_than_30_samples
P033,32,/mnt/hdd16T/ToqeerHomeBackup/mujoco_project/outputs/_highrate_overnight/campaign_highrate_truth_v3_rne_corrected396/runs/P033/task_32/scenario32_age76_h1p54_sex_female_w67p0_20260826_205756,/mnt/hdd16T/ToqeerHomeBackup/mujoco_project/outputs/_highrate_overnight/campaign_highrate_truth_v3_rne_corrected396/runs/P033/task_32/scenario32_age76_h1p54_sex_female_w67p0_20260826_205756/fall_scenario32_age76_20260826_205756_highrate_truth.csv,18.9000000000022,19.53333333333564,19.4333,533.2999999977978,54,2,125,True,True,True,peak_impact_magnitude_within_3s_after_fall_onset,True,ok,repository_peak_impact_magnitude_within_3s_after_fall_onset_v2,>=30 actual samples on corrected 100Hz grid and >=1 complete 30-sample window,100,30,15,300,50,
P033,33,/mnt/hdd16T/ToqeerHomeBackup/mujoco_project/outputs/_highrate_overnight/campaign_highrate_truth_v3_rne_corrected396/runs/P033/task_33/scenario33_age76_h1p54_sex_female_w67p0_20260826_210031,/mnt/hdd16T/ToqeerHomeBackup/mujoco_project/outputs/_highrate_overnight/campaign_highrate_truth_v3_rne_corrected396/runs/P033/task_33/scenario33_age76_h1p54_sex_female_w67p0_20260826_210031/fall_scenario33_age76_20260826_210031_highrate_truth.csv,19.13333333333557,19.40000000000228,19.5033,369.9666666644283,37,1,126,True,True,True,peak_impact_magnitude_within_3s_after_fall_onset,True,ok,repository_peak_impact_magnitude_within_3s_after_fall_onset_v2,>=30 actual samples on corrected 100Hz grid and >=1 complete 30-sample window,100,30,15,300,50,
P033,34,/mnt/hdd16T/ToqeerHomeBackup/mujoco_project/outputs/_highrate_overnight/campaign_highrate_truth_v3_rne_corrected396/runs/P033/task_34/scenario34_age76_h1p54_sex_female_w67p0_20260826_210306,/mnt/hdd16T/ToqeerHomeBackup/mujoco_project/outputs/_highrate_overnight/campaign_highrate_truth_v3_rne_corrected396/runs/P033/task_34/scenario34_age76_h1p54_sex_female_w67p0_20260826_210306/fall_scenario34_age76_20260826_210306_highrate_truth.csv,19.10000000000224,19.90000000000236,20.8633,1763.2999999977628,177,10,126,True,True,True,peak_impact_magnitude_within_3s_after_fall_onset,True,ok,repository_peak_impact_magnitude_within_3s_after_fall_onset_v2,>=30 actual samples on corrected 100Hz grid and >=1 complete 30-sample window,100,30,15,300,50,
P033,37,/mnt/hdd16T/ToqeerHomeBackup/mujoco_project/outputs/_highrate_overnight/campaign_highrate_truth_v3_rne_corrected396/runs/P033/task_37/scenario37_age76_h1p54_sex_female_w67p0_20260826_210541,/mnt/hdd16T/ToqeerHomeBackup/mujoco_project/outputs/_highrate_overnight/campaign_highrate_truth_v3_rne_corrected396/runs/P033/task_37/scenario37_age76_h1p54_sex_female_w67p0_20260826_210541/fall_scenario37_age76_20260826_210541_highrate_truth.csv,19.06666666666889,19.700000000002326,20.7633,1696.6333333311106,170,10,126,True,True,True,peak_impact_magnitude_within_3s_after_fall_onset,True,ok,repository_peak_impact_magnitude_within_3s_after_fall_onset_v2,>=30 actual samples on corrected 100Hz grid and >=1 complete 30-sample window,100,30,15,300,50,
P033,38,/mnt/hdd16T/ToqeerHomeBackup/mujoco_project/outputs/_highrate_overnight/campaign_highrate_truth_v3_rne_corrected396/runs/P033/task_38/scenario38_age76_h1p54_sex_female_w67p0_20260826_210816,/mnt/hdd16T/ToqeerHomeBackup/mujoco_project/outputs/_highrate_overnight/campaign_highrate_truth_v3_rne_corrected396/runs/P033/task_38/scenario38_age76_h1p54_sex_female_w67p0_20260826_210816/fall_scenario38_age76_20260826_210816_highrate_truth.csv,7.866666666667144,8.133333333333852,8.1933,326.6333333328566,33,1,51,True,True,True,peak_impact_magnitude_within_3s_after_fall_onset,True,ok,repository_peak_impact_magnitude_within_3s_after_fall_onset_v2,>=30 actual samples on corrected 100Hz grid and >=1 complete 30-sample window,100,30,15,300,50,
P033,39,/mnt/hdd16T/ToqeerHomeBackup/mujoco_project/outputs/_highrate_overnight/campaign_highrate_truth_v3_rne_corrected396/runs/P033/task_39/scenario39_age76_h1p54_sex_female_w67p0_20260826_211052,/mnt/hdd16T/ToqeerHomeBackup/mujoco_project/outputs/_highrate_overnight/campaign_highrate_truth_v3_rne_corrected396/runs/P033/task_39/scenario39_age76_h1p54_sex_female_w67p0_20260826_211052/fall_scenario39_age76_20260826_211052_highrate_truth.csv,5.733333333333477,6.13333333333354,6.1933,459.96666666652254,46,2,37,True,True,True,peak_impact_magnitude_within_3s_after_fall_onset,True,ok,repository_peak_impact_magnitude_within_3s_after_fall_onset_v2,>=30 actual samples on corrected 100Hz grid and >=1 complete 30-sample window,100,30,15,300,50,
P033,40,/mnt/hdd16T/ToqeerHomeBackup/mujoco_project/outputs/_highrate_overnight/campaign_highrate_truth_v3_rne_corrected396/runs/P033/task_40/scenario40_age76_h1p54_sex_female_w67p0_20260826_211129,/mnt/hdd16T/ToqeerHomeBackup/mujoco_project/outputs/_highrate_overnight/campaign_highrate_truth_v3_rne_corrected396/runs/P033/task_40/scenario40_age76_h1p54_sex_female_w67p0_20260826_211129/fall_scenario40_age76_20260826_211129_highrate_truth.csv,5.833333333333493,6.100000000000201,6.0733,239.9666666665068,24,0,37,True,True,False,peak_impact_magnitude_within_3s_after_fall_onset,True,ok,repository_peak_impact_magnitude_within_3s_after_fall_onset_v2,>=30 actual samples on corrected 100Hz grid and >=1 complete 30-sample window,100,30,15,300,50,recovered_interval_shorter_than_30_samples
P033,41,/mnt/hdd16T/ToqeerHomeBackup/mujoco_project/outputs/_highrate_overnight/campaign_highrate_truth_v3_rne_corrected396/runs/P033/task_41/scenario41_age76_h1p54_sex_female_w67p0_20260826_211206,/mnt/hdd16T/ToqeerHomeBackup/mujoco_project/outputs/_highrate_overnight/campaign_highrate_truth_v3_rne_corrected396/runs/P033/task_41/scenario41_age76_h1p54_sex_female_w67p0_20260826_211206/fall_scenario41_age76_20260826_211206_highrate_truth.csv,5.533333333333446,6.933333333333665,6.3633,829.9666666665537,83,4,35,True,True,True,peak_impact_magnitude_within_3s_after_fall_onset,True,ok,repository_peak_impact_magnitude_within_3s_after_fall_onset_v2,>=30 actual samples on corrected 100Hz grid and >=1 complete 30-sample window,100,30,15,300,50,
P033,42,/mnt/hdd16T/ToqeerHomeBackup/mujoco_project/outputs/_highrate_overnight/campaign_highrate_truth_v3_rne_corrected396/runs/P033/task_42/scenario42_age76_h1p54_sex_female_w67p0_20260826_211243,/mnt/hdd16T/ToqeerHomeBackup/mujoco_project/outputs/_highrate_overnight/campaign_highrate_truth_v3_rne_corrected396/runs/P033/task_42/scenario42_age76_h1p54_sex_female_w67p0_20260826_211243/fall_scenario42_age76_20260826_211243_highrate_truth.csv,5.566666666666785,6.166666666666878,6.4633,896.6333333332157,90,5,36,True,True,True,peak_impact_magnitude_within_3s_after_fall_onset,True,ok,repository_peak_impact_magnitude_within_3s_after_fall_onset_v2,>=30 actual samples on corrected 100Hz grid and >=1 complete 30-sample window,100,30,15,300,50,
P034,20,/mnt/hdd16T/ToqeerHomeBackup/mujoco_project/outputs/_highrate_overnight/campaign_highrate_truth_v3_rne_corrected396/runs/P034/task_20/scenario20_age77_h1p68_sex_male_w74p0_20260826_211321,/mnt/hdd16T/ToqeerHomeBackup/mujoco_project/outputs/_highrate_overnight/campaign_highrate_truth_v3_rne_corrected396/runs/P034/task_20/scenario20_age77_h1p68_sex_male_w74p0_20260826_211321/fall_scenario20_age77_20260826_211321_highrate_truth.csv,6.166666666666878,6.566666666666941,6.7333,566.6333333331215,57,2,40,True,True,True,peak_impact_magnitude_within_3s_after_fall_onset,True,ok,repository_peak_impact_magnitude_within_3s_after_fall_onset_v2,>=30 actual samples on corrected 100Hz grid and >=1 complete 30-sample window,100,30,15,300,50,
P034,21,/mnt/hdd16T/ToqeerHomeBackup/mujoco_project/outputs/_highrate_overnight/campaign_highrate_truth_v3_rne_corrected396/runs/P034/task_21/scenario21_age77_h1p68_sex_male_w74p0_20260826_211425,/mnt/hdd16T/ToqeerHomeBackup/mujoco_project/outputs/_highrate_overnight/campaign_highrate_truth_v3_rne_corrected396/runs/P034/task_21/scenario21_age77_h1p68_sex_male_w74p0_20260826_211425/fall_scenario21_age77_20260826_211425_highrate_truth.csv,5.466666666666769,5.800000000000154,6.0033,536.6333333332313,54,2,35,True,True,True,peak_impact_magnitude_within_3s_after_fall_onset,True,ok,repository_peak_impact_magnitude_within_3s_after_fall_onset_v2,>=30 actual samples on corrected 100Hz grid and >=1 complete 30-sample window,100,30,15,300,50,
P034,22,/mnt/hdd16T/ToqeerHomeBackup/mujoco_project/outputs/_highrate_overnight/campaign_highrate_truth_v3_rne_corrected396/runs/P034/task_22/scenario22_age77_h1p68_sex_male_w74p0_20260826_211502,/mnt/hdd16T/ToqeerHomeBackup/mujoco_project/outputs/_highrate_overnight/campaign_highrate_truth_v3_rne_corrected396/runs/P034/task_22/scenario22_age77_h1p68_sex_male_w74p0_20260826_211502/fall_scenario22_age77_20260826_211502_highrate_truth.csv,5.466666666666769,5.800000000000154,5.9933,526.6333333332307,53,2,35,True,True,True,peak_impact_magnitude_within_3s_after_fall_onset,True,ok,repository_peak_impact_magnitude_within_3s_after_fall_onset_v2,>=30 actual samples on corrected 100Hz grid and >=1 complete 30-sample window,100,30,15,300,50,
P034,23,/mnt/hdd16T/ToqeerHomeBackup/mujoco_project/outputs/_highrate_overnight/campaign_highrate_truth_v3_rne_corrected396/runs/P034/task_23/scenario23_age77_h1p68_sex_male_w74p0_20260826_211538,/mnt/hdd16T/ToqeerHomeBackup/mujoco_project/outputs/_highrate_overnight/campaign_highrate_truth_v3_rne_corrected396/runs/P034/task_23/scenario23_age77_h1p68_sex_male_w74p0_20260826_211538/fall_scenario23_age77_20260826_211538_highrate_truth.csv,6.066666666666863,7.300000000000389,6.5933,526.6333333331374,53,2,39,True,True,True,peak_impact_magnitude_within_3s_after_fall_onset,True,ok,repository_peak_impact_magnitude_within_3s_after_fall_onset_v2,>=30 actual samples on corrected 100Hz grid and >=1 complete 30-sample window,100,30,15,300,50,
P034,24,/mnt/hdd16T/ToqeerHomeBackup/mujoco_project/outputs/_highrate_overnight/campaign_highrate_truth_v3_rne_corrected396/runs/P034/task_24/scenario24_age77_h1p68_sex_male_w74p0_20260826_211643,/mnt/hdd16T/ToqeerHomeBackup/mujoco_project/outputs/_highrate_overnight/campaign_highrate_truth_v3_rne_corrected396/runs/P034/task_24/scenario24_age77_h1p68_sex_male_w74p0_20260826_211643/fall_scenario24_age77_20260826_211643_highrate_truth.csv,5.500000000000108,7.166666666667035,5.9033,403.2999999998914,41,1,35,True,True,True,peak_impact_magnitude_within_3s_after_fall_onset,True,ok,repository_peak_impact_magnitude_within_3s_after_fall_onset_v2,>=30 actual samples on corrected 100Hz grid and >=1 complete 30-sample window,100,30,15,300,50,
P034,28,/mnt/hdd16T/ToqeerHomeBackup/mujoco_project/outputs/_highrate_overnight/campaign_highrate_truth_v3_rne_corrected396/runs/P034/task_28/scenario28_age77_h1p68_sex_male_w74p0_20260826_211719,/mnt/hdd16T/ToqeerHomeBackup/mujoco_project/outputs/_highrate_overnight/campaign_highrate_truth_v3_rne_corrected396/runs/P034/task_28/scenario28_age77_h1p68_sex_male_w74p0_20260826_211719/fall_scenario28_age77_20260826_211719_highrate_truth.csv,7.700000000000451,8.40000000000056,8.1033,403.2999999995495,41,1,50,True,True,True,peak_impact_magnitude_within_3s_after_fall_onset,True,ok,repository_peak_impact_magnitude_within_3s_after_fall_onset_v2,>=30 actual samples on corrected 100Hz grid and >=1 complete 30-sample window,100,30,15,300,50,
P034,29,/mnt/hdd16T/ToqeerHomeBackup/mujoco_project/outputs/_highrate_overnight/campaign_highrate_truth_v3_rne_corrected396/runs/P034/task_29/scenario29_age77_h1p68_sex_male_w74p0_20260826_211956,/mnt/hdd16T/ToqeerHomeBackup/mujoco_project/outputs/_highrate_overnight/campaign_highrate_truth_v3_rne_corrected396/runs/P034/task_29/scenario29_age77_h1p68_sex_male_w74p0_20260826_211956/fall_scenario29_age77_20260826_211956_highrate_truth.csv,8.033333333333836,8.733333333333945,8.8033,769.9666666661642,77,4,52,True,True,True,peak_impact_magnitude_within_3s_after_fall_onset,True,ok,repository_peak_impact_magnitude_within_3s_after_fall_onset_v2,>=30 actual samples on corrected 100Hz grid and >=1 complete 30-sample window,100,30,15,300,50,
P034,30,/mnt/hdd16T/ToqeerHomeBackup/mujoco_project/outputs/_highrate_overnight/campaign_highrate_truth_v3_rne_corrected396/runs/P034/task_30/scenario30_age77_h1p68_sex_male_w74p0_20260826_212234,/mnt/hdd16T/ToqeerHomeBackup/mujoco_project/outputs/_highrate_overnight/campaign_highrate_truth_v3_rne_corrected396/runs/P034/task_30/scenario30_age77_h1p68_sex_male_w74p0_20260826_212234/fall_scenario30_age77_20260826_212234_highrate_truth.csv,7.800000000000467,7.933333333333821,7.8333,33.29999999953337,4,0,51,True,True,False,peak_impact_magnitude_within_3s_after_fall_onset,True,ok,repository_peak_impact_magnitude_within_3s_after_fall_onset_v2,>=30 actual samples on corrected 100Hz grid and >=1 complete 30-sample window,100,30,15,300,50,recovered_interval_shorter_than_30_samples
P034,31,/mnt/hdd16T/ToqeerHomeBackup/mujoco_project/outputs/_highrate_overnight/campaign_highrate_truth_v3_rne_corrected396/runs/P034/task_31/scenario31_age77_h1p68_sex_male_w74p0_20260826_212509,/mnt/hdd16T/ToqeerHomeBackup/mujoco_project/outputs/_highrate_overnight/campaign_highrate_truth_v3_rne_corrected396/runs/P034/task_31/scenario31_age77_h1p68_sex_male_w74p0_20260826_212509/fall_scenario31_age77_20260826_212509_highrate_truth.csv,7.766666666667128,10.066666666667489,7.9333,166.63333333287244,17,0,50,True,True,False,peak_impact_magnitude_within_3s_after_fall_onset,True,ok,repository_peak_impact_magnitude_within_3s_after_fall_onset_v2,>=30 actual samples on corrected 100Hz grid and >=1 complete 30-sample window,100,30,15,300,50,recovered_interval_shorter_than_30_samples
P034,32,/mnt/hdd16T/ToqeerHomeBackup/mujoco_project/outputs/_highrate_overnight/campaign_highrate_truth_v3_rne_corrected396/runs/P034/task_32/scenario32_age77_h1p68_sex_male_w74p0_20260826_212745,/mnt/hdd16T/ToqeerHomeBackup/mujoco_project/outputs/_highrate_overnight/campaign_highrate_truth_v3_rne_corrected396/runs/P034/task_32/scenario32_age77_h1p68_sex_male_w74p0_20260826_212745/fall_scenario32_age77_20260826_212745_highrate_truth.csv,8.500000000000576,8.833333333333961,8.8633,363.2999999994251,37,1,55,True,True,True,peak_impact_magnitude_within_3s_after_fall_onset,True,ok,repository_peak_impact_magnitude_within_3s_after_fall_onset_v2,>=30 actual samples on corrected 100Hz grid and >=1 complete 30-sample window,100,30,15,300,50,
P034,33,/mnt/hdd16T/ToqeerHomeBackup/mujoco_project/outputs/_highrate_overnight/campaign_highrate_truth_v3_rne_corrected396/runs/P034/task_33/scenario33_age77_h1p68_sex_male_w74p0_20260826_213021,/mnt/hdd16T/ToqeerHomeBackup/mujoco_project/outputs/_highrate_overnight/campaign_highrate_truth_v3_rne_corrected396/runs/P034/task_33/scenario33_age77_h1p68_sex_male_w74p0_20260826_213021/fall_scenario33_age77_20260826_213021_highrate_truth.csv,8.666666666667268,8.966666666667315,9.0633,396.6333333327317,40,1,56,True,True,True,peak_impact_magnitude_within_3s_after_fall_onset,True,ok,repository_peak_impact_magnitude_within_3s_after_fall_onset_v2,>=30 actual samples on corrected 100Hz grid and >=1 complete 30-sample window,100,30,15,300,50,
P034,34,/mnt/hdd16T/ToqeerHomeBackup/mujoco_project/outputs/_highrate_overnight/campaign_highrate_truth_v3_rne_corrected396/runs/P034/task_34/scenario34_age77_h1p68_sex_male_w74p0_20260826_213257,/mnt/hdd16T/ToqeerHomeBackup/mujoco_project/outputs/_highrate_overnight/campaign_highrate_truth_v3_rne_corrected396/runs/P034/task_34/scenario34_age77_h1p68_sex_male_w74p0_20260826_213257/fall_scenario34_age77_20260826_213257_highrate_truth.csv,8.533333333333914,8.766666666667284,10.8333,2299.966666666085,230,14,55,True,True,True,peak_impact_magnitude_within_3s_after_fall_onset,True,ok,repository_peak_impact_magnitude_within_3s_after_fall_onset_v2,>=30 actual samples on corrected 100Hz grid and >=1 complete 30-sample window,100,30,15,300,50,
P034,37,/mnt/hdd16T/ToqeerHomeBackup/mujoco_project/outputs/_highrate_overnight/campaign_highrate_truth_v3_rne_corrected396/runs/P034/task_37/scenario37_age77_h1p68_sex_male_w74p0_20260826_213533,/mnt/hdd16T/ToqeerHomeBackup/mujoco_project/outputs/_highrate_overnight/campaign_highrate_truth_v3_rne_corrected396/runs/P034/task_37/scenario37_age77_h1p68_sex_male_w74p0_20260826_213533/fall_scenario37_age77_20260826_213533_highrate_truth.csv,19.16666666666891,19.60000000000231,19.6033,436.6333333310912,44,1,126,True,True,True,peak_impact_magnitude_within_3s_after_fall_onset,True,ok,repository_peak_impact_magnitude_within_3s_after_fall_onset_v2,>=30 actual samples on corrected 100Hz grid and >=1 complete 30-sample window,100,30,15,300,50,
P034,38,/mnt/hdd16T/ToqeerHomeBackup/mujoco_project/outputs/_highrate_overnight/campaign_highrate_truth_v3_rne_corrected396/runs/P034/task_38/scenario38_age77_h1p68_sex_male_w74p0_20260826_213808,/mnt/hdd16T/ToqeerHomeBackup/mujoco_project/outputs/_highrate_overnight/campaign_highrate_truth_v3_rne_corrected396/runs/P034/task_38/scenario38_age77_h1p68_sex_male_w74p0_20260826_213808/fall_scenario38_age77_20260826_213808_highrate_truth.csv,19.266666666668925,19.60000000000231,21.5033,2236.633333331074,224,13,127,True,True,True,peak_impact_magnitude_within_3s_after_fall_onset,True,ok,repository_peak_impact_magnitude_within_3s_after_fall_onset_v2,>=30 actual samples on corrected 100Hz grid and >=1 complete 30-sample window,100,30,15,300,50,
P034,39,/mnt/hdd16T/ToqeerHomeBackup/mujoco_project/outputs/_highrate_overnight/campaign_highrate_truth_v3_rne_corrected396/runs/P034/task_39/scenario39_age77_h1p68_sex_male_w74p0_20260826_214044,/mnt/hdd16T/ToqeerHomeBackup/mujoco_project/outputs/_highrate_overnight/campaign_highrate_truth_v3_rne_corrected396/runs/P034/task_39/scenario39_age77_h1p68_sex_male_w74p0_20260826_214044/fall_scenario39_age77_20260826_214044_highrate_truth.csv,5.43333333333343,6.13333333333354,6.1333,699.9666666665698,70,3,35,True,True,True,peak_impact_magnitude_within_3s_after_fall_onset,True,ok,repository_peak_impact_magnitude_within_3s_after_fall_onset_v2,>=30 actual samples on corrected 100Hz grid and >=1 complete 30-sample window,100,30,15,300,50,
P034,40,/mnt/hdd16T/ToqeerHomeBackup/mujoco_project/outputs/_highrate_overnight/campaign_highrate_truth_v3_rne_corrected396/runs/P034/task_40/scenario40_age77_h1p68_sex_male_w74p0_20260826_214120,/mnt/hdd16T/ToqeerHomeBackup/mujoco_project/outputs/_highrate_overnight/campaign_highrate_truth_v3_rne_corrected396/runs/P034/task_40/scenario40_age77_h1p68_sex_male_w74p0_20260826_214120/fall_scenario40_age77_20260826_214120_highrate_truth.csv,5.733333333333477,5.966666666666847,6.1633,429.9666666665223,43,1,37,True,True,True,peak_impact_magnitude_within_3s_after_fall_onset,True,ok,repository_peak_impact_magnitude_within_3s_after_fall_onset_v2,>=30 actual samples on corrected 100Hz grid and >=1 complete 30-sample window,100,30,15,300,50,
P034,41,/mnt/hdd16T/ToqeerHomeBackup/mujoco_project/outputs/_highrate_overnight/campaign_highrate_truth_v3_rne_corrected396/runs/P034/task_41/scenario41_age77_h1p68_sex_male_w74p0_20260826_214157,/mnt/hdd16T/ToqeerHomeBackup/mujoco_project/outputs/_highrate_overnight/campaign_highrate_truth_v3_rne_corrected396/runs/P034/task_41/scenario41_age77_h1p68_sex_male_w74p0_20260826_214157/fall_scenario41_age77_20260826_214157_highrate_truth.csv,5.333333333333415,6.600000000000279,6.5333,1199.9666666665848,120,7,34,True,True,True,peak_impact_magnitude_within_3s_after_fall_onset,True,ok,repository_peak_impact_magnitude_within_3s_after_fall_onset_v2,>=30 actual samples on corrected 100Hz grid and >=1 complete 30-sample window,100,30,15,300,50,
P034,42,/mnt/hdd16T/ToqeerHomeBackup/mujoco_project/outputs/_highrate_overnight/campaign_highrate_truth_v3_rne_corrected396/runs/P034/task_42/scenario42_age77_h1p68_sex_male_w74p0_20260826_214234,/mnt/hdd16T/ToqeerHomeBackup/mujoco_project/outputs/_highrate_overnight/campaign_highrate_truth_v3_rne_corrected396/runs/P034/task_42/scenario42_age77_h1p68_sex_male_w74p0_20260826_214234/fall_scenario42_age77_20260826_214234_highrate_truth.csv,5.766666666666816,6.033333333333524,6.2033,436.63333333318377,44,1,37,True,True,True,peak_impact_magnitude_within_3s_after_fall_onset,True,ok,repository_peak_impact_magnitude_within_3s_after_fall_onset_v2,>=30 actual samples on corrected 100Hz grid and >=1 complete 30-sample window,100,30,15,300,50,
P035,20,/mnt/hdd16T/ToqeerHomeBackup/mujoco_project/outputs/_highrate_overnight/campaign_highrate_truth_v3_rne_corrected396/runs/P035/task_20/scenario20_age78_h1p70_sex_female_w72p0_20260826_214312,/mnt/hdd16T/ToqeerHomeBackup/mujoco_project/outputs/_highrate_overnight/campaign_highrate_truth_v3_rne_corrected396/runs/P035/task_20/scenario20_age78_h1p70_sex_female_w72p0_20260826_214312/fall_scenario20_age78_20260826_214312_highrate_truth.csv,6.100000000000201,6.566666666666941,6.7333,633.2999999997986,64,3,39,True,True,True,peak_impact_magnitude_within_3s_after_fall_onset,True,ok,repository_peak_impact_magnitude_within_3s_after_fall_onset_v2,>=30 actual samples on corrected 100Hz grid and >=1 complete 30-sample window,100,30,15,300,50,
P035,21,/mnt/hdd16T/ToqeerHomeBackup/mujoco_project/outputs/_highrate_overnight/campaign_highrate_truth_v3_rne_corrected396/runs/P035/task_21/scenario21_age78_h1p70_sex_female_w72p0_20260826_214417,/mnt/hdd16T/ToqeerHomeBackup/mujoco_project/outputs/_highrate_overnight/campaign_highrate_truth_v3_rne_corrected396/runs/P035/task_21/scenario21_age78_h1p70_sex_female_w72p0_20260826_214417/fall_scenario21_age78_20260826_214417_highrate_truth.csv,5.500000000000108,5.500000000000108,5.7633,263.2999999998917,27,0,35,True,True,False,peak_impact_magnitude_within_3s_after_fall_onset,True,ok,repository_peak_impact_magnitude_within_3s_after_fall_onset_v2,>=30 actual samples on corrected 100Hz grid and >=1 complete 30-sample window,100,30,15,300,50,recovered_interval_shorter_than_30_samples
P035,22,/mnt/hdd16T/ToqeerHomeBackup/mujoco_project/outputs/_highrate_overnight/campaign_highrate_truth_v3_rne_corrected396/runs/P035/task_22/scenario22_age78_h1p70_sex_female_w72p0_20260826_214454,/mnt/hdd16T/ToqeerHomeBackup/mujoco_project/outputs/_highrate_overnight/campaign_highrate_truth_v3_rne_corrected396/runs/P035/task_22/scenario22_age78_h1p70_sex_female_w72p0_20260826_214454/fall_scenario22_age78_20260826_214454_highrate_truth.csv,5.500000000000108,5.500000000000108,5.7633,263.2999999998917,27,0,35,True,True,False,peak_impact_magnitude_within_3s_after_fall_onset,True,ok,repository_peak_impact_magnitude_within_3s_after_fall_onset_v2,>=30 actual samples on corrected 100Hz grid and >=1 complete 30-sample window,100,30,15,300,50,recovered_interval_shorter_than_30_samples
P035,23,/mnt/hdd16T/ToqeerHomeBackup/mujoco_project/outputs/_highrate_overnight/campaign_highrate_truth_v3_rne_corrected396/runs/P035/task_23/scenario23_age78_h1p70_sex_female_w72p0_20260826_214530,/mnt/hdd16T/ToqeerHomeBackup/mujoco_project/outputs/_highrate_overnight/campaign_highrate_truth_v3_rne_corrected396/runs/P035/task_23/scenario23_age78_h1p70_sex_female_w72p0_20260826_214530/fall_scenario23_age78_20260826_214530_highrate_truth.csv,6.033333333333524,7.100000000000358,6.6333,599.966666666476,60,3,39,True,True,True,peak_impact_magnitude_within_3s_after_fall_onset,True,ok,repository_peak_impact_magnitude_within_3s_after_fall_onset_v2,>=30 actual samples on corrected 100Hz grid and >=1 complete 30-sample window,100,30,15,300,50,
P035,24,/mnt/hdd16T/ToqeerHomeBackup/mujoco_project/outputs/_highrate_overnight/campaign_highrate_truth_v3_rne_corrected396/runs/P035/task_24/scenario24_age78_h1p70_sex_female_w72p0_20260826_214635,/mnt/hdd16T/ToqeerHomeBackup/mujoco_project/outputs/_highrate_overnight/campaign_highrate_truth_v3_rne_corrected396/runs/P035/task_24/scenario24_age78_h1p70_sex_female_w72p0_20260826_214635/fall_scenario24_age78_20260826_214635_highrate_truth.csv,5.500000000000108,7.866666666667144,5.7333,233.2999999998915,24,0,35,True,True,False,peak_impact_magnitude_within_3s_after_fall_onset,True,ok,repository_peak_impact_magnitude_within_3s_after_fall_onset_v2,>=30 actual samples on corrected 100Hz grid and >=1 complete 30-sample window,100,30,15,300,50,recovered_interval_shorter_than_30_samples
P035,28,/mnt/hdd16T/ToqeerHomeBackup/mujoco_project/outputs/_highrate_overnight/campaign_highrate_truth_v3_rne_corrected396/runs/P035/task_28/scenario28_age78_h1p70_sex_female_w72p0_20260826_214711,/mnt/hdd16T/ToqeerHomeBackup/mujoco_project/outputs/_highrate_overnight/campaign_highrate_truth_v3_rne_corrected396/runs/P035/task_28/scenario28_age78_h1p70_sex_female_w72p0_20260826_214711/fall_scenario28_age78_20260826_214711_highrate_truth.csv,7.700000000000451,8.366666666667221,8.4033,703.2999999995484,71,3,50,True,True,True,peak_impact_magnitude_within_3s_after_fall_onset,True,ok,repository_peak_impact_magnitude_within_3s_after_fall_onset_v2,>=30 actual samples on corrected 100Hz grid and >=1 complete 30-sample window,100,30,15,300,50,
P035,29,/mnt/hdd16T/ToqeerHomeBackup/mujoco_project/outputs/_highrate_overnight/campaign_highrate_truth_v3_rne_corrected396/runs/P035/task_29/scenario29_age78_h1p70_sex_female_w72p0_20260826_214948,/mnt/hdd16T/ToqeerHomeBackup/mujoco_project/outputs/_highrate_overnight/campaign_highrate_truth_v3_rne_corrected396/runs/P035/task_29/scenario29_age78_h1p70_sex_female_w72p0_20260826_214948/fall_scenario29_age78_20260826_214948_highrate_truth.csv,7.933333333333821,8.800000000000622,8.8333,899.9666666661783,90,5,51,True,True,True,peak_impact_magnitude_within_3s_after_fall_onset,True,ok,repository_peak_impact_magnitude_within_3s_after_fall_onset_v2,>=30 actual samples on corrected 100Hz grid and >=1 complete 30-sample window,100,30,15,300,50,
P035,30,/mnt/hdd16T/ToqeerHomeBackup/mujoco_project/outputs/_highrate_overnight/campaign_highrate_truth_v3_rne_corrected396/runs/P035/task_30/scenario30_age78_h1p70_sex_female_w72p0_20260826_215224,/mnt/hdd16T/ToqeerHomeBackup/mujoco_project/outputs/_highrate_overnight/campaign_highrate_truth_v3_rne_corrected396/runs/P035/task_30/scenario30_age78_h1p70_sex_female_w72p0_20260826_215224/fall_scenario30_age78_20260826_215224_highrate_truth.csv,7.800000000000467,7.933333333333821,7.9633,163.29999999953327,17,0,51,True,True,False,peak_impact_magnitude_within_3s_after_fall_onset,True,ok,repository_peak_impact_magnitude_within_3s_after_fall_onset_v2,>=30 actual samples on corrected 100Hz grid and >=1 complete 30-sample window,100,30,15,300,50,recovered_interval_shorter_than_30_samples
P035,31,/mnt/hdd16T/ToqeerHomeBackup/mujoco_project/outputs/_highrate_overnight/campaign_highrate_truth_v3_rne_corrected396/runs/P035/task_31/scenario31_age78_h1p70_sex_female_w72p0_20260826_215500,/mnt/hdd16T/ToqeerHomeBackup/mujoco_project/outputs/_highrate_overnight/campaign_highrate_truth_v3_rne_corrected396/runs/P035/task_31/scenario31_age78_h1p70_sex_female_w72p0_20260826_215500/fall_scenario31_age78_20260826_215500_highrate_truth.csv,7.800000000000467,8.100000000000513,7.9333,133.299999999533,14,0,51,True,True,False,peak_impact_magnitude_within_3s_after_fall_onset,True,ok,repository_peak_impact_magnitude_within_3s_after_fall_onset_v2,>=30 actual samples on corrected 100Hz grid and >=1 complete 30-sample window,100,30,15,300,50,recovered_interval_shorter_than_30_samples
P035,32,/mnt/hdd16T/ToqeerHomeBackup/mujoco_project/outputs/_highrate_overnight/campaign_highrate_truth_v3_rne_corrected396/runs/P035/task_32/scenario32_age78_h1p70_sex_female_w72p0_20260826_215736,/mnt/hdd16T/ToqeerHomeBackup/mujoco_project/outputs/_highrate_overnight/campaign_highrate_truth_v3_rne_corrected396/runs/P035/task_32/scenario32_age78_h1p70_sex_female_w72p0_20260826_215736/fall_scenario32_age78_20260826_215736_highrate_truth.csv,8.500000000000576,8.900000000000638,8.9033,403.2999999994242,41,1,55,True,True,True,peak_impact_magnitude_within_3s_after_fall_onset,True,ok,repository_peak_impact_magnitude_within_3s_after_fall_onset_v2,>=30 actual samples on corrected 100Hz grid and >=1 complete 30-sample window,100,30,15,300,50,
P035,33,/mnt/hdd16T/ToqeerHomeBackup/mujoco_project/outputs/_highrate_overnight/campaign_highrate_truth_v3_rne_corrected396/runs/P035/task_33/scenario33_age78_h1p70_sex_female_w72p0_20260826_220012,/mnt/hdd16T/ToqeerHomeBackup/mujoco_project/outputs/_highrate_overnight/campaign_highrate_truth_v3_rne_corrected396/runs/P035/task_33/scenario33_age78_h1p70_sex_female_w72p0_20260826_220012/fall_scenario33_age78_20260826_220012_highrate_truth.csv,8.600000000000591,8.8666666666673,9.0033,403.2999999994082,41,1,56,True,True,True,peak_impact_magnitude_within_3s_after_fall_onset,True,ok,repository_peak_impact_magnitude_within_3s_after_fall_onset_v2,>=30 actual samples on corrected 100Hz grid and >=1 complete 30-sample window,100,30,15,300,50,
P035,34,/mnt/hdd16T/ToqeerHomeBackup/mujoco_project/outputs/_highrate_overnight/campaign_highrate_truth_v3_rne_corrected396/runs/P035/task_34/scenario34_age78_h1p70_sex_female_w72p0_20260826_220247,/mnt/hdd16T/ToqeerHomeBackup/mujoco_project/outputs/_highrate_overnight/campaign_highrate_truth_v3_rne_corrected396/runs/P035/task_34/scenario34_age78_h1p70_sex_female_w72p0_20260826_220247/fall_scenario34_age78_20260826_220247_highrate_truth.csv,8.566666666667253,8.766666666667284,10.3333,1766.6333333327468,177,10,56,True,True,True,peak_impact_magnitude_within_3s_after_fall_onset,True,ok,repository_peak_impact_magnitude_within_3s_after_fall_onset_v2,>=30 actual samples on corrected 100Hz grid and >=1 complete 30-sample window,100,30,15,300,50,
P035,37,/mnt/hdd16T/ToqeerHomeBackup/mujoco_project/outputs/_highrate_overnight/campaign_highrate_truth_v3_rne_corrected396/runs/P035/task_37/scenario37_age78_h1p70_sex_female_w72p0_20260826_220523,/mnt/hdd16T/ToqeerHomeBackup/mujoco_project/outputs/_highrate_overnight/campaign_highrate_truth_v3_rne_corrected396/runs/P035/task_37/scenario37_age78_h1p70_sex_female_w72p0_20260826_220523/fall_scenario37_age78_20260826_220523_highrate_truth.csv,8.366666666667221,9.000000000000654,10.2633,1896.6333333327773,190,11,54,True,True,True,peak_impact_magnitude_within_3s_after_fall_onset,True,ok,repository_peak_impact_magnitude_within_3s_after_fall_onset_v2,>=30 actual samples on corrected 100Hz grid and >=1 complete 30-sample window,100,30,15,300,50,
P035,38,/mnt/hdd16T/ToqeerHomeBackup/mujoco_project/outputs/_highrate_overnight/campaign_highrate_truth_v3_rne_corrected396/runs/P035/task_38/scenario38_age78_h1p70_sex_female_w72p0_20260826_220758,/mnt/hdd16T/ToqeerHomeBackup/mujoco_project/outputs/_highrate_overnight/campaign_highrate_truth_v3_rne_corrected396/runs/P035/task_38/scenario38_age78_h1p70_sex_female_w72p0_20260826_220758/fall_scenario38_age78_20260826_220758_highrate_truth.csv,19.233333333335587,19.3333333333356,21.4633,2229.9666666644134,223,13,127,True,True,True,peak_impact_magnitude_within_3s_after_fall_onset,True,ok,repository_peak_impact_magnitude_within_3s_after_fall_onset_v2,>=30 actual samples on corrected 100Hz grid and >=1 complete 30-sample window,100,30,15,300,50,
P035,39,/mnt/hdd16T/ToqeerHomeBackup/mujoco_project/outputs/_highrate_overnight/campaign_highrate_truth_v3_rne_corrected396/runs/P035/task_39/scenario39_age78_h1p70_sex_female_w72p0_20260826_221033,/mnt/hdd16T/ToqeerHomeBackup/mujoco_project/outputs/_highrate_overnight/campaign_highrate_truth_v3_rne_corrected396/runs/P035/task_39/scenario39_age78_h1p70_sex_female_w72p0_20260826_221033/fall_scenario39_age78_20260826_221033_highrate_truth.csv,5.400000000000092,6.166666666666878,6.1033,703.2999999999081,71,3,35,True,True,True,peak_impact_magnitude_within_3s_after_fall_onset,True,ok,repository_peak_impact_magnitude_within_3s_after_fall_onset_v2,>=30 actual samples on corrected 100Hz grid and >=1 complete 30-sample window,100,30,15,300,50,
P035,40,/mnt/hdd16T/ToqeerHomeBackup/mujoco_project/outputs/_highrate_overnight/campaign_highrate_truth_v3_rne_corrected396/runs/P035/task_40/scenario40_age78_h1p70_sex_female_w72p0_20260826_221109,/mnt/hdd16T/ToqeerHomeBackup/mujoco_project/outputs/_highrate_overnight/campaign_highrate_truth_v3_rne_corrected396/runs/P035/task_40/scenario40_age78_h1p70_sex_female_w72p0_20260826_221109/fall_scenario40_age78_20260826_221109_highrate_truth.csv,5.766666666666816,6.066666666666863,6.0633,296.6333333331841,30,1,37,True,True,True,peak_impact_magnitude_within_3s_after_fall_onset,True,ok,repository_peak_impact_magnitude_within_3s_after_fall_onset_v2,>=30 actual samples on corrected 100Hz grid and >=1 complete 30-sample window,100,30,15,300,50,
P035,41,/mnt/hdd16T/ToqeerHomeBackup/mujoco_project/outputs/_highrate_overnight/campaign_highrate_truth_v3_rne_corrected396/runs/P035/task_41/scenario41_age78_h1p70_sex_female_w72p0_20260826_221146,/mnt/hdd16T/ToqeerHomeBackup/mujoco_project/outputs/_highrate_overnight/campaign_highrate_truth_v3_rne_corrected396/runs/P035/task_41/scenario41_age78_h1p70_sex_female_w72p0_20260826_221146/fall_scenario41_age78_20260826_221146_highrate_truth.csv,5.466666666666769,6.566666666666941,6.3333,866.6333333332315,87,4,35,True,True,True,peak_impact_magnitude_within_3s_after_fall_onset,True,ok,repository_peak_impact_magnitude_within_3s_after_fall_onset_v2,>=30 actual samples on corrected 100Hz grid and >=1 complete 30-sample window,100,30,15,300,50,
P035,42,/mnt/hdd16T/ToqeerHomeBackup/mujoco_project/outputs/_highrate_overnight/campaign_highrate_truth_v3_rne_corrected396/runs/P035/task_42/scenario42_age78_h1p70_sex_female_w72p0_20260826_221223,/mnt/hdd16T/ToqeerHomeBackup/mujoco_project/outputs/_highrate_overnight/campaign_highrate_truth_v3_rne_corrected396/runs/P035/task_42/scenario42_age78_h1p70_sex_female_w72p0_20260826_221223/fall_scenario42_age78_20260826_221223_highrate_truth.csv,5.733333333333477,6.766666666666972,6.1033,369.96666666652266,37,1,37,True,True,True,peak_impact_magnitude_within_3s_after_fall_onset,True,ok,repository_peak_impact_magnitude_within_3s_after_fall_onset_v2,>=30 actual samples on corrected 100Hz grid and >=1 complete 30-sample window,100,30,15,300,50,
P036,20,/mnt/hdd16T/ToqeerHomeBackup/mujoco_project/outputs/_highrate_overnight/campaign_highrate_truth_v4_expanded42_new20/runs/P036/task_20/scenario20_age21_h1p82_sex_male_w72p0_20260926_072317,/mnt/hdd16T/ToqeerHomeBackup/mujoco_project/outputs/_highrate_overnight/campaign_highrate_truth_v4_expanded42_new20/runs/P036/task_20/scenario20_age21_h1p82_sex_male_w72p0_20260926_072317/fall_scenario20_age21_20260926_072317_highrate_truth.csv,6.033333333333524,6.600000000000279,7.7633,1729.966666666476,173,10,39,True,True,True,peak_impact_magnitude_within_3s_after_fall_onset,True,ok,repository_peak_impact_magnitude_within_3s_after_fall_onset_v2,>=30 actual samples on corrected 100Hz grid and >=1 complete 30-sample window,100,30,15,300,50,
P036,21,/mnt/hdd16T/ToqeerHomeBackup/mujoco_project/outputs/_highrate_overnight/campaign_highrate_truth_v4_expanded42_new20/runs/P036/task_21/scenario21_age21_h1p82_sex_male_w72p0_20260926_072526,/mnt/hdd16T/ToqeerHomeBackup/mujoco_project/outputs/_highrate_overnight/campaign_highrate_truth_v4_expanded42_new20/runs/P036/task_21/scenario21_age21_h1p82_sex_male_w72p0_20260926_072526/fall_scenario21_age21_20260926_072526_highrate_truth.csv,5.5000000000001075,5.5000000000001075,6.9333,1433.2999999998926,144,8,35,True,True,True,peak_impact_magnitude_within_3s_after_fall_onset,True,ok,repository_peak_impact_magnitude_within_3s_after_fall_onset_v2,>=30 actual samples on corrected 100Hz grid and >=1 complete 30-sample window,100,30,15,300,50,
P036,22,/mnt/hdd16T/ToqeerHomeBackup/mujoco_project/outputs/_highrate_overnight/campaign_highrate_truth_v4_expanded42_new20/runs/P036/task_22/scenario22_age21_h1p82_sex_male_w72p0_20260926_072604,/mnt/hdd16T/ToqeerHomeBackup/mujoco_project/outputs/_highrate_overnight/campaign_highrate_truth_v4_expanded42_new20/runs/P036/task_22/scenario22_age21_h1p82_sex_male_w72p0_20260926_072604/fall_scenario22_age21_20260926_072604_highrate_truth.csv,5.5000000000001075,5.633333333333462,5.8033,303.29999999989263,31,1,35,True,True,True,peak_impact_magnitude_within_3s_after_fall_onset,True,ok,repository_peak_impact_magnitude_within_3s_after_fall_onset_v2,>=30 actual samples on corrected 100Hz grid and >=1 complete 30-sample window,100,30,15,300,50,
P036,23,/mnt/hdd16T/ToqeerHomeBackup/mujoco_project/outputs/_highrate_overnight/campaign_highrate_truth_v4_expanded42_new20/runs/P036/task_23/scenario23_age21_h1p82_sex_male_w72p0_20260926_072644,/mnt/hdd16T/ToqeerHomeBackup/mujoco_project/outputs/_highrate_overnight/campaign_highrate_truth_v4_expanded42_new20/runs/P036/task_23/scenario23_age21_h1p82_sex_male_w72p0_20260926_072644/fall_scenario23_age21_20260926_072644_highrate_truth.csv,6.333333333333571,6.600000000000279,6.3633,29.966666666428665,3,0,41,True,True,False,peak_impact_magnitude_within_3s_after_fall_onset,True,ok,repository_peak_impact_magnitude_within_3s_after_fall_onset_v2,>=30 actual samples on corrected 100Hz grid and >=1 complete 30-sample window,100,30,15,300,50,recovered_interval_shorter_than_30_samples
P036,24,/mnt/hdd16T/ToqeerHomeBackup/mujoco_project/outputs/_highrate_overnight/campaign_highrate_truth_v4_expanded42_new20/runs/P036/task_24/scenario24_age21_h1p82_sex_male_w72p0_20260926_072759,/mnt/hdd16T/ToqeerHomeBackup/mujoco_project/outputs/_highrate_overnight/campaign_highrate_truth_v4_expanded42_new20/runs/P036/task_24/scenario24_age21_h1p82_sex_male_w72p0_20260926_072759/fall_scenario24_age21_20260926_072759_highrate_truth.csv,5.5000000000001075,5.5000000000001075,6.9733,1473.2999999998926,148,8,35,True,True,True,peak_impact_magnitude_within_3s_after_fall_onset,True,ok,repository_peak_impact_magnitude_within_3s_after_fall_onset_v2,>=30 actual samples on corrected 100Hz grid and >=1 complete 30-sample window,100,30,15,300,50,
P036,28,/mnt/hdd16T/ToqeerHomeBackup/mujoco_project/outputs/_highrate_overnight/campaign_highrate_truth_v4_expanded42_new20/runs/P036/task_28/scenario28_age21_h1p82_sex_male_w72p0_20260926_072841,/mnt/hdd16T/ToqeerHomeBackup/mujoco_project/outputs/_highrate_overnight/campaign_highrate_truth_v4_expanded42_new20/runs/P036/task_28/scenario28_age21_h1p82_sex_male_w72p0_20260926_072841/fall_scenario28_age21_20260926_072841_highrate_truth.csv,6.900000000000326,7.200000000000373,7.5033,603.299999999674,61,3,45,True,True,True,peak_impact_magnitude_within_3s_after_fall_onset,True,ok,repository_peak_impact_magnitude_within_3s_after_fall_onset_v2,>=30 actual samples on corrected 100Hz grid and >=1 complete 30-sample window,100,30,15,300,50,
P036,29,/mnt/hdd16T/ToqeerHomeBackup/mujoco_project/outputs/_highrate_overnight/campaign_highrate_truth_v4_expanded42_new20/runs/P036/task_29/scenario29_age21_h1p82_sex_male_w72p0_20260926_073122,/mnt/hdd16T/ToqeerHomeBackup/mujoco_project/outputs/_highrate_overnight/campaign_highrate_truth_v4_expanded42_new20/runs/P036/task_29/scenario29_age21_h1p82_sex_male_w72p0_20260926_073122/fall_scenario29_age21_20260926_073122_highrate_truth.csv,7.233333333333712,7.800000000000467,7.9333,699.9666666662882,70,3,47,True,True,True,peak_impact_magnitude_within_3s_after_fall_onset,True,ok,repository_peak_impact_magnitude_within_3s_after_fall_onset_v2,>=30 actual samples on corrected 100Hz grid and >=1 complete 30-sample window,100,30,15,300,50,
P036,30,/mnt/hdd16T/ToqeerHomeBackup/mujoco_project/outputs/_highrate_overnight/campaign_highrate_truth_v4_expanded42_new20/runs/P036/task_30/scenario30_age21_h1p82_sex_male_w72p0_20260926_073350,/mnt/hdd16T/ToqeerHomeBackup/mujoco_project/outputs/_highrate_overnight/campaign_highrate_truth_v4_expanded42_new20/runs/P036/task_30/scenario30_age21_h1p82_sex_male_w72p0_20260926_073350/fall_scenario30_age21_20260926_073350_highrate_truth.csv,6.900000000000326,7.700000000000451,6.9333,33.2999999996737,4,0,45,True,True,False,peak_impact_magnitude_within_3s_after_fall_onset,True,ok,repository_peak_impact_magnitude_within_3s_after_fall_onset_v2,>=30 actual samples on corrected 100Hz grid and >=1 complete 30-sample window,100,30,15,300,50,recovered_interval_shorter_than_30_samples
P036,31,/mnt/hdd16T/ToqeerHomeBackup/mujoco_project/outputs/_highrate_overnight/campaign_highrate_truth_v4_expanded42_new20/runs/P036/task_31/scenario31_age21_h1p82_sex_male_w72p0_20260926_073619,/mnt/hdd16T/ToqeerHomeBackup/mujoco_project/outputs/_highrate_overnight/campaign_highrate_truth_v4_expanded42_new20/runs/P036/task_31/scenario31_age21_h1p82_sex_male_w72p0_20260926_073619/fall_scenario31_age21_20260926_073619_highrate_truth.csv,6.866666666666988,8.200000000000529,6.9333,66.63333333301225,7,0,44,True,True,False,peak_impact_magnitude_within_3s_after_fall_onset,True,ok,repository_peak_impact_magnitude_within_3s_after_fall_onset_v2,>=30 actual samples on corrected 100Hz grid and >=1 complete 30-sample window,100,30,15,300,50,recovered_interval_shorter_than_30_samples
P036,32,/mnt/hdd16T/ToqeerHomeBackup/mujoco_project/outputs/_highrate_overnight/campaign_highrate_truth_v4_expanded42_new20/runs/P036/task_32/scenario32_age21_h1p82_sex_male_w72p0_20260926_073903,/mnt/hdd16T/ToqeerHomeBackup/mujoco_project/outputs/_highrate_overnight/campaign_highrate_truth_v4_expanded42_new20/runs/P036/task_32/scenario32_age21_h1p82_sex_male_w72p0_20260926_073903/fall_scenario32_age21_20260926_073903_highrate_truth.csv,7.700000000000451,8.000000000000497,8.1033,403.29999999954947,41,1,50,True,True,True,peak_impact_magnitude_within_3s_after_fall_onset,True,ok,repository_peak_impact_magnitude_within_3s_after_fall_onset_v2,>=30 actual samples on corrected 100Hz grid and >=1 complete 30-sample window,100,30,15,300,50,
P036,33,/mnt/hdd16T/ToqeerHomeBackup/mujoco_project/outputs/_highrate_overnight/campaign_highrate_truth_v4_expanded42_new20/runs/P036/task_33/scenario33_age21_h1p82_sex_male_w72p0_20260926_074134,/mnt/hdd16T/ToqeerHomeBackup/mujoco_project/outputs/_highrate_overnight/campaign_highrate_truth_v4_expanded42_new20/runs/P036/task_33/scenario33_age21_h1p82_sex_male_w72p0_20260926_074134/fall_scenario33_age21_20260926_074134_highrate_truth.csv,7.666666666667113,8.233333333333867,7.6733,6.633333332887403,1,0,50,True,True,False,peak_impact_magnitude_within_3s_after_fall_onset,True,ok,repository_peak_impact_magnitude_within_3s_after_fall_onset_v2,>=30 actual samples on corrected 100Hz grid and >=1 complete 30-sample window,100,30,15,300,50,recovered_interval_shorter_than_30_samples
P036,34,/mnt/hdd16T/ToqeerHomeBackup/mujoco_project/outputs/_highrate_overnight/campaign_highrate_truth_v4_expanded42_new20/runs/P036/task_34/scenario34_age21_h1p82_sex_male_w72p0_20260926_074403,/mnt/hdd16T/ToqeerHomeBackup/mujoco_project/outputs/_highrate_overnight/campaign_highrate_truth_v4_expanded42_new20/runs/P036/task_34/scenario34_age21_h1p82_sex_male_w72p0_20260926_074403/fall_scenario34_age21_20260926_074403_highrate_truth.csv,7.73333333333379,7.933333333333821,10.6033,2869.966666666211,287,18,50,True,True,True,peak_impact_magnitude_within_3s_after_fall_onset,True,ok,repository_peak_impact_magnitude_within_3s_after_fall_onset_v2,>=30 actual samples on corrected 100Hz grid and >=1 complete 30-sample window,100,30,15,300,50,
P036,37,/mnt/hdd16T/ToqeerHomeBackup/mujoco_project/outputs/_highrate_overnight/campaign_highrate_truth_v4_expanded42_new20/runs/P036/task_37/scenario37_age21_h1p82_sex_male_w72p0_20260926_074637,/mnt/hdd16T/ToqeerHomeBackup/mujoco_project/outputs/_highrate_overnight/campaign_highrate_truth_v4_expanded42_new20/runs/P036/task_37/scenario37_age21_h1p82_sex_male_w72p0_20260926_074637/fall_scenario37_age21_20260926_074637_highrate_truth.csv,7.666666666667113,8.566666666667253,8.2333,566.633333332887,57,2,50,True,True,True,peak_impact_magnitude_within_3s_after_fall_onset,True,ok,repository_peak_impact_magnitude_within_3s_after_fall_onset_v2,>=30 actual samples on corrected 100Hz grid and >=1 complete 30-sample window,100,30,15,300,50,
P036,38,/mnt/hdd16T/ToqeerHomeBackup/mujoco_project/outputs/_highrate_overnight/campaign_highrate_truth_v4_expanded42_new20/runs/P036/task_38/scenario38_age21_h1p82_sex_male_w72p0_20260926_074913,/mnt/hdd16T/ToqeerHomeBackup/mujoco_project/outputs/_highrate_overnight/campaign_highrate_truth_v4_expanded42_new20/runs/P036/task_38/scenario38_age21_h1p82_sex_male_w72p0_20260926_074913/fall_scenario38_age21_20260926_074913_highrate_truth.csv,11.533333333334383,11.800000000001091,11.8333,299.96666666561646,30,1,75,True,True,True,peak_impact_magnitude_within_3s_after_fall_onset,True,ok,repository_peak_impact_magnitude_within_3s_after_fall_onset_v2,>=30 actual samples on corrected 100Hz grid and >=1 complete 30-sample window,100,30,15,300,50,
P036,39,/mnt/hdd16T/ToqeerHomeBackup/mujoco_project/outputs/_highrate_overnight/campaign_highrate_truth_v4_expanded42_new20/runs/P036/task_39/scenario39_age21_h1p82_sex_male_w72p0_20260926_075151,/mnt/hdd16T/ToqeerHomeBackup/mujoco_project/outputs/_highrate_overnight/campaign_highrate_truth_v4_expanded42_new20/runs/P036/task_39/scenario39_age21_h1p82_sex_male_w72p0_20260926_075151/fall_scenario39_age21_20260926_075151_highrate_truth.csv,5.5000000000001075,6.200000000000217,5.5333,33.299999999892194,4,0,35,True,True,False,peak_impact_magnitude_within_3s_after_fall_onset,True,ok,repository_peak_impact_magnitude_within_3s_after_fall_onset_v2,>=30 actual samples on corrected 100Hz grid and >=1 complete 30-sample window,100,30,15,300,50,recovered_interval_shorter_than_30_samples
P036,40,/mnt/hdd16T/ToqeerHomeBackup/mujoco_project/outputs/_highrate_overnight/campaign_highrate_truth_v4_expanded42_new20/runs/P036/task_40/scenario40_age21_h1p82_sex_male_w72p0_20260926_075230,/mnt/hdd16T/ToqeerHomeBackup/mujoco_project/outputs/_highrate_overnight/campaign_highrate_truth_v4_expanded42_new20/runs/P036/task_40/scenario40_age21_h1p82_sex_male_w72p0_20260926_075230/fall_scenario40_age21_20260926_075230_highrate_truth.csv,5.9333333333335085,6.000000000000186,6.2333,299.9666666664913,30,1,38,True,True,True,peak_impact_magnitude_within_3s_after_fall_onset,True,ok,repository_peak_impact_magnitude_within_3s_after_fall_onset_v2,>=30 actual samples on corrected 100Hz grid and >=1 complete 30-sample window,100,30,15,300,50,
P036,41,/mnt/hdd16T/ToqeerHomeBackup/mujoco_project/outputs/_highrate_overnight/campaign_highrate_truth_v4_expanded42_new20/runs/P036/task_41/scenario41_age21_h1p82_sex_male_w72p0_20260926_075308,/mnt/hdd16T/ToqeerHomeBackup/mujoco_project/outputs/_highrate_overnight/campaign_highrate_truth_v4_expanded42_new20/runs/P036/task_41/scenario41_age21_h1p82_sex_male_w72p0_20260926_075308/fall_scenario41_age21_20260926_075308_highrate_truth.csv,5.333333333333415,6.6666666666669565,6.6333,1299.9666666665855,130,7,34,True,True,True,peak_impact_magnitude_within_3s_after_fall_onset,True,ok,repository_peak_impact_magnitude_within_3s_after_fall_onset_v2,>=30 actual samples on corrected 100Hz grid and >=1 complete 30-sample window,100,30,15,300,50,
P036,42,/mnt/hdd16T/ToqeerHomeBackup/mujoco_project/outputs/_highrate_overnight/campaign_highrate_truth_v4_expanded42_new20/runs/P036/task_42/scenario42_age21_h1p82_sex_male_w72p0_20260926_075349,/mnt/hdd16T/ToqeerHomeBackup/mujoco_project/outputs/_highrate_overnight/campaign_highrate_truth_v4_expanded42_new20/runs/P036/task_42/scenario42_age21_h1p82_sex_male_w72p0_20260926_075349/fall_scenario42_age21_20260926_075349_highrate_truth.csv,5.400000000000092,6.6666666666669565,6.2033,803.2999999999078,81,4,35,True,True,True,peak_impact_magnitude_within_3s_after_fall_onset,True,ok,repository_peak_impact_magnitude_within_3s_after_fall_onset_v2,>=30 actual samples on corrected 100Hz grid and >=1 complete 30-sample window,100,30,15,300,50,
P037,20,/mnt/hdd16T/ToqeerHomeBackup/mujoco_project/outputs/_highrate_overnight/campaign_highrate_truth_v4_expanded42_new20/runs/P037/task_20/scenario20_age24_h1p69_sex_male_w64p0_20260926_075429,/mnt/hdd16T/ToqeerHomeBackup/mujoco_project/outputs/_highrate_overnight/campaign_highrate_truth_v4_expanded42_new20/runs/P037/task_20/scenario20_age24_h1p69_sex_male_w64p0_20260926_075429/fall_scenario20_age24_20260926_075429_highrate_truth.csv,6.3000000000002325,6.566666666666941,6.6333,333.2999999997677,34,1,41,True,True,True,peak_impact_magnitude_within_3s_after_fall_onset,True,ok,repository_peak_impact_magnitude_within_3s_after_fall_onset_v2,>=30 actual samples on corrected 100Hz grid and >=1 complete 30-sample window,100,30,15,300,50,
P037,21,/mnt/hdd16T/ToqeerHomeBackup/mujoco_project/outputs/_highrate_overnight/campaign_highrate_truth_v4_expanded42_new20/runs/P037/task_21/scenario21_age24_h1p69_sex_male_w64p0_20260926_075537,/mnt/hdd16T/ToqeerHomeBackup/mujoco_project/outputs/_highrate_overnight/campaign_highrate_truth_v4_expanded42_new20/runs/P037/task_21/scenario21_age24_h1p69_sex_male_w64p0_20260926_075537/fall_scenario21_age24_20260926_075537_highrate_truth.csv,5.5000000000001075,5.5000000000001075,5.6633,163.2999999998921,17,0,35,True,True,False,peak_impact_magnitude_within_3s_after_fall_onset,True,ok,repository_peak_impact_magnitude_within_3s_after_fall_onset_v2,>=30 actual samples on corrected 100Hz grid and >=1 complete 30-sample window,100,30,15,300,50,recovered_interval_shorter_than_30_samples
P037,22,/mnt/hdd16T/ToqeerHomeBackup/mujoco_project/outputs/_highrate_overnight/campaign_highrate_truth_v4_expanded42_new20/runs/P037/task_22/scenario22_age24_h1p69_sex_male_w64p0_20260926_075615,/mnt/hdd16T/ToqeerHomeBackup/mujoco_project/outputs/_highrate_overnight/campaign_highrate_truth_v4_expanded42_new20/runs/P037/task_22/scenario22_age24_h1p69_sex_male_w64p0_20260926_075615/fall_scenario22_age24_20260926_075615_highrate_truth.csv,5.5000000000001075,5.5000000000001075,5.6633,163.2999999998921,17,0,35,True,True,False,peak_impact_magnitude_within_3s_after_fall_onset,True,ok,repository_peak_impact_magnitude_within_3s_after_fall_onset_v2,>=30 actual samples on corrected 100Hz grid and >=1 complete 30-sample window,100,30,15,300,50,recovered_interval_shorter_than_30_samples
P037,23,/mnt/hdd16T/ToqeerHomeBackup/mujoco_project/outputs/_highrate_overnight/campaign_highrate_truth_v4_expanded42_new20/runs/P037/task_23/scenario23_age24_h1p69_sex_male_w64p0_20260926_075655,/mnt/hdd16T/ToqeerHomeBackup/mujoco_project/outputs/_highrate_overnight/campaign_highrate_truth_v4_expanded42_new20/runs/P037/task_23/scenario23_age24_h1p69_sex_male_w64p0_20260926_075655/fall_scenario23_age24_20260926_075655_highrate_truth.csv,6.266666666666894,10.300000000000857,7.5333,1266.6333333331056,127,7,40,True,True,True,peak_impact_magnitude_within_3s_after_fall_onset,True,ok,repository_peak_impact_magnitude_within_3s_after_fall_onset_v2,>=30 actual samples on corrected 100Hz grid and >=1 complete 30-sample window,100,30,15,300,50,
P037,24,/mnt/hdd16T/ToqeerHomeBackup/mujoco_project/outputs/_highrate_overnight/campaign_highrate_truth_v4_expanded42_new20/runs/P037/task_24/scenario24_age24_h1p69_sex_male_w64p0_20260926_075802,/mnt/hdd16T/ToqeerHomeBackup/mujoco_project/outputs/_highrate_overnight/campaign_highrate_truth_v4_expanded42_new20/runs/P037/task_24/scenario24_age24_h1p69_sex_male_w64p0_20260926_075802/fall_scenario24_age24_20260926_075802_highrate_truth.csv,5.5000000000001075,6.800000000000311,6.9333,1433.2999999998926,144,8,35,True,True,True,peak_impact_magnitude_within_3s_after_fall_onset,True,ok,repository_peak_impact_magnitude_within_3s_after_fall_onset_v2,>=30 actual samples on corrected 100Hz grid and >=1 complete 30-sample window,100,30,15,300,50,
P037,28,/mnt/hdd16T/ToqeerHomeBackup/mujoco_project/outputs/_highrate_overnight/campaign_highrate_truth_v4_expanded42_new20/runs/P037/task_28/scenario28_age24_h1p69_sex_male_w64p0_20260926_075842,/mnt/hdd16T/ToqeerHomeBackup/mujoco_project/outputs/_highrate_overnight/campaign_highrate_truth_v4_expanded42_new20/runs/P037/task_28/scenario28_age24_h1p69_sex_male_w64p0_20260926_075842/fall_scenario28_age24_20260926_075842_highrate_truth.csv,6.3000000000002325,6.800000000000311,6.8033,503.2999999997676,51,2,41,True,True,True,peak_impact_magnitude_within_3s_after_fall_onset,True,ok,repository_peak_impact_magnitude_within_3s_after_fall_onset_v2,>=30 actual samples on corrected 100Hz grid and >=1 complete 30-sample window,100,30,15,300,50,
P037,29,/mnt/hdd16T/ToqeerHomeBackup/mujoco_project/outputs/_highrate_overnight/campaign_highrate_truth_v4_expanded42_new20/runs/P037/task_29/scenario29_age24_h1p69_sex_male_w64p0_20260926_080125,/mnt/hdd16T/ToqeerHomeBackup/mujoco_project/outputs/_highrate_overnight/campaign_highrate_truth_v4_expanded42_new20/runs/P037/task_29/scenario29_age24_h1p69_sex_male_w64p0_20260926_080125/fall_scenario29_age24_20260926_080125_highrate_truth.csv,6.600000000000279,7.433333333333743,7.4333,833.2999999997206,84,4,43,True,True,True,peak_impact_magnitude_within_3s_after_fall_onset,True,ok,repository_peak_impact_magnitude_within_3s_after_fall_onset_v2,>=30 actual samples on corrected 100Hz grid and >=1 complete 30-sample window,100,30,15,300,50,
P037,30,/mnt/hdd16T/ToqeerHomeBackup/mujoco_project/outputs/_highrate_overnight/campaign_highrate_truth_v4_expanded42_new20/runs/P037/task_30/scenario30_age24_h1p69_sex_male_w64p0_20260926_080407,/mnt/hdd16T/ToqeerHomeBackup/mujoco_project/outputs/_highrate_overnight/campaign_highrate_truth_v4_expanded42_new20/runs/P037/task_30/scenario30_age24_h1p69_sex_male_w64p0_20260926_080407/fall_scenario30_age24_20260926_080407_highrate_truth.csv,6.3000000000002325,7.0333333333336805,6.3333,33.29999999976785,4,0,41,True,True,False,peak_impact_magnitude_within_3s_after_fall_onset,True,ok,repository_peak_impact_magnitude_within_3s_after_fall_onset_v2,>=30 actual samples on corrected 100Hz grid and >=1 complete 30-sample window,100,30,15,300,50,recovered_interval_shorter_than_30_samples
P037,31,/mnt/hdd16T/ToqeerHomeBackup/mujoco_project/outputs/_highrate_overnight/campaign_highrate_truth_v4_expanded42_new20/runs/P037/task_31/scenario31_age24_h1p69_sex_male_w64p0_20260926_080648,/mnt/hdd16T/ToqeerHomeBackup/mujoco_project/outputs/_highrate_overnight/campaign_highrate_truth_v4_expanded42_new20/runs/P037/task_31/scenario31_age24_h1p69_sex_male_w64p0_20260926_080648/fall_scenario31_age24_20260926_080648_highrate_truth.csv,6.3000000000002325,6.400000000000248,6.3333,33.29999999976785,4,0,41,True,True,False,peak_impact_magnitude_within_3s_after_fall_onset,True,ok,repository_peak_impact_magnitude_within_3s_after_fall_onset_v2,>=30 actual samples on corrected 100Hz grid and >=1 complete 30-sample window,100,30,15,300,50,recovered_interval_shorter_than_30_samples
P037,32,/mnt/hdd16T/ToqeerHomeBackup/mujoco_project/outputs/_highrate_overnight/campaign_highrate_truth_v4_expanded42_new20/runs/P037/task_32/scenario32_age24_h1p69_sex_male_w64p0_20260926_080934,/mnt/hdd16T/ToqeerHomeBackup/mujoco_project/outputs/_highrate_overnight/campaign_highrate_truth_v4_expanded42_new20/runs/P037/task_32/scenario32_age24_h1p69_sex_male_w64p0_20260926_080934/fall_scenario32_age24_20260926_080934_highrate_truth.csv,7.100000000000358,7.4000000000004045,7.4633,363.2999999996427,37,1,46,True,True,True,peak_impact_magnitude_within_3s_after_fall_onset,True,ok,repository_peak_impact_magnitude_within_3s_after_fall_onset_v2,>=30 actual samples on corrected 100Hz grid and >=1 complete 30-sample window,100,30,15,300,50,
P037,33,/mnt/hdd16T/ToqeerHomeBackup/mujoco_project/outputs/_highrate_overnight/campaign_highrate_truth_v4_expanded42_new20/runs/P037/task_33/scenario33_age24_h1p69_sex_male_w64p0_20260926_081224,/mnt/hdd16T/ToqeerHomeBackup/mujoco_project/outputs/_highrate_overnight/campaign_highrate_truth_v4_expanded42_new20/runs/P037/task_33/scenario33_age24_h1p69_sex_male_w64p0_20260926_081224/fall_scenario33_age24_20260926_081224_highrate_truth.csv,7.0333333333336805,7.300000000000389,7.8033,769.9666666663196,77,4,45,True,True,True,peak_impact_magnitude_within_3s_after_fall_onset,True,ok,repository_peak_impact_magnitude_within_3s_after_fall_onset_v2,>=30 actual samples on corrected 100Hz grid and >=1 complete 30-sample window,100,30,15,300,50,
P037,34,/mnt/hdd16T/ToqeerHomeBackup/mujoco_project/outputs/_highrate_overnight/campaign_highrate_truth_v4_expanded42_new20/runs/P037/task_34/scenario34_age24_h1p69_sex_male_w64p0_20260926_081514,/mnt/hdd16T/ToqeerHomeBackup/mujoco_project/outputs/_highrate_overnight/campaign_highrate_truth_v4_expanded42_new20/runs/P037/task_34/scenario34_age24_h1p69_sex_male_w64p0_20260926_081514/fall_scenario34_age24_20260926_081514_highrate_truth.csv,7.233333333333712,9.633333333334086,8.1333,899.9666666662885,90,5,47,True,True,True,peak_impact_magnitude_within_3s_after_fall_onset,True,ok,repository_peak_impact_magnitude_within_3s_after_fall_onset_v2,>=30 actual samples on corrected 100Hz grid and >=1 complete 30-sample window,100,30,15,300,50,
P037,37,/mnt/hdd16T/ToqeerHomeBackup/mujoco_project/outputs/_highrate_overnight/campaign_highrate_truth_v4_expanded42_new20/runs/P037/task_37/scenario37_age24_h1p69_sex_male_w64p0_20260926_081806,/mnt/hdd16T/ToqeerHomeBackup/mujoco_project/outputs/_highrate_overnight/campaign_highrate_truth_v4_expanded42_new20/runs/P037/task_37/scenario37_age24_h1p69_sex_male_w64p0_20260926_081806/fall_scenario37_age24_20260926_081806_highrate_truth.csv,17.600000000001998,17.866666666668706,17.9633,363.29999999800225,37,1,116,True,True,True,peak_impact_magnitude_within_3s_after_fall_onset,True,ok,repository_peak_impact_magnitude_within_3s_after_fall_onset_v2,>=30 actual samples on corrected 100Hz grid and >=1 complete 30-sample window,100,30,15,300,50,
P037,38,/mnt/hdd16T/ToqeerHomeBackup/mujoco_project/outputs/_highrate_overnight/campaign_highrate_truth_v4_expanded42_new20/runs/P037/task_38/scenario38_age24_h1p69_sex_male_w64p0_20260926_082057,/mnt/hdd16T/ToqeerHomeBackup/mujoco_project/outputs/_highrate_overnight/campaign_highrate_truth_v4_expanded42_new20/runs/P037/task_38/scenario38_age24_h1p69_sex_male_w64p0_20260926_082057/fall_scenario38_age24_20260926_082057_highrate_truth.csv,17.600000000001998,17.733333333335352,17.8033,203.29999999800208,21,0,116,True,True,False,peak_impact_magnitude_within_3s_after_fall_onset,True,ok,repository_peak_impact_magnitude_within_3s_after_fall_onset_v2,>=30 actual samples on corrected 100Hz grid and >=1 complete 30-sample window,100,30,15,300,50,recovered_interval_shorter_than_30_samples
P037,39,/mnt/hdd16T/ToqeerHomeBackup/mujoco_project/outputs/_highrate_overnight/campaign_highrate_truth_v4_expanded42_new20/runs/P037/task_39/scenario39_age24_h1p69_sex_male_w64p0_20260926_082359,/mnt/hdd16T/ToqeerHomeBackup/mujoco_project/outputs/_highrate_overnight/campaign_highrate_truth_v4_expanded42_new20/runs/P037/task_39/scenario39_age24_h1p69_sex_male_w64p0_20260926_082359/fall_scenario39_age24_20260926_082359_highrate_truth.csv,5.533333333333446,6.166666666666878,6.2033,669.9666666665536,67,3,35,True,True,True,peak_impact_magnitude_within_3s_after_fall_onset,True,ok,repository_peak_impact_magnitude_within_3s_after_fall_onset_v2,>=30 actual samples on corrected 100Hz grid and >=1 complete 30-sample window,100,30,15,300,50,
P037,40,/mnt/hdd16T/ToqeerHomeBackup/mujoco_project/outputs/_highrate_overnight/campaign_highrate_truth_v4_expanded42_new20/runs/P037/task_40/scenario40_age24_h1p69_sex_male_w64p0_20260926_082440,/mnt/hdd16T/ToqeerHomeBackup/mujoco_project/outputs/_highrate_overnight/campaign_highrate_truth_v4_expanded42_new20/runs/P037/task_40/scenario40_age24_h1p69_sex_male_w64p0_20260926_082440/fall_scenario40_age24_20260926_082440_highrate_truth.csv,5.8666666666668315,6.100000000000201,6.2033,336.63333333316814,34,1,38,True,True,True,peak_impact_magnitude_within_3s_after_fall_onset,True,ok,repository_peak_impact_magnitude_within_3s_after_fall_onset_v2,>=30 actual samples on corrected 100Hz grid and >=1 complete 30-sample window,100,30,15,300,50,
P037,41,/mnt/hdd16T/ToqeerHomeBackup/mujoco_project/outputs/_highrate_overnight/campaign_highrate_truth_v4_expanded42_new20/runs/P037/task_41/scenario41_age24_h1p69_sex_male_w64p0_20260926_082516,/mnt/hdd16T/ToqeerHomeBackup/mujoco_project/outputs/_highrate_overnight/campaign_highrate_truth_v4_expanded42_new20/runs/P037/task_41/scenario41_age24_h1p69_sex_male_w64p0_20260926_082516/fall_scenario41_age24_20260926_082516_highrate_truth.csv,5.600000000000123,6.3000000000002325,6.5033,903.2999999998772,91,5,36,True,True,True,peak_impact_magnitude_within_3s_after_fall_onset,True,ok,repository_peak_impact_magnitude_within_3s_after_fall_onset_v2,>=30 actual samples on corrected 100Hz grid and >=1 complete 30-sample window,100,30,15,300,50,
P037,42,/mnt/hdd16T/ToqeerHomeBackup/mujoco_project/outputs/_highrate_overnight/campaign_highrate_truth_v4_expanded42_new20/runs/P037/task_42/scenario42_age24_h1p69_sex_male_w64p0_20260926_082552,/mnt/hdd16T/ToqeerHomeBackup/mujoco_project/outputs/_highrate_overnight/campaign_highrate_truth_v4_expanded42_new20/runs/P037/task_42/scenario42_age24_h1p69_sex_male_w64p0_20260926_082552/fall_scenario42_age24_20260926_082552_highrate_truth.csv,5.6666666666668,6.833333333333649,6.0633,396.63333333319974,40,1,36,True,True,True,peak_impact_magnitude_within_3s_after_fall_onset,True,ok,repository_peak_impact_magnitude_within_3s_after_fall_onset_v2,>=30 actual samples on corrected 100Hz grid and >=1 complete 30-sample window,100,30,15,300,50,
P038,20,/mnt/hdd16T/ToqeerHomeBackup/mujoco_project/outputs/_highrate_overnight/campaign_highrate_truth_v4_expanded42_new20/runs/P038/task_20/scenario20_age27_h1p57_sex_female_w54p0_20260926_082635,/mnt/hdd16T/ToqeerHomeBackup/mujoco_project/outputs/_highrate_overnight/campaign_highrate_truth_v4_expanded42_new20/runs/P038/task_20/scenario20_age27_h1p57_sex_female_w54p0_20260926_082635/fall_scenario20_age27_20260926_082635_highrate_truth.csv,6.266666666666894,6.533333333333602,6.5733,306.6333333331057,31,1,40,True,True,True,peak_impact_magnitude_within_3s_after_fall_onset,True,ok,repository_peak_impact_magnitude_within_3s_after_fall_onset_v2,>=30 actual samples on corrected 100Hz grid and >=1 complete 30-sample window,100,30,15,300,50,
P038,21,/mnt/hdd16T/ToqeerHomeBackup/mujoco_project/outputs/_highrate_overnight/campaign_highrate_truth_v4_expanded42_new20/runs/P038/task_21/scenario21_age27_h1p57_sex_female_w54p0_20260926_082749,/mnt/hdd16T/ToqeerHomeBackup/mujoco_project/outputs/_highrate_overnight/campaign_highrate_truth_v4_expanded42_new20/runs/P038/task_21/scenario21_age27_h1p57_sex_female_w54p0_20260926_082749/fall_scenario21_age27_20260926_082749_highrate_truth.csv,5.43333333333343,5.733333333333477,5.9633,529.9666666665698,53,2,35,True,True,True,peak_impact_magnitude_within_3s_after_fall_onset,True,ok,repository_peak_impact_magnitude_within_3s_after_fall_onset_v2,>=30 actual samples on corrected 100Hz grid and >=1 complete 30-sample window,100,30,15,300,50,
P038,22,/mnt/hdd16T/ToqeerHomeBackup/mujoco_project/outputs/_highrate_overnight/campaign_highrate_truth_v4_expanded42_new20/runs/P038/task_22/scenario22_age27_h1p57_sex_female_w54p0_20260926_082825,/mnt/hdd16T/ToqeerHomeBackup/mujoco_project/outputs/_highrate_overnight/campaign_highrate_truth_v4_expanded42_new20/runs/P038/task_22/scenario22_age27_h1p57_sex_female_w54p0_20260926_082825/fall_scenario22_age27_20260926_082825_highrate_truth.csv,5.43333333333343,5.8666666666668315,5.9333,499.9666666665696,50,2,35,True,True,True,peak_impact_magnitude_within_3s_after_fall_onset,True,ok,repository_peak_impact_magnitude_within_3s_after_fall_onset_v2,>=30 actual samples on corrected 100Hz grid and >=1 complete 30-sample window,100,30,15,300,50,
P038,23,/mnt/hdd16T/ToqeerHomeBackup/mujoco_project/outputs/_highrate_overnight/campaign_highrate_truth_v4_expanded42_new20/runs/P038/task_23/scenario23_age27_h1p57_sex_female_w54p0_20260926_082900,/mnt/hdd16T/ToqeerHomeBackup/mujoco_project/outputs/_highrate_overnight/campaign_highrate_truth_v4_expanded42_new20/runs/P038/task_23/scenario23_age27_h1p57_sex_female_w54p0_20260926_082900/fall_scenario23_age27_20260926_082900_highrate_truth.csv,6.3000000000002325,6.766666666666972,6.5333,233.29999999976712,24,0,41,True,True,False,peak_impact_magnitude_within_3s_after_fall_onset,True,ok,repository_peak_impact_magnitude_within_3s_after_fall_onset_v2,>=30 actual samples on corrected 100Hz grid and >=1 complete 30-sample window,100,30,15,300,50,recovered_interval_shorter_than_30_samples
P038,24,/mnt/hdd16T/ToqeerHomeBackup/mujoco_project/outputs/_highrate_overnight/campaign_highrate_truth_v4_expanded42_new20/runs/P038/task_24/scenario24_age27_h1p57_sex_female_w54p0_20260926_083003,/mnt/hdd16T/ToqeerHomeBackup/mujoco_project/outputs/_highrate_overnight/campaign_highrate_truth_v4_expanded42_new20/runs/P038/task_24/scenario24_age27_h1p57_sex_female_w54p0_20260926_083003/fall_scenario24_age27_20260926_083003_highrate_truth.csv,5.5000000000001075,5.5000000000001075,5.7633,263.29999999989263,27,0,35,True,True,False,peak_impact_magnitude_within_3s_after_fall_onset,True,ok,repository_peak_impact_magnitude_within_3s_after_fall_onset_v2,>=30 actual samples on corrected 100Hz grid and >=1 complete 30-sample window,100,30,15,300,50,recovered_interval_shorter_than_30_samples
P038,28,/mnt/hdd16T/ToqeerHomeBackup/mujoco_project/outputs/_highrate_overnight/campaign_highrate_truth_v4_expanded42_new20/runs/P038/task_28/scenario28_age27_h1p57_sex_female_w54p0_20260926_083038,/mnt/hdd16T/ToqeerHomeBackup/mujoco_project/outputs/_highrate_overnight/campaign_highrate_truth_v4_expanded42_new20/runs/P038/task_28/scenario28_age27_h1p57_sex_female_w54p0_20260926_083038/fall_scenario28_age27_20260926_083038_highrate_truth.csv,16.800000000001873,17.13333333333526,17.3333,533.2999999981282,54,2,111,True,True,True,peak_impact_magnitude_within_3s_after_fall_onset,True,ok,repository_peak_impact_magnitude_within_3s_after_fall_onset_v2,>=30 actual samples on corrected 100Hz grid and >=1 complete 30-sample window,100,30,15,300,50,
P038,29,/mnt/hdd16T/ToqeerHomeBackup/mujoco_project/outputs/_highrate_overnight/campaign_highrate_truth_v4_expanded42_new20/runs/P038/task_29/scenario29_age27_h1p57_sex_female_w54p0_20260926_083306,/mnt/hdd16T/ToqeerHomeBackup/mujoco_project/outputs/_highrate_overnight/campaign_highrate_truth_v4_expanded42_new20/runs/P038/task_29/scenario29_age27_h1p57_sex_female_w54p0_20260926_083306/fall_scenario29_age27_20260926_083306_highrate_truth.csv,17.53333333333532,17.666666666668675,17.7933,259.96666666467763,26,0,115,True,True,False,peak_impact_magnitude_within_3s_after_fall_onset,True,ok,repository_peak_impact_magnitude_within_3s_after_fall_onset_v2,>=30 actual samples on corrected 100Hz grid and >=1 complete 30-sample window,100,30,15,300,50,recovered_interval_shorter_than_30_samples
P038,30,/mnt/hdd16T/ToqeerHomeBackup/mujoco_project/outputs/_highrate_overnight/campaign_highrate_truth_v4_expanded42_new20/runs/P038/task_30/scenario30_age27_h1p57_sex_female_w54p0_20260926_083533,/mnt/hdd16T/ToqeerHomeBackup/mujoco_project/outputs/_highrate_overnight/campaign_highrate_truth_v4_expanded42_new20/runs/P038/task_30/scenario30_age27_h1p57_sex_female_w54p0_20260926_083533/fall_scenario30_age27_20260926_083533_highrate_truth.csv,16.766666666668534,18.633333333335493,16.8333,66.63333333146682,7,0,110,True,True,False,peak_impact_magnitude_within_3s_after_fall_onset,True,ok,repository_peak_impact_magnitude_within_3s_after_fall_onset_v2,>=30 actual samples on corrected 100Hz grid and >=1 complete 30-sample window,100,30,15,300,50,recovered_interval_shorter_than_30_samples
P038,31,/mnt/hdd16T/ToqeerHomeBackup/mujoco_project/outputs/_highrate_overnight/campaign_highrate_truth_v4_expanded42_new20/runs/P038/task_31/scenario31_age27_h1p57_sex_female_w54p0_20260926_083800,/mnt/hdd16T/ToqeerHomeBackup/mujoco_project/outputs/_highrate_overnight/campaign_highrate_truth_v4_expanded42_new20/runs/P038/task_31/scenario31_age27_h1p57_sex_female_w54p0_20260926_083800/fall_scenario31_age27_20260926_083800_highrate_truth.csv,16.733333333335196,18.23333333333543,16.8333,99.96666666480536,10,0,110,True,True,False,peak_impact_magnitude_within_3s_after_fall_onset,True,ok,repository_peak_impact_magnitude_within_3s_after_fall_onset_v2,>=30 actual samples on corrected 100Hz grid and >=1 complete 30-sample window,100,30,15,300,50,recovered_interval_shorter_than_30_samples
P038,32,/mnt/hdd16T/ToqeerHomeBackup/mujoco_project/outputs/_highrate_overnight/campaign_highrate_truth_v4_expanded42_new20/runs/P038/task_32/scenario32_age27_h1p57_sex_female_w54p0_20260926_084043,/mnt/hdd16T/ToqeerHomeBackup/mujoco_project/outputs/_highrate_overnight/campaign_highrate_truth_v4_expanded42_new20/runs/P038/task_32/scenario32_age27_h1p57_sex_female_w54p0_20260926_084043/fall_scenario32_age27_20260926_084043_highrate_truth.csv,17.53333333333532,17.733333333335352,17.7733,239.96666666467803,24,0,115,True,True,False,peak_impact_magnitude_within_3s_after_fall_onset,True,ok,repository_peak_impact_magnitude_within_3s_after_fall_onset_v2,>=30 actual samples on corrected 100Hz grid and >=1 complete 30-sample window,100,30,15,300,50,recovered_interval_shorter_than_30_samples
P038,33,/mnt/hdd16T/ToqeerHomeBackup/mujoco_project/outputs/_highrate_overnight/campaign_highrate_truth_v4_expanded42_new20/runs/P038/task_33/scenario33_age27_h1p57_sex_female_w54p0_20260926_084313,/mnt/hdd16T/ToqeerHomeBackup/mujoco_project/outputs/_highrate_overnight/campaign_highrate_truth_v4_expanded42_new20/runs/P038/task_33/scenario33_age27_h1p57_sex_female_w54p0_20260926_084313/fall_scenario33_age27_20260926_084313_highrate_truth.csv,17.600000000001998,17.866666666668706,17.8933,293.2999999980019,30,1,116,True,True,True,peak_impact_magnitude_within_3s_after_fall_onset,True,ok,repository_peak_impact_magnitude_within_3s_after_fall_onset_v2,>=30 actual samples on corrected 100Hz grid and >=1 complete 30-sample window,100,30,15,300,50,
P038,34,/mnt/hdd16T/ToqeerHomeBackup/mujoco_project/outputs/_highrate_overnight/campaign_highrate_truth_v4_expanded42_new20/runs/P038/task_34/scenario34_age27_h1p57_sex_female_w54p0_20260926_084541,/mnt/hdd16T/ToqeerHomeBackup/mujoco_project/outputs/_highrate_overnight/campaign_highrate_truth_v4_expanded42_new20/runs/P038/task_34/scenario34_age27_h1p57_sex_female_w54p0_20260926_084541/fall_scenario34_age27_20260926_084541_highrate_truth.csv,17.666666666668675,18.00000000000206,20.1033,2436.6333333313255,244,15,116,True,True,True,peak_impact_magnitude_within_3s_after_fall_onset,True,ok,repository_peak_impact_magnitude_within_3s_after_fall_onset_v2,>=30 actual samples on corrected 100Hz grid and >=1 complete 30-sample window,100,30,15,300,50,
P038,37,/mnt/hdd16T/ToqeerHomeBackup/mujoco_project/outputs/_highrate_overnight/campaign_highrate_truth_v4_expanded42_new20/runs/P038/task_37/scenario37_age27_h1p57_sex_female_w54p0_20260926_084809,/mnt/hdd16T/ToqeerHomeBackup/mujoco_project/outputs/_highrate_overnight/campaign_highrate_truth_v4_expanded42_new20/runs/P038/task_37/scenario37_age27_h1p57_sex_female_w54p0_20260926_084809/fall_scenario37_age27_20260926_084809_highrate_truth.csv,17.666666666668675,18.0333333333354,18.0033,336.63333333132425,34,1,116,True,True,True,peak_impact_magnitude_within_3s_after_fall_onset,True,ok,repository_peak_impact_magnitude_within_3s_after_fall_onset_v2,>=30 actual samples on corrected 100Hz grid and >=1 complete 30-sample window,100,30,15,300,50,
P038,38,/mnt/hdd16T/ToqeerHomeBackup/mujoco_project/outputs/_highrate_overnight/campaign_highrate_truth_v4_expanded42_new20/runs/P038/task_38/scenario38_age27_h1p57_sex_female_w54p0_20260926_085037,/mnt/hdd16T/ToqeerHomeBackup/mujoco_project/outputs/_highrate_overnight/campaign_highrate_truth_v4_expanded42_new20/runs/P038/task_38/scenario38_age27_h1p57_sex_female_w54p0_20260926_085037/fall_scenario38_age27_20260926_085037_highrate_truth.csv,17.600000000001998,17.866666666668706,18.4333,833.2999999980011,84,4,116,True,True,True,peak_impact_magnitude_within_3s_after_fall_onset,True,ok,repository_peak_impact_magnitude_within_3s_after_fall_onset_v2,>=30 actual samples on corrected 100Hz grid and >=1 complete 30-sample window,100,30,15,300,50,
P038,39,/mnt/hdd16T/ToqeerHomeBackup/mujoco_project/outputs/_highrate_overnight/campaign_highrate_truth_v4_expanded42_new20/runs/P038/task_39/scenario39_age27_h1p57_sex_female_w54p0_20260926_085305,/mnt/hdd16T/ToqeerHomeBackup/mujoco_project/outputs/_highrate_overnight/campaign_highrate_truth_v4_expanded42_new20/runs/P038/task_39/scenario39_age27_h1p57_sex_female_w54p0_20260926_085305/fall_scenario39_age27_20260926_085305_highrate_truth.csv,5.8666666666668315,6.13333333333354,6.1733,306.63333333316876,31,1,38,True,True,True,peak_impact_magnitude_within_3s_after_fall_onset,True,ok,repository_peak_impact_magnitude_within_3s_after_fall_onset_v2,>=30 actual samples on corrected 100Hz grid and >=1 complete 30-sample window,100,30,15,300,50,
P038,40,/mnt/hdd16T/ToqeerHomeBackup/mujoco_project/outputs/_highrate_overnight/campaign_highrate_truth_v4_expanded42_new20/runs/P038/task_40/scenario40_age27_h1p57_sex_female_w54p0_20260926_085340,/mnt/hdd16T/ToqeerHomeBackup/mujoco_project/outputs/_highrate_overnight/campaign_highrate_truth_v4_expanded42_new20/runs/P038/task_40/scenario40_age27_h1p57_sex_female_w54p0_20260926_085340/fall_scenario40_age27_20260926_085340_highrate_truth.csv,5.8666666666668315,6.633333333333618,6.1033,236.63333333316848,24,0,38,True,True,False,peak_impact_magnitude_within_3s_after_fall_onset,True,ok,repository_peak_impact_magnitude_within_3s_after_fall_onset_v2,>=30 actual samples on corrected 100Hz grid and >=1 complete 30-sample window,100,30,15,300,50,recovered_interval_shorter_than_30_samples
P038,41,/mnt/hdd16T/ToqeerHomeBackup/mujoco_project/outputs/_highrate_overnight/campaign_highrate_truth_v4_expanded42_new20/runs/P038/task_41/scenario41_age27_h1p57_sex_female_w54p0_20260926_085416,/mnt/hdd16T/ToqeerHomeBackup/mujoco_project/outputs/_highrate_overnight/campaign_highrate_truth_v4_expanded42_new20/runs/P038/task_41/scenario41_age27_h1p57_sex_female_w54p0_20260926_085416/fall_scenario41_age27_20260926_085416_highrate_truth.csv,5.600000000000123,6.333333333333571,6.3333,733.2999999998773,74,3,36,True,True,True,peak_impact_magnitude_within_3s_after_fall_onset,True,ok,repository_peak_impact_magnitude_within_3s_after_fall_onset_v2,>=30 actual samples on corrected 100Hz grid and >=1 complete 30-sample window,100,30,15,300,50,
P038,42,/mnt/hdd16T/ToqeerHomeBackup/mujoco_project/outputs/_highrate_overnight/campaign_highrate_truth_v4_expanded42_new20/runs/P038/task_42/scenario42_age27_h1p57_sex_female_w54p0_20260926_085452,/mnt/hdd16T/ToqeerHomeBackup/mujoco_project/outputs/_highrate_overnight/campaign_highrate_truth_v4_expanded42_new20/runs/P038/task_42/scenario42_age27_h1p57_sex_female_w54p0_20260926_085452/fall_scenario42_age27_20260926_085452_highrate_truth.csv,5.8666666666668315,6.266666666666894,6.1633,296.6333333331681,30,1,38,True,True,True,peak_impact_magnitude_within_3s_after_fall_onset,True,ok,repository_peak_impact_magnitude_within_3s_after_fall_onset_v2,>=30 actual samples on corrected 100Hz grid and >=1 complete 30-sample window,100,30,15,300,50,
P039,20,/mnt/hdd16T/ToqeerHomeBackup/mujoco_project/outputs/_highrate_overnight/campaign_highrate_truth_v4_expanded42_new20/runs/P039/task_20/scenario20_age29_h1p76_sex_male_w84p0_20260926_085528,/mnt/hdd16T/ToqeerHomeBackup/mujoco_project/outputs/_highrate_overnight/campaign_highrate_truth_v4_expanded42_new20/runs/P039/task_20/scenario20_age29_h1p76_sex_male_w84p0_20260926_085528/fall_scenario20_age29_20260926_085528_highrate_truth.csv,6.36666666666691,6.566666666666941,6.8033,436.6333333330905,44,1,41,True,True,True,peak_impact_magnitude_within_3s_after_fall_onset,True,ok,repository_peak_impact_magnitude_within_3s_after_fall_onset_v2,>=30 actual samples on corrected 100Hz grid and >=1 complete 30-sample window,100,30,15,300,50,
P039,21,/mnt/hdd16T/ToqeerHomeBackup/mujoco_project/outputs/_highrate_overnight/campaign_highrate_truth_v4_expanded42_new20/runs/P039/task_21/scenario21_age29_h1p76_sex_male_w84p0_20260926_085631,/mnt/hdd16T/ToqeerHomeBackup/mujoco_project/outputs/_highrate_overnight/campaign_highrate_truth_v4_expanded42_new20/runs/P039/task_21/scenario21_age29_h1p76_sex_male_w84p0_20260926_085631/fall_scenario21_age29_20260926_085631_highrate_truth.csv,5.5000000000001075,5.733333333333477,7.5033,2003.2999999998929,201,12,35,True,True,True,peak_impact_magnitude_within_3s_after_fall_onset,True,ok,repository_peak_impact_magnitude_within_3s_after_fall_onset_v2,>=30 actual samples on corrected 100Hz grid and >=1 complete 30-sample window,100,30,15,300,50,
P039,22,/mnt/hdd16T/ToqeerHomeBackup/mujoco_project/outputs/_highrate_overnight/campaign_highrate_truth_v4_expanded42_new20/runs/P039/task_22/scenario22_age29_h1p76_sex_male_w84p0_20260926_085707,/mnt/hdd16T/ToqeerHomeBackup/mujoco_project/outputs/_highrate_overnight/campaign_highrate_truth_v4_expanded42_new20/runs/P039/task_22/scenario22_age29_h1p76_sex_male_w84p0_20260926_085707/fall_scenario22_age29_20260926_085707_highrate_truth.csv,5.5000000000001075,5.733333333333477,7.5633,2063.2999999998924,207,12,35,True,True,True,peak_impact_magnitude_within_3s_after_fall_onset,True,ok,repository_peak_impact_magnitude_within_3s_after_fall_onset_v2,>=30 actual samples on corrected 100Hz grid and >=1 complete 30-sample window,100,30,15,300,50,
P039,23,/mnt/hdd16T/ToqeerHomeBackup/mujoco_project/outputs/_highrate_overnight/campaign_highrate_truth_v4_expanded42_new20/runs/P039/task_23/scenario23_age29_h1p76_sex_male_w84p0_20260926_085742,/mnt/hdd16T/ToqeerHomeBackup/mujoco_project/outputs/_highrate_overnight/campaign_highrate_truth_v4_expanded42_new20/runs/P039/task_23/scenario23_age29_h1p76_sex_male_w84p0_20260926_085742/fall_scenario23_age29_20260926_085742_highrate_truth.csv,6.233333333333555,6.500000000000264,6.3333,99.96666666644494,10,0,40,True,True,False,peak_impact_magnitude_within_3s_after_fall_onset,True,ok,repository_peak_impact_magnitude_within_3s_after_fall_onset_v2,>=30 actual samples on corrected 100Hz grid and >=1 complete 30-sample window,100,30,15,300,50,recovered_interval_shorter_than_30_samples
P039,24,/mnt/hdd16T/ToqeerHomeBackup/mujoco_project/outputs/_highrate_overnight/campaign_highrate_truth_v4_expanded42_new20/runs/P039/task_24/scenario24_age29_h1p76_sex_male_w84p0_20260926_085845,/mnt/hdd16T/ToqeerHomeBackup/mujoco_project/outputs/_highrate_overnight/campaign_highrate_truth_v4_expanded42_new20/runs/P039/task_24/scenario24_age29_h1p76_sex_male_w84p0_20260926_085845/fall_scenario24_age29_20260926_085845_highrate_truth.csv,5.5000000000001075,5.5000000000001075,7.5333,2033.2999999998922,204,12,35,True,True,True,peak_impact_magnitude_within_3s_after_fall_onset,True,ok,repository_peak_impact_magnitude_within_3s_after_fall_onset_v2,>=30 actual samples on corrected 100Hz grid and >=1 complete 30-sample window,100,30,15,300,50,
P039,28,/mnt/hdd16T/ToqeerHomeBackup/mujoco_project/outputs/_highrate_overnight/campaign_highrate_truth_v4_expanded42_new20/runs/P039/task_28/scenario28_age29_h1p76_sex_male_w84p0_20260926_085920,/mnt/hdd16T/ToqeerHomeBackup/mujoco_project/outputs/_highrate_overnight/campaign_highrate_truth_v4_expanded42_new20/runs/P039/task_28/scenario28_age29_h1p76_sex_male_w84p0_20260926_085920/fall_scenario28_age29_20260926_085920_highrate_truth.csv,6.400000000000248,6.966666666667003,6.8333,433.29999999975223,44,1,41,True,True,True,peak_impact_magnitude_within_3s_after_fall_onset,True,ok,repository_peak_impact_magnitude_within_3s_after_fall_onset_v2,>=30 actual samples on corrected 100Hz grid and >=1 complete 30-sample window,100,30,15,300,50,
P039,29,/mnt/hdd16T/ToqeerHomeBackup/mujoco_project/outputs/_highrate_overnight/campaign_highrate_truth_v4_expanded42_new20/runs/P039/task_29/scenario29_age29_h1p76_sex_male_w84p0_20260926_090149,/mnt/hdd16T/ToqeerHomeBackup/mujoco_project/outputs/_highrate_overnight/campaign_highrate_truth_v4_expanded42_new20/runs/P039/task_29/scenario29_age29_h1p76_sex_male_w84p0_20260926_090149/fall_scenario29_age29_20260926_090149_highrate_truth.csv,6.733333333333634,7.700000000000451,7.5333,799.9666666663661,80,4,43,True,True,True,peak_impact_magnitude_within_3s_after_fall_onset,True,ok,repository_peak_impact_magnitude_within_3s_after_fall_onset_v2,>=30 actual samples on corrected 100Hz grid and >=1 complete 30-sample window,100,30,15,300,50,
P039,30,/mnt/hdd16T/ToqeerHomeBackup/mujoco_project/outputs/_highrate_overnight/campaign_highrate_truth_v4_expanded42_new20/runs/P039/task_30/scenario30_age29_h1p76_sex_male_w84p0_20260926_090418,/mnt/hdd16T/ToqeerHomeBackup/mujoco_project/outputs/_highrate_overnight/campaign_highrate_truth_v4_expanded42_new20/runs/P039/task_30/scenario30_age29_h1p76_sex_male_w84p0_20260926_090418/fall_scenario30_age29_20260926_090418_highrate_truth.csv,6.466666666666925,7.900000000000483,6.5333,66.63333333307442,7,0,42,True,True,False,peak_impact_magnitude_within_3s_after_fall_onset,True,ok,repository_peak_impact_magnitude_within_3s_after_fall_onset_v2,>=30 actual samples on corrected 100Hz grid and >=1 complete 30-sample window,100,30,15,300,50,recovered_interval_shorter_than_30_samples
P039,31,/mnt/hdd16T/ToqeerHomeBackup/mujoco_project/outputs/_highrate_overnight/campaign_highrate_truth_v4_expanded42_new20/runs/P039/task_31/scenario31_age29_h1p76_sex_male_w84p0_20260926_090646,/mnt/hdd16T/ToqeerHomeBackup/mujoco_project/outputs/_highrate_overnight/campaign_highrate_truth_v4_expanded42_new20/runs/P039/task_31/scenario31_age29_h1p76_sex_male_w84p0_20260926_090646/fall_scenario31_age29_20260926_090646_highrate_truth.csv,6.466666666666925,6.466666666666925,6.6333,166.63333333307494,17,0,42,True,True,False,peak_impact_magnitude_within_3s_after_fall_onset,True,ok,repository_peak_impact_magnitude_within_3s_after_fall_onset_v2,>=30 actual samples on corrected 100Hz grid and >=1 complete 30-sample window,100,30,15,300,50,recovered_interval_shorter_than_30_samples
P039,32,/mnt/hdd16T/ToqeerHomeBackup/mujoco_project/outputs/_highrate_overnight/campaign_highrate_truth_v4_expanded42_new20/runs/P039/task_32/scenario32_age29_h1p76_sex_male_w84p0_20260926_090915,/mnt/hdd16T/ToqeerHomeBackup/mujoco_project/outputs/_highrate_overnight/campaign_highrate_truth_v4_expanded42_new20/runs/P039/task_32/scenario32_age29_h1p76_sex_male_w84p0_20260926_090915/fall_scenario32_age29_20260926_090915_highrate_truth.csv,7.300000000000389,7.566666666667097,7.7333,433.299999999611,44,1,47,True,True,True,peak_impact_magnitude_within_3s_after_fall_onset,True,ok,repository_peak_impact_magnitude_within_3s_after_fall_onset_v2,>=30 actual samples on corrected 100Hz grid and >=1 complete 30-sample window,100,30,15,300,50,
P039,33,/mnt/hdd16T/ToqeerHomeBackup/mujoco_project/outputs/_highrate_overnight/campaign_highrate_truth_v4_expanded42_new20/runs/P039/task_33/scenario33_age29_h1p76_sex_male_w84p0_20260926_091143,/mnt/hdd16T/ToqeerHomeBackup/mujoco_project/outputs/_highrate_overnight/campaign_highrate_truth_v4_expanded42_new20/runs/P039/task_33/scenario33_age29_h1p76_sex_male_w84p0_20260926_091143/fall_scenario33_age29_20260926_091143_highrate_truth.csv,7.200000000000373,7.700000000000451,7.2033,3.2999999996263796,1,0,47,True,True,False,peak_impact_magnitude_within_3s_after_fall_onset,True,ok,repository_peak_impact_magnitude_within_3s_after_fall_onset_v2,>=30 actual samples on corrected 100Hz grid and >=1 complete 30-sample window,100,30,15,300,50,recovered_interval_shorter_than_30_samples
P039,34,/mnt/hdd16T/ToqeerHomeBackup/mujoco_project/outputs/_highrate_overnight/campaign_highrate_truth_v4_expanded42_new20/runs/P039/task_34/scenario34_age29_h1p76_sex_male_w84p0_20260926_091412,/mnt/hdd16T/ToqeerHomeBackup/mujoco_project/outputs/_highrate_overnight/campaign_highrate_truth_v4_expanded42_new20/runs/P039/task_34/scenario34_age29_h1p76_sex_male_w84p0_20260926_091412/fall_scenario34_age29_20260926_091412_highrate_truth.csv,7.26666666666705,7.50000000000042,8.3333,1066.6333333329492,107,6,47,True,True,True,peak_impact_magnitude_within_3s_after_fall_onset,True,ok,repository_peak_impact_magnitude_within_3s_after_fall_onset_v2,>=30 actual samples on corrected 100Hz grid and >=1 complete 30-sample window,100,30,15,300,50,
P039,37,/mnt/hdd16T/ToqeerHomeBackup/mujoco_project/outputs/_highrate_overnight/campaign_highrate_truth_v4_expanded42_new20/runs/P039/task_37/scenario37_age29_h1p76_sex_male_w84p0_20260926_091642,/mnt/hdd16T/ToqeerHomeBackup/mujoco_project/outputs/_highrate_overnight/campaign_highrate_truth_v4_expanded42_new20/runs/P039/task_37/scenario37_age29_h1p76_sex_male_w84p0_20260926_091642/fall_scenario37_age29_20260926_091642_highrate_truth.csv,17.400000000001967,18.300000000002107,18.3633,963.299999998032,97,5,115,True,True,True,peak_impact_magnitude_within_3s_after_fall_onset,True,ok,repository_peak_impact_magnitude_within_3s_after_fall_onset_v2,>=30 actual samples on corrected 100Hz grid and >=1 complete 30-sample window,100,30,15,300,50,
P039,38,/mnt/hdd16T/ToqeerHomeBackup/mujoco_project/outputs/_highrate_overnight/campaign_highrate_truth_v4_expanded42_new20/runs/P039/task_38/scenario38_age29_h1p76_sex_male_w84p0_20260926_091909,/mnt/hdd16T/ToqeerHomeBackup/mujoco_project/outputs/_highrate_overnight/campaign_highrate_truth_v4_expanded42_new20/runs/P039/task_38/scenario38_age29_h1p76_sex_male_w84p0_20260926_091909/fall_scenario38_age29_20260926_091909_highrate_truth.csv,17.400000000001967,17.76666666666869,19.1633,1763.2999999980327,177,10,115,True,True,True,peak_impact_magnitude_within_3s_after_fall_onset,True,ok,repository_peak_impact_magnitude_within_3s_after_fall_onset_v2,>=30 actual samples on corrected 100Hz grid and >=1 complete 30-sample window,100,30,15,300,50,
P039,39,/mnt/hdd16T/ToqeerHomeBackup/mujoco_project/outputs/_highrate_overnight/campaign_highrate_truth_v4_expanded42_new20/runs/P039/task_39/scenario39_age29_h1p76_sex_male_w84p0_20260926_092141,/mnt/hdd16T/ToqeerHomeBackup/mujoco_project/outputs/_highrate_overnight/campaign_highrate_truth_v4_expanded42_new20/runs/P039/task_39/scenario39_age29_h1p76_sex_male_w84p0_20260926_092141/fall_scenario39_age29_20260926_092141_highrate_truth.csv,5.5000000000001075,6.200000000000217,6.4033,903.2999999998923,91,5,35,True,True,True,peak_impact_magnitude_within_3s_after_fall_onset,True,ok,repository_peak_impact_magnitude_within_3s_after_fall_onset_v2,>=30 actual samples on corrected 100Hz grid and >=1 complete 30-sample window,100,30,15,300,50,
P039,40,/mnt/hdd16T/ToqeerHomeBackup/mujoco_project/outputs/_highrate_overnight/campaign_highrate_truth_v4_expanded42_new20/runs/P039/task_40/scenario40_age29_h1p76_sex_male_w84p0_20260926_092217,/mnt/hdd16T/ToqeerHomeBackup/mujoco_project/outputs/_highrate_overnight/campaign_highrate_truth_v4_expanded42_new20/runs/P039/task_40/scenario40_age29_h1p76_sex_male_w84p0_20260926_092217/fall_scenario40_age29_20260926_092217_highrate_truth.csv,5.833333333333493,6.033333333333524,6.2033,369.9666666665067,37,1,37,True,True,True,peak_impact_magnitude_within_3s_after_fall_onset,True,ok,repository_peak_impact_magnitude_within_3s_after_fall_onset_v2,>=30 actual samples on corrected 100Hz grid and >=1 complete 30-sample window,100,30,15,300,50,
P039,41,/mnt/hdd16T/ToqeerHomeBackup/mujoco_project/outputs/_highrate_overnight/campaign_highrate_truth_v4_expanded42_new20/runs/P039/task_41/scenario41_age29_h1p76_sex_male_w84p0_20260926_092252,/mnt/hdd16T/ToqeerHomeBackup/mujoco_project/outputs/_highrate_overnight/campaign_highrate_truth_v4_expanded42_new20/runs/P039/task_41/scenario41_age29_h1p76_sex_male_w84p0_20260926_092252/fall_scenario41_age29_20260926_092252_highrate_truth.csv,5.466666666666769,7.066666666667019,6.4633,996.6333333332313,100,5,35,True,True,True,peak_impact_magnitude_within_3s_after_fall_onset,True,ok,repository_peak_impact_magnitude_within_3s_after_fall_onset_v2,>=30 actual samples on corrected 100Hz grid and >=1 complete 30-sample window,100,30,15,300,50,
P039,42,/mnt/hdd16T/ToqeerHomeBackup/mujoco_project/outputs/_highrate_overnight/campaign_highrate_truth_v4_expanded42_new20/runs/P039/task_42/scenario42_age29_h1p76_sex_male_w84p0_20260926_092330,/mnt/hdd16T/ToqeerHomeBackup/mujoco_project/outputs/_highrate_overnight/campaign_highrate_truth_v4_expanded42_new20/runs/P039/task_42/scenario42_age29_h1p76_sex_male_w84p0_20260926_092330/fall_scenario42_age29_20260926_092330_highrate_truth.csv,5.733333333333477,6.800000000000311,6.3633,629.9666666665224,63,3,37,True,True,True,peak_impact_magnitude_within_3s_after_fall_onset,True,ok,repository_peak_impact_magnitude_within_3s_after_fall_onset_v2,>=30 actual samples on corrected 100Hz grid and >=1 complete 30-sample window,100,30,15,300,50,
P040,20,/mnt/hdd16T/ToqeerHomeBackup/mujoco_project/outputs/_highrate_overnight/campaign_highrate_truth_v4_expanded42_new20/runs/P040/task_20/scenario20_age31_h1p91_sex_male_w89p0_20260926_092407,/mnt/hdd16T/ToqeerHomeBackup/mujoco_project/outputs/_highrate_overnight/campaign_highrate_truth_v4_expanded42_new20/runs/P040/task_20/scenario20_age31_h1p91_sex_male_w89p0_20260926_092407/fall_scenario20_age31_20260926_092407_highrate_truth.csv,6.000000000000186,6.800000000000311,6.8033,803.2999999998145,81,4,39,True,True,True,peak_impact_magnitude_within_3s_after_fall_onset,True,ok,repository_peak_impact_magnitude_within_3s_after_fall_onset_v2,>=30 actual samples on corrected 100Hz grid and >=1 complete 30-sample window,100,30,15,300,50,
P040,21,/mnt/hdd16T/ToqeerHomeBackup/mujoco_project/outputs/_highrate_overnight/campaign_highrate_truth_v4_expanded42_new20/runs/P040/task_21/scenario21_age31_h1p91_sex_male_w89p0_20260926_092510,/mnt/hdd16T/ToqeerHomeBackup/mujoco_project/outputs/_highrate_overnight/campaign_highrate_truth_v4_expanded42_new20/runs/P040/task_21/scenario21_age31_h1p91_sex_male_w89p0_20260926_092510/fall_scenario21_age31_20260926_092510_highrate_truth.csv,5.5000000000001075,5.5000000000001075,5.7333,233.29999999989238,24,0,35,True,True,False,peak_impact_magnitude_within_3s_after_fall_onset,True,ok,repository_peak_impact_magnitude_within_3s_after_fall_onset_v2,>=30 actual samples on corrected 100Hz grid and >=1 complete 30-sample window,100,30,15,300,50,recovered_interval_shorter_than_30_samples
P040,22,/mnt/hdd16T/ToqeerHomeBackup/mujoco_project/outputs/_highrate_overnight/campaign_highrate_truth_v4_expanded42_new20/runs/P040/task_22/scenario22_age31_h1p91_sex_male_w89p0_20260926_092546,/mnt/hdd16T/ToqeerHomeBackup/mujoco_project/outputs/_highrate_overnight/campaign_highrate_truth_v4_expanded42_new20/runs/P040/task_22/scenario22_age31_h1p91_sex_male_w89p0_20260926_092546/fall_scenario22_age31_20260926_092546_highrate_truth.csv,5.5000000000001075,5.5000000000001075,5.7333,233.29999999989238,24,0,35,True,True,False,peak_impact_magnitude_within_3s_after_fall_onset,True,ok,repository_peak_impact_magnitude_within_3s_after_fall_onset_v2,>=30 actual samples on corrected 100Hz grid and >=1 complete 30-sample window,100,30,15,300,50,recovered_interval_shorter_than_30_samples
P040,23,/mnt/hdd16T/ToqeerHomeBackup/mujoco_project/outputs/_highrate_overnight/campaign_highrate_truth_v4_expanded42_new20/runs/P040/task_23/scenario23_age31_h1p91_sex_male_w89p0_20260926_092621,/mnt/hdd16T/ToqeerHomeBackup/mujoco_project/outputs/_highrate_overnight/campaign_highrate_truth_v4_expanded42_new20/runs/P040/task_23/scenario23_age31_h1p91_sex_male_w89p0_20260926_092621/fall_scenario23_age31_20260926_092621_highrate_truth.csv,6.13333333333354,6.533333333333602,7.0633,929.9666666664601,93,5,39,True,True,True,peak_impact_magnitude_within_3s_after_fall_onset,True,ok,repository_peak_impact_magnitude_within_3s_after_fall_onset_v2,>=30 actual samples on corrected 100Hz grid and >=1 complete 30-sample window,100,30,15,300,50,
P040,24,/mnt/hdd16T/ToqeerHomeBackup/mujoco_project/outputs/_highrate_overnight/campaign_highrate_truth_v4_expanded42_new20/runs/P040/task_24/scenario24_age31_h1p91_sex_male_w89p0_20260926_092724,/mnt/hdd16T/ToqeerHomeBackup/mujoco_project/outputs/_highrate_overnight/campaign_highrate_truth_v4_expanded42_new20/runs/P040/task_24/scenario24_age31_h1p91_sex_male_w89p0_20260926_092724/fall_scenario24_age31_20260926_092724_highrate_truth.csv,5.5000000000001075,5.5000000000001075,7.4733,1973.2999999998926,198,12,35,True,True,True,peak_impact_magnitude_within_3s_after_fall_onset,True,ok,repository_peak_impact_magnitude_within_3s_after_fall_onset_v2,>=30 actual samples on corrected 100Hz grid and >=1 complete 30-sample window,100,30,15,300,50,
P040,28,/mnt/hdd16T/ToqeerHomeBackup/mujoco_project/outputs/_highrate_overnight/campaign_highrate_truth_v4_expanded42_new20/runs/P040/task_28/scenario28_age31_h1p91_sex_male_w89p0_20260926_092800,/mnt/hdd16T/ToqeerHomeBackup/mujoco_project/outputs/_highrate_overnight/campaign_highrate_truth_v4_expanded42_new20/runs/P040/task_28/scenario28_age31_h1p91_sex_male_w89p0_20260926_092800/fall_scenario28_age31_20260926_092800_highrate_truth.csv,8.366666666667221,8.8666666666673,8.6733,306.63333333277797,31,1,54,True,True,True,peak_impact_magnitude_within_3s_after_fall_onset,True,ok,repository_peak_impact_magnitude_within_3s_after_fall_onset_v2,>=30 actual samples on corrected 100Hz grid and >=1 complete 30-sample window,100,30,15,300,50,
P040,29,/mnt/hdd16T/ToqeerHomeBackup/mujoco_project/outputs/_highrate_overnight/campaign_highrate_truth_v4_expanded42_new20/runs/P040/task_29/scenario29_age31_h1p91_sex_male_w89p0_20260926_093028,/mnt/hdd16T/ToqeerHomeBackup/mujoco_project/outputs/_highrate_overnight/campaign_highrate_truth_v4_expanded42_new20/runs/P040/task_29/scenario29_age31_h1p91_sex_male_w89p0_20260926_093028/fall_scenario29_age31_20260926_093028_highrate_truth.csv,8.933333333333977,9.400000000000716,9.7033,769.9666666660239,77,4,58,True,True,True,peak_impact_magnitude_within_3s_after_fall_onset,True,ok,repository_peak_impact_magnitude_within_3s_after_fall_onset_v2,>=30 actual samples on corrected 100Hz grid and >=1 complete 30-sample window,100,30,15,300,50,
P040,30,/mnt/hdd16T/ToqeerHomeBackup/mujoco_project/outputs/_highrate_overnight/campaign_highrate_truth_v4_expanded42_new20/runs/P040/task_30/scenario30_age31_h1p91_sex_male_w89p0_20260926_093257,/mnt/hdd16T/ToqeerHomeBackup/mujoco_project/outputs/_highrate_overnight/campaign_highrate_truth_v4_expanded42_new20/runs/P040/task_30/scenario30_age31_h1p91_sex_male_w89p0_20260926_093257/fall_scenario30_age31_20260926_093257_highrate_truth.csv,8.466666666667237,8.600000000000591,8.5333,66.63333333276356,7,0,55,True,True,False,peak_impact_magnitude_within_3s_after_fall_onset,True,ok,repository_peak_impact_magnitude_within_3s_after_fall_onset_v2,>=30 actual samples on corrected 100Hz grid and >=1 complete 30-sample window,100,30,15,300,50,recovered_interval_shorter_than_30_samples
P040,31,/mnt/hdd16T/ToqeerHomeBackup/mujoco_project/outputs/_highrate_overnight/campaign_highrate_truth_v4_expanded42_new20/runs/P040/task_31/scenario31_age31_h1p91_sex_male_w89p0_20260926_093543,/mnt/hdd16T/ToqeerHomeBackup/mujoco_project/outputs/_highrate_overnight/campaign_highrate_truth_v4_expanded42_new20/runs/P040/task_31/scenario31_age31_h1p91_sex_male_w89p0_20260926_093543/fall_scenario31_age31_20260926_093543_highrate_truth.csv,8.433333333333898,8.666666666667268,8.5333,99.9666666661021,10,0,55,True,True,False,peak_impact_magnitude_within_3s_after_fall_onset,True,ok,repository_peak_impact_magnitude_within_3s_after_fall_onset_v2,>=30 actual samples on corrected 100Hz grid and >=1 complete 30-sample window,100,30,15,300,50,recovered_interval_shorter_than_30_samples
P040,32,/mnt/hdd16T/ToqeerHomeBackup/mujoco_project/outputs/_highrate_overnight/campaign_highrate_truth_v4_expanded42_new20/runs/P040/task_32/scenario32_age31_h1p91_sex_male_w89p0_20260926_093816,/mnt/hdd16T/ToqeerHomeBackup/mujoco_project/outputs/_highrate_overnight/campaign_highrate_truth_v4_expanded42_new20/runs/P040/task_32/scenario32_age31_h1p91_sex_male_w89p0_20260926_093816/fall_scenario32_age31_20260926_093816_highrate_truth.csv,9.266666666667362,9.733333333334102,10.7333,1466.633333332638,147,8,60,True,True,True,peak_impact_magnitude_within_3s_after_fall_onset,True,ok,repository_peak_impact_magnitude_within_3s_after_fall_onset_v2,>=30 actual samples on corrected 100Hz grid and >=1 complete 30-sample window,100,30,15,300,50,
P040,33,/mnt/hdd16T/ToqeerHomeBackup/mujoco_project/outputs/_highrate_overnight/campaign_highrate_truth_v4_expanded42_new20/runs/P040/task_33/scenario33_age31_h1p91_sex_male_w89p0_20260926_094104,/mnt/hdd16T/ToqeerHomeBackup/mujoco_project/outputs/_highrate_overnight/campaign_highrate_truth_v4_expanded42_new20/runs/P040/task_33/scenario33_age31_h1p91_sex_male_w89p0_20260926_094104/fall_scenario33_age31_20260926_094104_highrate_truth.csv,9.200000000000685,9.733333333334102,10.0633,863.299999999315,87,4,60,True,True,True,peak_impact_magnitude_within_3s_after_fall_onset,True,ok,repository_peak_impact_magnitude_within_3s_after_fall_onset_v2,>=30 actual samples on corrected 100Hz grid and >=1 complete 30-sample window,100,30,15,300,50,
P040,34,/mnt/hdd16T/ToqeerHomeBackup/mujoco_project/outputs/_highrate_overnight/campaign_highrate_truth_v4_expanded42_new20/runs/P040/task_34/scenario34_age31_h1p91_sex_male_w89p0_20260926_094406,/mnt/hdd16T/ToqeerHomeBackup/mujoco_project/outputs/_highrate_overnight/campaign_highrate_truth_v4_expanded42_new20/runs/P040/task_34/scenario34_age31_h1p91_sex_male_w89p0_20260926_094406/fall_scenario34_age31_20260926_094406_highrate_truth.csv,9.500000000000732,10.066666666667487,10.6333,1133.2999999992683,114,6,62,True,True,True,peak_impact_magnitude_within_3s_after_fall_onset,True,ok,repository_peak_impact_magnitude_within_3s_after_fall_onset_v2,>=30 actual samples on corrected 100Hz grid and >=1 complete 30-sample window,100,30,15,300,50,
P040,37,/mnt/hdd16T/ToqeerHomeBackup/mujoco_project/outputs/_highrate_overnight/campaign_highrate_truth_v4_expanded42_new20/runs/P040/task_37/scenario37_age31_h1p91_sex_male_w89p0_20260926_094659,/mnt/hdd16T/ToqeerHomeBackup/mujoco_project/outputs/_highrate_overnight/campaign_highrate_truth_v4_expanded42_new20/runs/P040/task_37/scenario37_age31_h1p91_sex_male_w89p0_20260926_094659/fall_scenario37_age31_20260926_094659_highrate_truth.csv,17.633333333335337,18.166666666668753,18.1633,529.966666664663,53,2,116,True,True,True,peak_impact_magnitude_within_3s_after_fall_onset,True,ok,repository_peak_impact_magnitude_within_3s_after_fall_onset_v2,>=30 actual samples on corrected 100Hz grid and >=1 complete 30-sample window,100,30,15,300,50,
P040,38,/mnt/hdd16T/ToqeerHomeBackup/mujoco_project/outputs/_highrate_overnight/campaign_highrate_truth_v4_expanded42_new20/runs/P040/task_38/scenario38_age31_h1p91_sex_male_w89p0_20260926_095001,/mnt/hdd16T/ToqeerHomeBackup/mujoco_project/outputs/_highrate_overnight/campaign_highrate_truth_v4_expanded42_new20/runs/P040/task_38/scenario38_age31_h1p91_sex_male_w89p0_20260926_095001/fall_scenario38_age31_20260926_095001_highrate_truth.csv,9.933333333334133,10.46666666666755,11.1333,1199.9666666658673,120,7,65,True,True,True,peak_impact_magnitude_within_3s_after_fall_onset,True,ok,repository_peak_impact_magnitude_within_3s_after_fall_onset_v2,>=30 actual samples on corrected 100Hz grid and >=1 complete 30-sample window,100,30,15,300,50,
P040,39,/mnt/hdd16T/ToqeerHomeBackup/mujoco_project/outputs/_highrate_overnight/campaign_highrate_truth_v4_expanded42_new20/runs/P040/task_39/scenario39_age31_h1p91_sex_male_w89p0_20260926_095241,/mnt/hdd16T/ToqeerHomeBackup/mujoco_project/outputs/_highrate_overnight/campaign_highrate_truth_v4_expanded42_new20/runs/P040/task_39/scenario39_age31_h1p91_sex_male_w89p0_20260926_095241/fall_scenario39_age31_20260926_095241_highrate_truth.csv,5.43333333333343,6.3000000000002325,5.6033,169.96666666656955,17,0,35,True,True,False,peak_impact_magnitude_within_3s_after_fall_onset,True,ok,repository_peak_impact_magnitude_within_3s_after_fall_onset_v2,>=30 actual samples on corrected 100Hz grid and >=1 complete 30-sample window,100,30,15,300,50,recovered_interval_shorter_than_30_samples
P040,40,/mnt/hdd16T/ToqeerHomeBackup/mujoco_project/outputs/_highrate_overnight/campaign_highrate_truth_v4_expanded42_new20/runs/P040/task_40/scenario40_age31_h1p91_sex_male_w89p0_20260926_095322,/mnt/hdd16T/ToqeerHomeBackup/mujoco_project/outputs/_highrate_overnight/campaign_highrate_truth_v4_expanded42_new20/runs/P040/task_40/scenario40_age31_h1p91_sex_male_w89p0_20260926_095322/fall_scenario40_age31_20260926_095322_highrate_truth.csv,5.833333333333493,6.533333333333602,6.5333,699.9666666665067,70,3,37,True,True,True,peak_impact_magnitude_within_3s_after_fall_onset,True,ok,repository_peak_impact_magnitude_within_3s_after_fall_onset_v2,>=30 actual samples on corrected 100Hz grid and >=1 complete 30-sample window,100,30,15,300,50,
P040,41,/mnt/hdd16T/ToqeerHomeBackup/mujoco_project/outputs/_highrate_overnight/campaign_highrate_truth_v4_expanded42_new20/runs/P040/task_41/scenario41_age31_h1p91_sex_male_w89p0_20260926_095400,/mnt/hdd16T/ToqeerHomeBackup/mujoco_project/outputs/_highrate_overnight/campaign_highrate_truth_v4_expanded42_new20/runs/P040/task_41/scenario41_age31_h1p91_sex_male_w89p0_20260926_095400/fall_scenario41_age31_20260926_095400_highrate_truth.csv,5.333333333333415,6.533333333333602,6.7033,1369.9666666665848,137,8,34,True,True,True,peak_impact_magnitude_within_3s_after_fall_onset,True,ok,repository_peak_impact_magnitude_within_3s_after_fall_onset_v2,>=30 actual samples on corrected 100Hz grid and >=1 complete 30-sample window,100,30,15,300,50,
P040,42,/mnt/hdd16T/ToqeerHomeBackup/mujoco_project/outputs/_highrate_overnight/campaign_highrate_truth_v4_expanded42_new20/runs/P040/task_42/scenario42_age31_h1p91_sex_male_w89p0_20260926_095442,/mnt/hdd16T/ToqeerHomeBackup/mujoco_project/outputs/_highrate_overnight/campaign_highrate_truth_v4_expanded42_new20/runs/P040/task_42/scenario42_age31_h1p91_sex_male_w89p0_20260926_095442/fall_scenario42_age31_20260926_095442_highrate_truth.csv,5.9333333333335085,6.233333333333555,6.2633,329.96666666649156,33,1,38,True,True,True,peak_impact_magnitude_within_3s_after_fall_onset,True,ok,repository_peak_impact_magnitude_within_3s_after_fall_onset_v2,>=30 actual samples on corrected 100Hz grid and >=1 complete 30-sample window,100,30,15,300,50,
P041,20,/mnt/hdd16T/ToqeerHomeBackup/mujoco_project/outputs/_highrate_overnight/campaign_highrate_truth_v4_expanded42_new20/runs/P041/task_20/scenario20_age33_h1p73_sex_male_w70p0_20260926_095526,/mnt/hdd16T/ToqeerHomeBackup/mujoco_project/outputs/_highrate_overnight/campaign_highrate_truth_v4_expanded42_new20/runs/P041/task_20/scenario20_age33_h1p73_sex_male_w70p0_20260926_095526/fall_scenario20_age33_20260926_095526_highrate_truth.csv,6.266666666666894,6.700000000000295,6.7033,436.6333333331056,44,1,40,True,True,True,peak_impact_magnitude_within_3s_after_fall_onset,True,ok,repository_peak_impact_magnitude_within_3s_after_fall_onset_v2,>=30 actual samples on corrected 100Hz grid and >=1 complete 30-sample window,100,30,15,300,50,
P041,21,/mnt/hdd16T/ToqeerHomeBackup/mujoco_project/outputs/_highrate_overnight/campaign_highrate_truth_v4_expanded42_new20/runs/P041/task_21/scenario21_age33_h1p73_sex_male_w70p0_20260926_095632,/mnt/hdd16T/ToqeerHomeBackup/mujoco_project/outputs/_highrate_overnight/campaign_highrate_truth_v4_expanded42_new20/runs/P041/task_21/scenario21_age33_h1p73_sex_male_w70p0_20260926_095632/fall_scenario21_age33_20260926_095632_highrate_truth.csv,5.5000000000001075,5.5000000000001075,7.5333,2033.2999999998922,204,12,35,True,True,True,peak_impact_magnitude_within_3s_after_fall_onset,True,ok,repository_peak_impact_magnitude_within_3s_after_fall_onset_v2,>=30 actual samples on corrected 100Hz grid and >=1 complete 30-sample window,100,30,15,300,50,
P041,22,/mnt/hdd16T/ToqeerHomeBackup/mujoco_project/outputs/_highrate_overnight/campaign_highrate_truth_v4_expanded42_new20/runs/P041/task_22/scenario22_age33_h1p73_sex_male_w70p0_20260926_095707,/mnt/hdd16T/ToqeerHomeBackup/mujoco_project/outputs/_highrate_overnight/campaign_highrate_truth_v4_expanded42_new20/runs/P041/task_22/scenario22_age33_h1p73_sex_male_w70p0_20260926_095707/fall_scenario22_age33_20260926_095707_highrate_truth.csv,5.5000000000001075,5.5000000000001075,5.6633,163.2999999998921,17,0,35,True,True,False,peak_impact_magnitude_within_3s_after_fall_onset,True,ok,repository_peak_impact_magnitude_within_3s_after_fall_onset_v2,>=30 actual samples on corrected 100Hz grid and >=1 complete 30-sample window,100,30,15,300,50,recovered_interval_shorter_than_30_samples
P041,23,/mnt/hdd16T/ToqeerHomeBackup/mujoco_project/outputs/_highrate_overnight/campaign_highrate_truth_v4_expanded42_new20/runs/P041/task_23/scenario23_age33_h1p73_sex_male_w70p0_20260926_095742,/mnt/hdd16T/ToqeerHomeBackup/mujoco_project/outputs/_highrate_overnight/campaign_highrate_truth_v4_expanded42_new20/runs/P041/task_23/scenario23_age33_h1p73_sex_male_w70p0_20260926_095742/fall_scenario23_age33_20260926_095742_highrate_truth.csv,6.3000000000002325,15.600000000001685,7.7333,1433.2999999997674,144,8,41,True,True,True,peak_impact_magnitude_within_3s_after_fall_onset,True,ok,repository_peak_impact_magnitude_within_3s_after_fall_onset_v2,>=30 actual samples on corrected 100Hz grid and >=1 complete 30-sample window,100,30,15,300,50,
P041,24,/mnt/hdd16T/ToqeerHomeBackup/mujoco_project/outputs/_highrate_overnight/campaign_highrate_truth_v4_expanded42_new20/runs/P041/task_24/scenario24_age33_h1p73_sex_male_w70p0_20260926_095845,/mnt/hdd16T/ToqeerHomeBackup/mujoco_project/outputs/_highrate_overnight/campaign_highrate_truth_v4_expanded42_new20/runs/P041/task_24/scenario24_age33_h1p73_sex_male_w70p0_20260926_095845/fall_scenario24_age33_20260926_095845_highrate_truth.csv,5.5000000000001075,13.466666666668019,7.4033,1903.2999999998924,191,11,35,True,True,True,peak_impact_magnitude_within_3s_after_fall_onset,True,ok,repository_peak_impact_magnitude_within_3s_after_fall_onset_v2,>=30 actual samples on corrected 100Hz grid and >=1 complete 30-sample window,100,30,15,300,50,
P041,28,/mnt/hdd16T/ToqeerHomeBackup/mujoco_project/outputs/_highrate_overnight/campaign_highrate_truth_v4_expanded42_new20/runs/P041/task_28/scenario28_age33_h1p73_sex_male_w70p0_20260926_095920,/mnt/hdd16T/ToqeerHomeBackup/mujoco_project/outputs/_highrate_overnight/campaign_highrate_truth_v4_expanded42_new20/runs/P041/task_28/scenario28_age33_h1p73_sex_male_w70p0_20260926_095920/fall_scenario28_age33_20260926_095920_highrate_truth.csv,6.433333333333587,7.133333333333696,6.8633,429.96666666641306,43,1,41,True,True,True,peak_impact_magnitude_within_3s_after_fall_onset,True,ok,repository_peak_impact_magnitude_within_3s_after_fall_onset_v2,>=30 actual samples on corrected 100Hz grid and >=1 complete 30-sample window,100,30,15,300,50,
P041,29,/mnt/hdd16T/ToqeerHomeBackup/mujoco_project/outputs/_highrate_overnight/campaign_highrate_truth_v4_expanded42_new20/runs/P041/task_29/scenario29_age33_h1p73_sex_male_w70p0_20260926_100148,/mnt/hdd16T/ToqeerHomeBackup/mujoco_project/outputs/_highrate_overnight/campaign_highrate_truth_v4_expanded42_new20/runs/P041/task_29/scenario29_age33_h1p73_sex_male_w70p0_20260926_100148/fall_scenario29_age33_20260926_100148_highrate_truth.csv,6.733333333333634,7.700000000000451,7.5633,829.9666666663663,83,4,43,True,True,True,peak_impact_magnitude_within_3s_after_fall_onset,True,ok,repository_peak_impact_magnitude_within_3s_after_fall_onset_v2,>=30 actual samples on corrected 100Hz grid and >=1 complete 30-sample window,100,30,15,300,50,
P041,30,/mnt/hdd16T/ToqeerHomeBackup/mujoco_project/outputs/_highrate_overnight/campaign_highrate_truth_v4_expanded42_new20/runs/P041/task_30/scenario30_age33_h1p73_sex_male_w70p0_20260926_100417,/mnt/hdd16T/ToqeerHomeBackup/mujoco_project/outputs/_highrate_overnight/campaign_highrate_truth_v4_expanded42_new20/runs/P041/task_30/scenario30_age33_h1p73_sex_male_w70p0_20260926_100417/fall_scenario30_age33_20260926_100417_highrate_truth.csv,6.566666666666941,6.566666666666941,6.7333,166.63333333305897,17,0,42,True,True,False,peak_impact_magnitude_within_3s_after_fall_onset,True,ok,repository_peak_impact_magnitude_within_3s_after_fall_onset_v2,>=30 actual samples on corrected 100Hz grid and >=1 complete 30-sample window,100,30,15,300,50,recovered_interval_shorter_than_30_samples
P041,31,/mnt/hdd16T/ToqeerHomeBackup/mujoco_project/outputs/_highrate_overnight/campaign_highrate_truth_v4_expanded42_new20/runs/P041/task_31/scenario31_age33_h1p73_sex_male_w70p0_20260926_100646,/mnt/hdd16T/ToqeerHomeBackup/mujoco_project/outputs/_highrate_overnight/campaign_highrate_truth_v4_expanded42_new20/runs/P041/task_31/scenario31_age33_h1p73_sex_male_w70p0_20260926_100646/fall_scenario31_age33_20260926_100646_highrate_truth.csv,6.533333333333602,7.600000000000436,6.7333,199.96666666639751,20,0,42,True,True,False,peak_impact_magnitude_within_3s_after_fall_onset,True,ok,repository_peak_impact_magnitude_within_3s_after_fall_onset_v2,>=30 actual samples on corrected 100Hz grid and >=1 complete 30-sample window,100,30,15,300,50,recovered_interval_shorter_than_30_samples
P041,32,/mnt/hdd16T/ToqeerHomeBackup/mujoco_project/outputs/_highrate_overnight/campaign_highrate_truth_v4_expanded42_new20/runs/P041/task_32/scenario32_age33_h1p73_sex_male_w70p0_20260926_100914,/mnt/hdd16T/ToqeerHomeBackup/mujoco_project/outputs/_highrate_overnight/campaign_highrate_truth_v4_expanded42_new20/runs/P041/task_32/scenario32_age33_h1p73_sex_male_w70p0_20260926_100914/fall_scenario32_age33_20260926_100914_highrate_truth.csv,7.26666666666705,7.700000000000451,7.7033,436.6333333329493,44,1,47,True,True,True,peak_impact_magnitude_within_3s_after_fall_onset,True,ok,repository_peak_impact_magnitude_within_3s_after_fall_onset_v2,>=30 actual samples on corrected 100Hz grid and >=1 complete 30-sample window,100,30,15,300,50,
P041,33,/mnt/hdd16T/ToqeerHomeBackup/mujoco_project/outputs/_highrate_overnight/campaign_highrate_truth_v4_expanded42_new20/runs/P041/task_33/scenario33_age33_h1p73_sex_male_w70p0_20260926_101143,/mnt/hdd16T/ToqeerHomeBackup/mujoco_project/outputs/_highrate_overnight/campaign_highrate_truth_v4_expanded42_new20/runs/P041/task_33/scenario33_age33_h1p73_sex_male_w70p0_20260926_101143/fall_scenario33_age33_20260926_101143_highrate_truth.csv,7.166666666667035,7.73333333333379,7.7633,596.6333333329654,60,3,46,True,True,True,peak_impact_magnitude_within_3s_after_fall_onset,True,ok,repository_peak_impact_magnitude_within_3s_after_fall_onset_v2,>=30 actual samples on corrected 100Hz grid and >=1 complete 30-sample window,100,30,15,300,50,
P041,34,/mnt/hdd16T/ToqeerHomeBackup/mujoco_project/outputs/_highrate_overnight/campaign_highrate_truth_v4_expanded42_new20/runs/P041/task_34/scenario34_age33_h1p73_sex_male_w70p0_20260926_101411,/mnt/hdd16T/ToqeerHomeBackup/mujoco_project/outputs/_highrate_overnight/campaign_highrate_truth_v4_expanded42_new20/runs/P041/task_34/scenario34_age33_h1p73_sex_male_w70p0_20260926_101411/fall_scenario34_age33_20260926_101411_highrate_truth.csv,7.233333333333712,7.50000000000042,8.7333,1499.9666666662881,150,9,47,True,True,True,peak_impact_magnitude_within_3s_after_fall_onset,True,ok,repository_peak_impact_magnitude_within_3s_after_fall_onset_v2,>=30 actual samples on corrected 100Hz grid and >=1 complete 30-sample window,100,30,15,300,50,
P041,37,/mnt/hdd16T/ToqeerHomeBackup/mujoco_project/outputs/_highrate_overnight/campaign_highrate_truth_v4_expanded42_new20/runs/P041/task_37/scenario37_age33_h1p73_sex_male_w70p0_20260926_101640,/mnt/hdd16T/ToqeerHomeBackup/mujoco_project/outputs/_highrate_overnight/campaign_highrate_truth_v4_expanded42_new20/runs/P041/task_37/scenario37_age33_h1p73_sex_male_w70p0_20260926_101640/fall_scenario37_age33_20260926_101640_highrate_truth.csv,17.76666666666869,18.200000000002092,18.7033,936.633333331308,94,5,117,True,True,True,peak_impact_magnitude_within_3s_after_fall_onset,True,ok,repository_peak_impact_magnitude_within_3s_after_fall_onset_v2,>=30 actual samples on corrected 100Hz grid and >=1 complete 30-sample window,100,30,15,300,50,
P041,38,/mnt/hdd16T/ToqeerHomeBackup/mujoco_project/outputs/_highrate_overnight/campaign_highrate_truth_v4_expanded42_new20/runs/P041/task_38/scenario38_age33_h1p73_sex_male_w70p0_20260926_101907,/mnt/hdd16T/ToqeerHomeBackup/mujoco_project/outputs/_highrate_overnight/campaign_highrate_truth_v4_expanded42_new20/runs/P041/task_38/scenario38_age33_h1p73_sex_male_w70p0_20260926_101907/fall_scenario38_age33_20260926_101907_highrate_truth.csv,17.700000000002014,18.133333333335415,17.9633,263.29999999798656,27,0,117,True,True,False,peak_impact_magnitude_within_3s_after_fall_onset,True,ok,repository_peak_impact_magnitude_within_3s_after_fall_onset_v2,>=30 actual samples on corrected 100Hz grid and >=1 complete 30-sample window,100,30,15,300,50,recovered_interval_shorter_than_30_samples
P041,39,/mnt/hdd16T/ToqeerHomeBackup/mujoco_project/outputs/_highrate_overnight/campaign_highrate_truth_v4_expanded42_new20/runs/P041/task_39/scenario39_age33_h1p73_sex_male_w70p0_20260926_102135,/mnt/hdd16T/ToqeerHomeBackup/mujoco_project/outputs/_highrate_overnight/campaign_highrate_truth_v4_expanded42_new20/runs/P041/task_39/scenario39_age33_h1p73_sex_male_w70p0_20260926_102135/fall_scenario39_age33_20260926_102135_highrate_truth.csv,5.5000000000001075,6.13333333333354,6.2033,703.2999999998922,71,3,35,True,True,True,peak_impact_magnitude_within_3s_after_fall_onset,True,ok,repository_peak_impact_magnitude_within_3s_after_fall_onset_v2,>=30 actual samples on corrected 100Hz grid and >=1 complete 30-sample window,100,30,15,300,50,
P041,40,/mnt/hdd16T/ToqeerHomeBackup/mujoco_project/outputs/_highrate_overnight/campaign_highrate_truth_v4_expanded42_new20/runs/P041/task_40/scenario40_age33_h1p73_sex_male_w70p0_20260926_102210,/mnt/hdd16T/ToqeerHomeBackup/mujoco_project/outputs/_highrate_overnight/campaign_highrate_truth_v4_expanded42_new20/runs/P041/task_40/scenario40_age33_h1p73_sex_male_w70p0_20260926_102210/fall_scenario40_age33_20260926_102210_highrate_truth.csv,5.800000000000154,5.9333333333335085,6.2033,403.2999999998452,41,1,37,True,True,True,peak_impact_magnitude_within_3s_after_fall_onset,True,ok,repository_peak_impact_magnitude_within_3s_after_fall_onset_v2,>=30 actual samples on corrected 100Hz grid and >=1 complete 30-sample window,100,30,15,300,50,
P041,41,/mnt/hdd16T/ToqeerHomeBackup/mujoco_project/outputs/_highrate_overnight/campaign_highrate_truth_v4_expanded42_new20/runs/P041/task_41/scenario41_age33_h1p73_sex_male_w70p0_20260926_102246,/mnt/hdd16T/ToqeerHomeBackup/mujoco_project/outputs/_highrate_overnight/campaign_highrate_truth_v4_expanded42_new20/runs/P041/task_41/scenario41_age33_h1p73_sex_male_w70p0_20260926_102246/fall_scenario41_age33_20260926_102246_highrate_truth.csv,5.733333333333477,6.466666666666925,6.4633,729.966666666523,73,3,37,True,True,True,peak_impact_magnitude_within_3s_after_fall_onset,True,ok,repository_peak_impact_magnitude_within_3s_after_fall_onset_v2,>=30 actual samples on corrected 100Hz grid and >=1 complete 30-sample window,100,30,15,300,50,
P041,42,/mnt/hdd16T/ToqeerHomeBackup/mujoco_project/outputs/_highrate_overnight/campaign_highrate_truth_v4_expanded42_new20/runs/P041/task_42/scenario42_age33_h1p73_sex_male_w70p0_20260926_102322,/mnt/hdd16T/ToqeerHomeBackup/mujoco_project/outputs/_highrate_overnight/campaign_highrate_truth_v4_expanded42_new20/runs/P041/task_42/scenario42_age33_h1p73_sex_male_w70p0_20260926_102322/fall_scenario42_age33_20260926_102322_highrate_truth.csv,5.700000000000139,5.833333333333493,5.9933,293.2999999998609,30,1,37,True,True,True,peak_impact_magnitude_within_3s_after_fall_onset,True,ok,repository_peak_impact_magnitude_within_3s_after_fall_onset_v2,>=30 actual samples on corrected 100Hz grid and >=1 complete 30-sample window,100,30,15,300,50,
P042,20,/mnt/hdd16T/ToqeerHomeBackup/mujoco_project/outputs/_highrate_overnight/campaign_highrate_truth_v4_expanded42_new20/runs/P042/task_20/scenario20_age34_h1p80_sex_male_w79p0_20260926_102359,/mnt/hdd16T/ToqeerHomeBackup/mujoco_project/outputs/_highrate_overnight/campaign_highrate_truth_v4_expanded42_new20/runs/P042/task_20/scenario20_age34_h1p80_sex_male_w79p0_20260926_102359/fall_scenario20_age34_20260926_102359_highrate_truth.csv,6.13333333333354,6.733333333333634,6.8633,729.9666666664599,73,3,39,True,True,True,peak_impact_magnitude_within_3s_after_fall_onset,True,ok,repository_peak_impact_magnitude_within_3s_after_fall_onset_v2,>=30 actual samples on corrected 100Hz grid and >=1 complete 30-sample window,100,30,15,300,50,
P042,21,/mnt/hdd16T/ToqeerHomeBackup/mujoco_project/outputs/_highrate_overnight/campaign_highrate_truth_v4_expanded42_new20/runs/P042/task_21/scenario21_age34_h1p80_sex_male_w79p0_20260926_102502,/mnt/hdd16T/ToqeerHomeBackup/mujoco_project/outputs/_highrate_overnight/campaign_highrate_truth_v4_expanded42_new20/runs/P042/task_21/scenario21_age34_h1p80_sex_male_w79p0_20260926_102502/fall_scenario21_age34_20260926_102502_highrate_truth.csv,5.5000000000001075,5.5000000000001075,6.9333,1433.2999999998926,144,8,35,True,True,True,peak_impact_magnitude_within_3s_after_fall_onset,True,ok,repository_peak_impact_magnitude_within_3s_after_fall_onset_v2,>=30 actual samples on corrected 100Hz grid and >=1 complete 30-sample window,100,30,15,300,50,
P042,22,/mnt/hdd16T/ToqeerHomeBackup/mujoco_project/outputs/_highrate_overnight/campaign_highrate_truth_v4_expanded42_new20/runs/P042/task_22/scenario22_age34_h1p80_sex_male_w79p0_20260926_102537,/mnt/hdd16T/ToqeerHomeBackup/mujoco_project/outputs/_highrate_overnight/campaign_highrate_truth_v4_expanded42_new20/runs/P042/task_22/scenario22_age34_h1p80_sex_male_w79p0_20260926_102537/fall_scenario22_age34_20260926_102537_highrate_truth.csv,5.5000000000001075,5.5000000000001075,5.8033,303.29999999989263,31,1,35,True,True,True,peak_impact_magnitude_within_3s_after_fall_onset,True,ok,repository_peak_impact_magnitude_within_3s_after_fall_onset_v2,>=30 actual samples on corrected 100Hz grid and >=1 complete 30-sample window,100,30,15,300,50,
P042,23,/mnt/hdd16T/ToqeerHomeBackup/mujoco_project/outputs/_highrate_overnight/campaign_highrate_truth_v4_expanded42_new20/runs/P042/task_23/scenario23_age34_h1p80_sex_male_w79p0_20260926_102612,/mnt/hdd16T/ToqeerHomeBackup/mujoco_project/outputs/_highrate_overnight/campaign_highrate_truth_v4_expanded42_new20/runs/P042/task_23/scenario23_age34_h1p80_sex_male_w79p0_20260926_102612/fall_scenario23_age34_20260926_102612_highrate_truth.csv,6.166666666666878,6.500000000000264,6.3333,166.63333333312204,17,0,40,True,True,False,peak_impact_magnitude_within_3s_after_fall_onset,True,ok,repository_peak_impact_magnitude_within_3s_after_fall_onset_v2,>=30 actual samples on corrected 100Hz grid and >=1 complete 30-sample window,100,30,15,300,50,recovered_interval_shorter_than_30_samples
P042,24,/mnt/hdd16T/ToqeerHomeBackup/mujoco_project/outputs/_highrate_overnight/campaign_highrate_truth_v4_expanded42_new20/runs/P042/task_24/scenario24_age34_h1p80_sex_male_w79p0_20260926_102715,/mnt/hdd16T/ToqeerHomeBackup/mujoco_project/outputs/_highrate_overnight/campaign_highrate_truth_v4_expanded42_new20/runs/P042/task_24/scenario24_age34_h1p80_sex_male_w79p0_20260926_102715/fall_scenario24_age34_20260926_102715_highrate_truth.csv,5.5000000000001075,5.5000000000001075,7.0333,1533.2999999998922,154,9,35,True,True,True,peak_impact_magnitude_within_3s_after_fall_onset,True,ok,repository_peak_impact_magnitude_within_3s_after_fall_onset_v2,>=30 actual samples on corrected 100Hz grid and >=1 complete 30-sample window,100,30,15,300,50,
P042,28,/mnt/hdd16T/ToqeerHomeBackup/mujoco_project/outputs/_highrate_overnight/campaign_highrate_truth_v4_expanded42_new20/runs/P042/task_28/scenario28_age34_h1p80_sex_male_w79p0_20260926_102750,/mnt/hdd16T/ToqeerHomeBackup/mujoco_project/outputs/_highrate_overnight/campaign_highrate_truth_v4_expanded42_new20/runs/P042/task_28/scenario28_age34_h1p80_sex_male_w79p0_20260926_102750/fall_scenario28_age34_20260926_102750_highrate_truth.csv,6.600000000000279,7.233333333333712,7.3033,703.2999999997207,71,3,43,True,True,True,peak_impact_magnitude_within_3s_after_fall_onset,True,ok,repository_peak_impact_magnitude_within_3s_after_fall_onset_v2,>=30 actual samples on corrected 100Hz grid and >=1 complete 30-sample window,100,30,15,300,50,
P042,29,/mnt/hdd16T/ToqeerHomeBackup/mujoco_project/outputs/_highrate_overnight/campaign_highrate_truth_v4_expanded42_new20/runs/P042/task_29/scenario29_age34_h1p80_sex_male_w79p0_20260926_103019,/mnt/hdd16T/ToqeerHomeBackup/mujoco_project/outputs/_highrate_overnight/campaign_highrate_truth_v4_expanded42_new20/runs/P042/task_29/scenario29_age34_h1p80_sex_male_w79p0_20260926_103019/fall_scenario29_age34_20260926_103019_highrate_truth.csv,6.933333333333665,8.800000000000622,7.6333,699.9666666663353,70,3,45,True,True,True,peak_impact_magnitude_within_3s_after_fall_onset,True,ok,repository_peak_impact_magnitude_within_3s_after_fall_onset_v2,>=30 actual samples on corrected 100Hz grid and >=1 complete 30-sample window,100,30,15,300,50,
P042,30,/mnt/hdd16T/ToqeerHomeBackup/mujoco_project/outputs/_highrate_overnight/campaign_highrate_truth_v4_expanded42_new20/runs/P042/task_30/scenario30_age34_h1p80_sex_male_w79p0_20260926_103248,/mnt/hdd16T/ToqeerHomeBackup/mujoco_project/outputs/_highrate_overnight/campaign_highrate_truth_v4_expanded42_new20/runs/P042/task_30/scenario30_age34_h1p80_sex_male_w79p0_20260926_103248/fall_scenario30_age34_20260926_103248_highrate_truth.csv,6.700000000000295,7.4000000000004045,6.8333,133.29999999970534,14,0,43,True,True,False,peak_impact_magnitude_within_3s_after_fall_onset,True,ok,repository_peak_impact_magnitude_within_3s_after_fall_onset_v2,>=30 actual samples on corrected 100Hz grid and >=1 complete 30-sample window,100,30,15,300,50,recovered_interval_shorter_than_30_samples
P042,31,/mnt/hdd16T/ToqeerHomeBackup/mujoco_project/outputs/_highrate_overnight/campaign_highrate_truth_v4_expanded42_new20/runs/P042/task_31/scenario31_age34_h1p80_sex_male_w79p0_20260926_103516,/mnt/hdd16T/ToqeerHomeBackup/mujoco_project/outputs/_highrate_overnight/campaign_highrate_truth_v4_expanded42_new20/runs/P042/task_31/scenario31_age34_h1p80_sex_male_w79p0_20260926_103516/fall_scenario31_age34_20260926_103516_highrate_truth.csv,6.700000000000295,7.900000000000483,6.7333,33.29999999970479,4,0,43,True,True,False,peak_impact_magnitude_within_3s_after_fall_onset,True,ok,repository_peak_impact_magnitude_within_3s_after_fall_onset_v2,>=30 actual samples on corrected 100Hz grid and >=1 complete 30-sample window,100,30,15,300,50,recovered_interval_shorter_than_30_samples
P042,32,/mnt/hdd16T/ToqeerHomeBackup/mujoco_project/outputs/_highrate_overnight/campaign_highrate_truth_v4_expanded42_new20/runs/P042/task_32/scenario32_age34_h1p80_sex_male_w79p0_20260926_103745,/mnt/hdd16T/ToqeerHomeBackup/mujoco_project/outputs/_highrate_overnight/campaign_highrate_truth_v4_expanded42_new20/runs/P042/task_32/scenario32_age34_h1p80_sex_male_w79p0_20260926_103745/fall_scenario32_age34_20260926_103745_highrate_truth.csv,7.333333333333727,7.800000000000467,7.8333,499.966666666273,50,2,47,True,True,True,peak_impact_magnitude_within_3s_after_fall_onset,True,ok,repository_peak_impact_magnitude_within_3s_after_fall_onset_v2,>=30 actual samples on corrected 100Hz grid and >=1 complete 30-sample window,100,30,15,300,50,
P042,33,/mnt/hdd16T/ToqeerHomeBackup/mujoco_project/outputs/_highrate_overnight/campaign_highrate_truth_v4_expanded42_new20/runs/P042/task_33/scenario33_age34_h1p80_sex_male_w79p0_20260926_104014,/mnt/hdd16T/ToqeerHomeBackup/mujoco_project/outputs/_highrate_overnight/campaign_highrate_truth_v4_expanded42_new20/runs/P042/task_33/scenario33_age34_h1p80_sex_male_w79p0_20260926_104014/fall_scenario33_age34_20260926_104014_highrate_truth.csv,7.4000000000004045,7.866666666667144,8.2633,863.2999999995948,87,4,48,True,True,True,peak_impact_magnitude_within_3s_after_fall_onset,True,ok,repository_peak_impact_magnitude_within_3s_after_fall_onset_v2,>=30 actual samples on corrected 100Hz grid and >=1 complete 30-sample window,100,30,15,300,50,
P042,34,/mnt/hdd16T/ToqeerHomeBackup/mujoco_project/outputs/_highrate_overnight/campaign_highrate_truth_v4_expanded42_new20/runs/P042/task_34/scenario34_age34_h1p80_sex_male_w79p0_20260926_104242,/mnt/hdd16T/ToqeerHomeBackup/mujoco_project/outputs/_highrate_overnight/campaign_highrate_truth_v4_expanded42_new20/runs/P042/task_34/scenario34_age34_h1p80_sex_male_w79p0_20260926_104242/fall_scenario34_age34_20260926_104242_highrate_truth.csv,7.466666666667082,10.600000000000904,8.6333,1166.6333333329187,117,6,48,True,True,True,peak_impact_magnitude_within_3s_after_fall_onset,True,ok,repository_peak_impact_magnitude_within_3s_after_fall_onset_v2,>=30 actual samples on corrected 100Hz grid and >=1 complete 30-sample window,100,30,15,300,50,
P042,37,/mnt/hdd16T/ToqeerHomeBackup/mujoco_project/outputs/_highrate_overnight/campaign_highrate_truth_v4_expanded42_new20/runs/P042/task_37/scenario37_age34_h1p80_sex_male_w79p0_20260926_104511,/mnt/hdd16T/ToqeerHomeBackup/mujoco_project/outputs/_highrate_overnight/campaign_highrate_truth_v4_expanded42_new20/runs/P042/task_37/scenario37_age34_h1p80_sex_male_w79p0_20260926_104511/fall_scenario37_age34_20260926_104511_highrate_truth.csv,7.566666666667097,8.600000000000591,8.6033,1036.6333333329037,104,5,49,True,True,True,peak_impact_magnitude_within_3s_after_fall_onset,True,ok,repository_peak_impact_magnitude_within_3s_after_fall_onset_v2,>=30 actual samples on corrected 100Hz grid and >=1 complete 30-sample window,100,30,15,300,50,
P042,38,/mnt/hdd16T/ToqeerHomeBackup/mujoco_project/outputs/_highrate_overnight/campaign_highrate_truth_v4_expanded42_new20/runs/P042/task_38/scenario38_age34_h1p80_sex_male_w79p0_20260926_104739,/mnt/hdd16T/ToqeerHomeBackup/mujoco_project/outputs/_highrate_overnight/campaign_highrate_truth_v4_expanded42_new20/runs/P042/task_38/scenario38_age34_h1p80_sex_male_w79p0_20260926_104739/fall_scenario38_age34_20260926_104739_highrate_truth.csv,12.133333333334477,12.266666666667831,13.7333,1599.966666665523,160,9,79,True,True,True,peak_impact_magnitude_within_3s_after_fall_onset,True,ok,repository_peak_impact_magnitude_within_3s_after_fall_onset_v2,>=30 actual samples on corrected 100Hz grid and >=1 complete 30-sample window,100,30,15,300,50,
P042,39,/mnt/hdd16T/ToqeerHomeBackup/mujoco_project/outputs/_highrate_overnight/campaign_highrate_truth_v4_expanded42_new20/runs/P042/task_39/scenario39_age34_h1p80_sex_male_w79p0_20260926_105006,/mnt/hdd16T/ToqeerHomeBackup/mujoco_project/outputs/_highrate_overnight/campaign_highrate_truth_v4_expanded42_new20/runs/P042/task_39/scenario39_age34_h1p80_sex_male_w79p0_20260926_105006/fall_scenario39_age34_20260926_105006_highrate_truth.csv,5.5000000000001075,6.466666666666925,6.4033,903.2999999998923,91,5,35,True,True,True,peak_impact_magnitude_within_3s_after_fall_onset,True,ok,repository_peak_impact_magnitude_within_3s_after_fall_onset_v2,>=30 actual samples on corrected 100Hz grid and >=1 complete 30-sample window,100,30,15,300,50,
P042,40,/mnt/hdd16T/ToqeerHomeBackup/mujoco_project/outputs/_highrate_overnight/campaign_highrate_truth_v4_expanded42_new20/runs/P042/task_40/scenario40_age34_h1p80_sex_male_w79p0_20260926_105042,/mnt/hdd16T/ToqeerHomeBackup/mujoco_project/outputs/_highrate_overnight/campaign_highrate_truth_v4_expanded42_new20/runs/P042/task_40/scenario40_age34_h1p80_sex_male_w79p0_20260926_105042/fall_scenario40_age34_20260926_105042_highrate_truth.csv,5.8666666666668315,6.566666666666941,6.2033,336.63333333316814,34,1,38,True,True,True,peak_impact_magnitude_within_3s_after_fall_onset,True,ok,repository_peak_impact_magnitude_within_3s_after_fall_onset_v2,>=30 actual samples on corrected 100Hz grid and >=1 complete 30-sample window,100,30,15,300,50,
P042,41,/mnt/hdd16T/ToqeerHomeBackup/mujoco_project/outputs/_highrate_overnight/campaign_highrate_truth_v4_expanded42_new20/runs/P042/task_41/scenario41_age34_h1p80_sex_male_w79p0_20260926_105118,/mnt/hdd16T/ToqeerHomeBackup/mujoco_project/outputs/_highrate_overnight/campaign_highrate_truth_v4_expanded42_new20/runs/P042/task_41/scenario41_age34_h1p80_sex_male_w79p0_20260926_105118/fall_scenario41_age34_20260926_105118_highrate_truth.csv,5.400000000000092,6.333333333333571,6.3633,963.2999999999079,97,5,35,True,True,True,peak_impact_magnitude_within_3s_after_fall_onset,True,ok,repository_peak_impact_magnitude_within_3s_after_fall_onset_v2,>=30 actual samples on corrected 100Hz grid and >=1 complete 30-sample window,100,30,15,300,50,
P042,42,/mnt/hdd16T/ToqeerHomeBackup/mujoco_project/outputs/_highrate_overnight/campaign_highrate_truth_v4_expanded42_new20/runs/P042/task_42/scenario42_age34_h1p80_sex_male_w79p0_20260926_105154,/mnt/hdd16T/ToqeerHomeBackup/mujoco_project/outputs/_highrate_overnight/campaign_highrate_truth_v4_expanded42_new20/runs/P042/task_42/scenario42_age34_h1p80_sex_male_w79p0_20260926_105154/fall_scenario42_age34_20260926_105154_highrate_truth.csv,5.700000000000139,6.466666666666925,6.3333,633.2999999998616,64,3,37,True,True,True,peak_impact_magnitude_within_3s_after_fall_onset,True,ok,repository_peak_impact_magnitude_within_3s_after_fall_onset_v2,>=30 actual samples on corrected 100Hz grid and >=1 complete 30-sample window,100,30,15,300,50,
P043,20,/mnt/hdd16T/ToqeerHomeBackup/mujoco_project/outputs/_highrate_overnight/campaign_highrate_truth_v4_expanded42_new20/runs/P043/task_20/scenario20_age35_h1p74_sex_male_w71p0_20260926_105230,/mnt/hdd16T/ToqeerHomeBackup/mujoco_project/outputs/_highrate_overnight/campaign_highrate_truth_v4_expanded42_new20/runs/P043/task_20/scenario20_age35_h1p74_sex_male_w71p0_20260926_105230/fall_scenario20_age35_20260926_105230_highrate_truth.csv,6.266666666666894,6.500000000000264,6.8333,566.6333333331064,57,2,40,True,True,True,peak_impact_magnitude_within_3s_after_fall_onset,True,ok,repository_peak_impact_magnitude_within_3s_after_fall_onset_v2,>=30 actual samples on corrected 100Hz grid and >=1 complete 30-sample window,100,30,15,300,50,
P043,21,/mnt/hdd16T/ToqeerHomeBackup/mujoco_project/outputs/_highrate_overnight/campaign_highrate_truth_v4_expanded42_new20/runs/P043/task_21/scenario21_age35_h1p74_sex_male_w71p0_20260926_105334,/mnt/hdd16T/ToqeerHomeBackup/mujoco_project/outputs/_highrate_overnight/campaign_highrate_truth_v4_expanded42_new20/runs/P043/task_21/scenario21_age35_h1p74_sex_male_w71p0_20260926_105334/fall_scenario21_age35_20260926_105334_highrate_truth.csv,5.5000000000001075,5.5000000000001075,7.4033,1903.2999999998924,191,11,35,True,True,True,peak_impact_magnitude_within_3s_after_fall_onset,True,ok,repository_peak_impact_magnitude_within_3s_after_fall_onset_v2,>=30 actual samples on corrected 100Hz grid and >=1 complete 30-sample window,100,30,15,300,50,
P043,22,/mnt/hdd16T/ToqeerHomeBackup/mujoco_project/outputs/_highrate_overnight/campaign_highrate_truth_v4_expanded42_new20/runs/P043/task_22/scenario22_age35_h1p74_sex_male_w71p0_20260926_105409,/mnt/hdd16T/ToqeerHomeBackup/mujoco_project/outputs/_highrate_overnight/campaign_highrate_truth_v4_expanded42_new20/runs/P043/task_22/scenario22_age35_h1p74_sex_male_w71p0_20260926_105409/fall_scenario22_age35_20260926_105409_highrate_truth.csv,5.5000000000001075,5.5000000000001075,5.8333,333.2999999998929,34,1,35,True,True,True,peak_impact_magnitude_within_3s_after_fall_onset,True,ok,repository_peak_impact_magnitude_within_3s_after_fall_onset_v2,>=30 actual samples on corrected 100Hz grid and >=1 complete 30-sample window,100,30,15,300,50,
P043,23,/mnt/hdd16T/ToqeerHomeBackup/mujoco_project/outputs/_highrate_overnight/campaign_highrate_truth_v4_expanded42_new20/runs/P043/task_23/scenario23_age35_h1p74_sex_male_w71p0_20260926_105444,/mnt/hdd16T/ToqeerHomeBackup/mujoco_project/outputs/_highrate_overnight/campaign_highrate_truth_v4_expanded42_new20/runs/P043/task_23/scenario23_age35_h1p74_sex_male_w71p0_20260926_105444/fall_scenario23_age35_20260926_105444_highrate_truth.csv,6.266666666666894,7.566666666667097,7.8033,1536.633333333106,154,9,40,True,True,True,peak_impact_magnitude_within_3s_after_fall_onset,True,ok,repository_peak_impact_magnitude_within_3s_after_fall_onset_v2,>=30 actual samples on corrected 100Hz grid and >=1 complete 30-sample window,100,30,15,300,50,
P043,24,/mnt/hdd16T/ToqeerHomeBackup/mujoco_project/outputs/_highrate_overnight/campaign_highrate_truth_v4_expanded42_new20/runs/P043/task_24/scenario24_age35_h1p74_sex_male_w71p0_20260926_105547,/mnt/hdd16T/ToqeerHomeBackup/mujoco_project/outputs/_highrate_overnight/campaign_highrate_truth_v4_expanded42_new20/runs/P043/task_24/scenario24_age35_h1p74_sex_male_w71p0_20260926_105547/fall_scenario24_age35_20260926_105547_highrate_truth.csv,5.5000000000001075,5.5000000000001075,7.4733,1973.2999999998926,198,12,35,True,True,True,peak_impact_magnitude_within_3s_after_fall_onset,True,ok,repository_peak_impact_magnitude_within_3s_after_fall_onset_v2,>=30 actual samples on corrected 100Hz grid and >=1 complete 30-sample window,100,30,15,300,50,
P043,28,/mnt/hdd16T/ToqeerHomeBackup/mujoco_project/outputs/_highrate_overnight/campaign_highrate_truth_v4_expanded42_new20/runs/P043/task_28/scenario28_age35_h1p74_sex_male_w71p0_20260926_105622,/mnt/hdd16T/ToqeerHomeBackup/mujoco_project/outputs/_highrate_overnight/campaign_highrate_truth_v4_expanded42_new20/runs/P043/task_28/scenario28_age35_h1p74_sex_male_w71p0_20260926_105622/fall_scenario28_age35_20260926_105622_highrate_truth.csv,6.466666666666925,6.933333333333665,7.0333,566.6333333330745,57,2,42,True,True,True,peak_impact_magnitude_within_3s_after_fall_onset,True,ok,repository_peak_impact_magnitude_within_3s_after_fall_onset_v2,>=30 actual samples on corrected 100Hz grid and >=1 complete 30-sample window,100,30,15,300,50,
P043,29,/mnt/hdd16T/ToqeerHomeBackup/mujoco_project/outputs/_highrate_overnight/campaign_highrate_truth_v4_expanded42_new20/runs/P043/task_29/scenario29_age35_h1p74_sex_male_w71p0_20260926_105852,/mnt/hdd16T/ToqeerHomeBackup/mujoco_project/outputs/_highrate_overnight/campaign_highrate_truth_v4_expanded42_new20/runs/P043/task_29/scenario29_age35_h1p74_sex_male_w71p0_20260926_105852/fall_scenario29_age35_20260926_105852_highrate_truth.csv,6.800000000000311,7.600000000000436,7.6633,863.2999999996889,87,4,44,True,True,True,peak_impact_magnitude_within_3s_after_fall_onset,True,ok,repository_peak_impact_magnitude_within_3s_after_fall_onset_v2,>=30 actual samples on corrected 100Hz grid and >=1 complete 30-sample window,100,30,15,300,50,
P043,30,/mnt/hdd16T/ToqeerHomeBackup/mujoco_project/outputs/_highrate_overnight/campaign_highrate_truth_v4_expanded42_new20/runs/P043/task_30/scenario30_age35_h1p74_sex_male_w71p0_20260926_110121,/mnt/hdd16T/ToqeerHomeBackup/mujoco_project/outputs/_highrate_overnight/campaign_highrate_truth_v4_expanded42_new20/runs/P043/task_30/scenario30_age35_h1p74_sex_male_w71p0_20260926_110121/fall_scenario30_age35_20260926_110121_highrate_truth.csv,6.500000000000264,7.0333333333336805,6.5333,33.299999999735874,4,0,42,True,True,False,peak_impact_magnitude_within_3s_after_fall_onset,True,ok,repository_peak_impact_magnitude_within_3s_after_fall_onset_v2,>=30 actual samples on corrected 100Hz grid and >=1 complete 30-sample window,100,30,15,300,50,recovered_interval_shorter_than_30_samples
P043,31,/mnt/hdd16T/ToqeerHomeBackup/mujoco_project/outputs/_highrate_overnight/campaign_highrate_truth_v4_expanded42_new20/runs/P043/task_31/scenario31_age35_h1p74_sex_male_w71p0_20260926_110349,/mnt/hdd16T/ToqeerHomeBackup/mujoco_project/outputs/_highrate_overnight/campaign_highrate_truth_v4_expanded42_new20/runs/P043/task_31/scenario31_age35_h1p74_sex_male_w71p0_20260926_110349/fall_scenario31_age35_20260926_110349_highrate_truth.csv,6.500000000000264,7.233333333333712,6.5333,33.299999999735874,4,0,42,True,True,False,peak_impact_magnitude_within_3s_after_fall_onset,True,ok,repository_peak_impact_magnitude_within_3s_after_fall_onset_v2,>=30 actual samples on corrected 100Hz grid and >=1 complete 30-sample window,100,30,15,300,50,recovered_interval_shorter_than_30_samples
P043,32,/mnt/hdd16T/ToqeerHomeBackup/mujoco_project/outputs/_highrate_overnight/campaign_highrate_truth_v4_expanded42_new20/runs/P043/task_32/scenario32_age35_h1p74_sex_male_w71p0_20260926_110617,/mnt/hdd16T/ToqeerHomeBackup/mujoco_project/outputs/_highrate_overnight/campaign_highrate_truth_v4_expanded42_new20/runs/P043/task_32/scenario32_age35_h1p74_sex_male_w71p0_20260926_110617/fall_scenario32_age35_20260926_110617_highrate_truth.csv,7.366666666667066,7.800000000000467,7.7933,426.6333333329344,43,1,48,True,True,True,peak_impact_magnitude_within_3s_after_fall_onset,True,ok,repository_peak_impact_magnitude_within_3s_after_fall_onset_v2,>=30 actual samples on corrected 100Hz grid and >=1 complete 30-sample window,100,30,15,300,50,
P043,33,/mnt/hdd16T/ToqeerHomeBackup/mujoco_project/outputs/_highrate_overnight/campaign_highrate_truth_v4_expanded42_new20/runs/P043/task_33/scenario33_age35_h1p74_sex_male_w71p0_20260926_110847,/mnt/hdd16T/ToqeerHomeBackup/mujoco_project/outputs/_highrate_overnight/campaign_highrate_truth_v4_expanded42_new20/runs/P043/task_33/scenario33_age35_h1p74_sex_male_w71p0_20260926_110847/fall_scenario33_age35_20260926_110847_highrate_truth.csv,7.200000000000373,7.633333333333774,7.9033,703.2999999996266,71,3,47,True,True,True,peak_impact_magnitude_within_3s_after_fall_onset,True,ok,repository_peak_impact_magnitude_within_3s_after_fall_onset_v2,>=30 actual samples on corrected 100Hz grid and >=1 complete 30-sample window,100,30,15,300,50,
P043,34,/mnt/hdd16T/ToqeerHomeBackup/mujoco_project/outputs/_highrate_overnight/campaign_highrate_truth_v4_expanded42_new20/runs/P043/task_34/scenario34_age35_h1p74_sex_male_w71p0_20260926_111115,/mnt/hdd16T/ToqeerHomeBackup/mujoco_project/outputs/_highrate_overnight/campaign_highrate_truth_v4_expanded42_new20/runs/P043/task_34/scenario34_age35_h1p74_sex_male_w71p0_20260926_111115/fall_scenario34_age35_20260926_111115_highrate_truth.csv,7.366666666667066,7.600000000000436,9.8333,2466.6333333329335,247,15,48,True,True,True,peak_impact_magnitude_within_3s_after_fall_onset,True,ok,repository_peak_impact_magnitude_within_3s_after_fall_onset_v2,>=30 actual samples on corrected 100Hz grid and >=1 complete 30-sample window,100,30,15,300,50,
P043,37,/mnt/hdd16T/ToqeerHomeBackup/mujoco_project/outputs/_highrate_overnight/campaign_highrate_truth_v4_expanded42_new20/runs/P043/task_37/scenario37_age35_h1p74_sex_male_w71p0_20260926_111343,/mnt/hdd16T/ToqeerHomeBackup/mujoco_project/outputs/_highrate_overnight/campaign_highrate_truth_v4_expanded42_new20/runs/P043/task_37/scenario37_age35_h1p74_sex_male_w71p0_20260926_111343/fall_scenario37_age35_20260926_111343_highrate_truth.csv,17.633333333335337,19.13333333333557,19.4633,1829.9666666646638,183,11,116,True,True,True,peak_impact_magnitude_within_3s_after_fall_onset,True,ok,repository_peak_impact_magnitude_within_3s_after_fall_onset_v2,>=30 actual samples on corrected 100Hz grid and >=1 complete 30-sample window,100,30,15,300,50,
P043,38,/mnt/hdd16T/ToqeerHomeBackup/mujoco_project/outputs/_highrate_overnight/campaign_highrate_truth_v4_expanded42_new20/runs/P043/task_38/scenario38_age35_h1p74_sex_male_w71p0_20260926_111610,/mnt/hdd16T/ToqeerHomeBackup/mujoco_project/outputs/_highrate_overnight/campaign_highrate_truth_v4_expanded42_new20/runs/P043/task_38/scenario38_age35_h1p74_sex_male_w71p0_20260926_111610/fall_scenario38_age35_20260926_111610_highrate_truth.csv,17.833333333335368,18.566666666668816,18.0633,229.96666666463383,23,0,117,True,True,False,peak_impact_magnitude_within_3s_after_fall_onset,True,ok,repository_peak_impact_magnitude_within_3s_after_fall_onset_v2,>=30 actual samples on corrected 100Hz grid and >=1 complete 30-sample window,100,30,15,300,50,recovered_interval_shorter_than_30_samples
P043,39,/mnt/hdd16T/ToqeerHomeBackup/mujoco_project/outputs/_highrate_overnight/campaign_highrate_truth_v4_expanded42_new20/runs/P043/task_39/scenario39_age35_h1p74_sex_male_w71p0_20260926_111838,/mnt/hdd16T/ToqeerHomeBackup/mujoco_project/outputs/_highrate_overnight/campaign_highrate_truth_v4_expanded42_new20/runs/P043/task_39/scenario39_age35_h1p74_sex_male_w71p0_20260926_111838/fall_scenario39_age35_20260926_111838_highrate_truth.csv,5.5000000000001075,6.13333333333354,6.1933,693.2999999998923,70,3,35,True,True,True,peak_impact_magnitude_within_3s_after_fall_onset,True,ok,repository_peak_impact_magnitude_within_3s_after_fall_onset_v2,>=30 actual samples on corrected 100Hz grid and >=1 complete 30-sample window,100,30,15,300,50,
P043,40,/mnt/hdd16T/ToqeerHomeBackup/mujoco_project/outputs/_highrate_overnight/campaign_highrate_truth_v4_expanded42_new20/runs/P043/task_40/scenario40_age35_h1p74_sex_male_w71p0_20260926_111913,/mnt/hdd16T/ToqeerHomeBackup/mujoco_project/outputs/_highrate_overnight/campaign_highrate_truth_v4_expanded42_new20/runs/P043/task_40/scenario40_age35_h1p74_sex_male_w71p0_20260926_111913/fall_scenario40_age35_20260926_111913_highrate_truth.csv,5.800000000000154,5.9333333333335085,6.1633,363.29999999984517,37,1,37,True,True,True,peak_impact_magnitude_within_3s_after_fall_onset,True,ok,repository_peak_impact_magnitude_within_3s_after_fall_onset_v2,>=30 actual samples on corrected 100Hz grid and >=1 complete 30-sample window,100,30,15,300,50,
P043,41,/mnt/hdd16T/ToqeerHomeBackup/mujoco_project/outputs/_highrate_overnight/campaign_highrate_truth_v4_expanded42_new20/runs/P043/task_41/scenario41_age35_h1p74_sex_male_w71p0_20260926_111949,/mnt/hdd16T/ToqeerHomeBackup/mujoco_project/outputs/_highrate_overnight/campaign_highrate_truth_v4_expanded42_new20/runs/P043/task_41/scenario41_age35_h1p74_sex_male_w71p0_20260926_111949/fall_scenario41_age35_20260926_111949_highrate_truth.csv,5.466666666666769,6.333333333333571,6.5033,1036.6333333332313,104,5,35,True,True,True,peak_impact_magnitude_within_3s_after_fall_onset,True,ok,repository_peak_impact_magnitude_within_3s_after_fall_onset_v2,>=30 actual samples on corrected 100Hz grid and >=1 complete 30-sample window,100,30,15,300,50,
P043,42,/mnt/hdd16T/ToqeerHomeBackup/mujoco_project/outputs/_highrate_overnight/campaign_highrate_truth_v4_expanded42_new20/runs/P043/task_42/scenario42_age35_h1p74_sex_male_w71p0_20260926_112026,/mnt/hdd16T/ToqeerHomeBackup/mujoco_project/outputs/_highrate_overnight/campaign_highrate_truth_v4_expanded42_new20/runs/P043/task_42/scenario42_age35_h1p74_sex_male_w71p0_20260926_112026/fall_scenario42_age35_20260926_112026_highrate_truth.csv,5.733333333333477,6.066666666666863,6.3333,599.9666666665231,60,3,37,True,True,True,peak_impact_magnitude_within_3s_after_fall_onset,True,ok,repository_peak_impact_magnitude_within_3s_after_fall_onset_v2,>=30 actual samples on corrected 100Hz grid and >=1 complete 30-sample window,100,30,15,300,50,
P044,20,/mnt/hdd16T/ToqeerHomeBackup/mujoco_project/outputs/_highrate_overnight/campaign_highrate_truth_v4_expanded42_new20/runs/P044/task_20/scenario20_age40_h1p67_sex_female_w63p0_20260926_112102,/mnt/hdd16T/ToqeerHomeBackup/mujoco_project/outputs/_highrate_overnight/campaign_highrate_truth_v4_expanded42_new20/runs/P044/task_20/scenario20_age40_h1p67_sex_female_w63p0_20260926_112102/fall_scenario20_age40_20260926_112102_highrate_truth.csv,6.233333333333555,6.500000000000264,6.6333,399.9666666664448,40,1,40,True,True,True,peak_impact_magnitude_within_3s_after_fall_onset,True,ok,repository_peak_impact_magnitude_within_3s_after_fall_onset_v2,>=30 actual samples on corrected 100Hz grid and >=1 complete 30-sample window,100,30,15,300,50,
P044,21,/mnt/hdd16T/ToqeerHomeBackup/mujoco_project/outputs/_highrate_overnight/campaign_highrate_truth_v4_expanded42_new20/runs/P044/task_21/scenario21_age40_h1p67_sex_female_w63p0_20260926_112205,/mnt/hdd16T/ToqeerHomeBackup/mujoco_project/outputs/_highrate_overnight/campaign_highrate_truth_v4_expanded42_new20/runs/P044/task_21/scenario21_age40_h1p67_sex_female_w63p0_20260926_112205/fall_scenario21_age40_20260926_112205_highrate_truth.csv,5.5000000000001075,5.5000000000001075,5.8333,333.2999999998929,34,1,35,True,True,True,peak_impact_magnitude_within_3s_after_fall_onset,True,ok,repository_peak_impact_magnitude_within_3s_after_fall_onset_v2,>=30 actual samples on corrected 100Hz grid and >=1 complete 30-sample window,100,30,15,300,50,
P044,22,/mnt/hdd16T/ToqeerHomeBackup/mujoco_project/outputs/_highrate_overnight/campaign_highrate_truth_v4_expanded42_new20/runs/P044/task_22/scenario22_age40_h1p67_sex_female_w63p0_20260926_112240,/mnt/hdd16T/ToqeerHomeBackup/mujoco_project/outputs/_highrate_overnight/campaign_highrate_truth_v4_expanded42_new20/runs/P044/task_22/scenario22_age40_h1p67_sex_female_w63p0_20260926_112240/fall_scenario22_age40_20260926_112240_highrate_truth.csv,5.5000000000001075,5.5000000000001075,5.8333,333.2999999998929,34,1,35,True,True,True,peak_impact_magnitude_within_3s_after_fall_onset,True,ok,repository_peak_impact_magnitude_within_3s_after_fall_onset_v2,>=30 actual samples on corrected 100Hz grid and >=1 complete 30-sample window,100,30,15,300,50,
P044,23,/mnt/hdd16T/ToqeerHomeBackup/mujoco_project/outputs/_highrate_overnight/campaign_highrate_truth_v4_expanded42_new20/runs/P044/task_23/scenario23_age40_h1p67_sex_female_w63p0_20260926_112315,/mnt/hdd16T/ToqeerHomeBackup/mujoco_project/outputs/_highrate_overnight/campaign_highrate_truth_v4_expanded42_new20/runs/P044/task_23/scenario23_age40_h1p67_sex_female_w63p0_20260926_112315/fall_scenario23_age40_20260926_112315_highrate_truth.csv,6.033333333333524,10.733333333334258,6.7933,759.9666666664762,76,4,39,True,True,True,peak_impact_magnitude_within_3s_after_fall_onset,True,ok,repository_peak_impact_magnitude_within_3s_after_fall_onset_v2,>=30 actual samples on corrected 100Hz grid and >=1 complete 30-sample window,100,30,15,300,50,
P044,24,/mnt/hdd16T/ToqeerHomeBackup/mujoco_project/outputs/_highrate_overnight/campaign_highrate_truth_v4_expanded42_new20/runs/P044/task_24/scenario24_age40_h1p67_sex_female_w63p0_20260926_112418,/mnt/hdd16T/ToqeerHomeBackup/mujoco_project/outputs/_highrate_overnight/campaign_highrate_truth_v4_expanded42_new20/runs/P044/task_24/scenario24_age40_h1p67_sex_female_w63p0_20260926_112418/fall_scenario24_age40_20260926_112418_highrate_truth.csv,5.5000000000001075,14.33333333333482,7.7033,2203.299999999892,221,13,35,True,True,True,peak_impact_magnitude_within_3s_after_fall_onset,True,ok,repository_peak_impact_magnitude_within_3s_after_fall_onset_v2,>=30 actual samples on corrected 100Hz grid and >=1 complete 30-sample window,100,30,15,300,50,
P044,28,/mnt/hdd16T/ToqeerHomeBackup/mujoco_project/outputs/_highrate_overnight/campaign_highrate_truth_v4_expanded42_new20/runs/P044/task_28/scenario28_age40_h1p67_sex_female_w63p0_20260926_112453,/mnt/hdd16T/ToqeerHomeBackup/mujoco_project/outputs/_highrate_overnight/campaign_highrate_truth_v4_expanded42_new20/runs/P044/task_28/scenario28_age40_h1p67_sex_female_w63p0_20260926_112453/fall_scenario28_age40_20260926_112453_highrate_truth.csv,17.433333333335305,17.966666666668722,18.5033,1069.966666664694,107,6,115,True,True,True,peak_impact_magnitude_within_3s_after_fall_onset,True,ok,repository_peak_impact_magnitude_within_3s_after_fall_onset_v2,>=30 actual samples on corrected 100Hz grid and >=1 complete 30-sample window,100,30,15,300,50,
P044,29,/mnt/hdd16T/ToqeerHomeBackup/mujoco_project/outputs/_highrate_overnight/campaign_highrate_truth_v4_expanded42_new20/runs/P044/task_29/scenario29_age40_h1p67_sex_female_w63p0_20260926_112722,/mnt/hdd16T/ToqeerHomeBackup/mujoco_project/outputs/_highrate_overnight/campaign_highrate_truth_v4_expanded42_new20/runs/P044/task_29/scenario29_age40_h1p67_sex_female_w63p0_20260926_112722/fall_scenario29_age40_20260926_112722_highrate_truth.csv,17.700000000002014,18.100000000002076,18.1733,473.29999999798747,48,2,117,True,True,True,peak_impact_magnitude_within_3s_after_fall_onset,True,ok,repository_peak_impact_magnitude_within_3s_after_fall_onset_v2,>=30 actual samples on corrected 100Hz grid and >=1 complete 30-sample window,100,30,15,300,50,
P044,30,/mnt/hdd16T/ToqeerHomeBackup/mujoco_project/outputs/_highrate_overnight/campaign_highrate_truth_v4_expanded42_new20/runs/P044/task_30/scenario30_age40_h1p67_sex_female_w63p0_20260926_112950,/mnt/hdd16T/ToqeerHomeBackup/mujoco_project/outputs/_highrate_overnight/campaign_highrate_truth_v4_expanded42_new20/runs/P044/task_30/scenario30_age40_h1p67_sex_female_w63p0_20260926_112950/fall_scenario30_age40_20260926_112950_highrate_truth.csv,17.30000000000195,18.566666666668816,17.4333,133.29999999804798,14,0,114,True,True,False,peak_impact_magnitude_within_3s_after_fall_onset,True,ok,repository_peak_impact_magnitude_within_3s_after_fall_onset_v2,>=30 actual samples on corrected 100Hz grid and >=1 complete 30-sample window,100,30,15,300,50,recovered_interval_shorter_than_30_samples
P044,31,/mnt/hdd16T/ToqeerHomeBackup/mujoco_project/outputs/_highrate_overnight/campaign_highrate_truth_v4_expanded42_new20/runs/P044/task_31/scenario31_age40_h1p67_sex_female_w63p0_20260926_113219,/mnt/hdd16T/ToqeerHomeBackup/mujoco_project/outputs/_highrate_overnight/campaign_highrate_truth_v4_expanded42_new20/runs/P044/task_31/scenario31_age40_h1p67_sex_female_w63p0_20260926_113219/fall_scenario31_age40_20260926_113219_highrate_truth.csv,17.266666666668613,18.23333333333543,17.3333,66.63333333138866,7,0,114,True,True,False,peak_impact_magnitude_within_3s_after_fall_onset,True,ok,repository_peak_impact_magnitude_within_3s_after_fall_onset_v2,>=30 actual samples on corrected 100Hz grid and >=1 complete 30-sample window,100,30,15,300,50,recovered_interval_shorter_than_30_samples
P044,32,/mnt/hdd16T/ToqeerHomeBackup/mujoco_project/outputs/_highrate_overnight/campaign_highrate_truth_v4_expanded42_new20/runs/P044/task_32/scenario32_age40_h1p67_sex_female_w63p0_20260926_113447,/mnt/hdd16T/ToqeerHomeBackup/mujoco_project/outputs/_highrate_overnight/campaign_highrate_truth_v4_expanded42_new20/runs/P044/task_32/scenario32_age40_h1p67_sex_female_w63p0_20260926_113447/fall_scenario32_age40_20260926_113447_highrate_truth.csv,17.900000000002045,18.166666666668753,18.6633,763.2999999979546,77,4,118,True,True,True,peak_impact_magnitude_within_3s_after_fall_onset,True,ok,repository_peak_impact_magnitude_within_3s_after_fall_onset_v2,>=30 actual samples on corrected 100Hz grid and >=1 complete 30-sample window,100,30,15,300,50,
P044,33,/mnt/hdd16T/ToqeerHomeBackup/mujoco_project/outputs/_highrate_overnight/campaign_highrate_truth_v4_expanded42_new20/runs/P044/task_33/scenario33_age40_h1p67_sex_female_w63p0_20260926_113714,/mnt/hdd16T/ToqeerHomeBackup/mujoco_project/outputs/_highrate_overnight/campaign_highrate_truth_v4_expanded42_new20/runs/P044/task_33/scenario33_age40_h1p67_sex_female_w63p0_20260926_113714/fall_scenario33_age40_20260926_113714_highrate_truth.csv,18.100000000002076,18.366666666668785,18.4633,363.29999999792403,37,1,119,True,True,True,peak_impact_magnitude_within_3s_after_fall_onset,True,ok,repository_peak_impact_magnitude_within_3s_after_fall_onset_v2,>=30 actual samples on corrected 100Hz grid and >=1 complete 30-sample window,100,30,15,300,50,
P044,34,/mnt/hdd16T/ToqeerHomeBackup/mujoco_project/outputs/_highrate_overnight/campaign_highrate_truth_v4_expanded42_new20/runs/P044/task_34/scenario34_age40_h1p67_sex_female_w63p0_20260926_113942,/mnt/hdd16T/ToqeerHomeBackup/mujoco_project/outputs/_highrate_overnight/campaign_highrate_truth_v4_expanded42_new20/runs/P044/task_34/scenario34_age40_h1p67_sex_female_w63p0_20260926_113942/fall_scenario34_age40_20260926_113942_highrate_truth.csv,17.833333333335368,20.06666666666905,19.5333,1699.9666666646326,170,10,117,True,True,True,peak_impact_magnitude_within_3s_after_fall_onset,True,ok,repository_peak_impact_magnitude_within_3s_after_fall_onset_v2,>=30 actual samples on corrected 100Hz grid and >=1 complete 30-sample window,100,30,15,300,50,
P044,37,/mnt/hdd16T/ToqeerHomeBackup/mujoco_project/outputs/_highrate_overnight/campaign_highrate_truth_v4_expanded42_new20/runs/P044/task_37/scenario37_age40_h1p67_sex_female_w63p0_20260926_114210,/mnt/hdd16T/ToqeerHomeBackup/mujoco_project/outputs/_highrate_overnight/campaign_highrate_truth_v4_expanded42_new20/runs/P044/task_37/scenario37_age40_h1p67_sex_female_w63p0_20260926_114210/fall_scenario37_age40_20260926_114210_highrate_truth.csv,17.866666666668706,18.73333333333551,18.5333,666.6333333312941,67,3,118,True,True,True,peak_impact_magnitude_within_3s_after_fall_onset,True,ok,repository_peak_impact_magnitude_within_3s_after_fall_onset_v2,>=30 actual samples on corrected 100Hz grid and >=1 complete 30-sample window,100,30,15,300,50,
P044,38,/mnt/hdd16T/ToqeerHomeBackup/mujoco_project/outputs/_highrate_overnight/campaign_highrate_truth_v4_expanded42_new20/runs/P044/task_38/scenario38_age40_h1p67_sex_female_w63p0_20260926_114438,/mnt/hdd16T/ToqeerHomeBackup/mujoco_project/outputs/_highrate_overnight/campaign_highrate_truth_v4_expanded42_new20/runs/P044/task_38/scenario38_age40_h1p67_sex_female_w63p0_20260926_114438/fall_scenario38_age40_20260926_114438_highrate_truth.csv,17.56666666666866,18.133333333335415,20.3333,2766.633333331342,277,17,116,True,True,True,peak_impact_magnitude_within_3s_after_fall_onset,True,ok,repository_peak_impact_magnitude_within_3s_after_fall_onset_v2,>=30 actual samples on corrected 100Hz grid and >=1 complete 30-sample window,100,30,15,300,50,
P044,39,/mnt/hdd16T/ToqeerHomeBackup/mujoco_project/outputs/_highrate_overnight/campaign_highrate_truth_v4_expanded42_new20/runs/P044/task_39/scenario39_age40_h1p67_sex_female_w63p0_20260926_114706,/mnt/hdd16T/ToqeerHomeBackup/mujoco_project/outputs/_highrate_overnight/campaign_highrate_truth_v4_expanded42_new20/runs/P044/task_39/scenario39_age40_h1p67_sex_female_w63p0_20260926_114706/fall_scenario39_age40_20260926_114706_highrate_truth.csv,5.466666666666769,6.066666666666863,6.1633,696.6333333332307,70,3,35,True,True,True,peak_impact_magnitude_within_3s_after_fall_onset,True,ok,repository_peak_impact_magnitude_within_3s_after_fall_onset_v2,>=30 actual samples on corrected 100Hz grid and >=1 complete 30-sample window,100,30,15,300,50,
P044,40,/mnt/hdd16T/ToqeerHomeBackup/mujoco_project/outputs/_highrate_overnight/campaign_highrate_truth_v4_expanded42_new20/runs/P044/task_40/scenario40_age40_h1p67_sex_female_w63p0_20260926_114741,/mnt/hdd16T/ToqeerHomeBackup/mujoco_project/outputs/_highrate_overnight/campaign_highrate_truth_v4_expanded42_new20/runs/P044/task_40/scenario40_age40_h1p67_sex_female_w63p0_20260926_114741/fall_scenario40_age40_20260926_114741_highrate_truth.csv,5.766666666666816,6.6666666666669565,6.1633,396.6333333331837,40,1,37,True,True,True,peak_impact_magnitude_within_3s_after_fall_onset,True,ok,repository_peak_impact_magnitude_within_3s_after_fall_onset_v2,>=30 actual samples on corrected 100Hz grid and >=1 complete 30-sample window,100,30,15,300,50,
P044,41,/mnt/hdd16T/ToqeerHomeBackup/mujoco_project/outputs/_highrate_overnight/campaign_highrate_truth_v4_expanded42_new20/runs/P044/task_41/scenario41_age40_h1p67_sex_female_w63p0_20260926_114817,/mnt/hdd16T/ToqeerHomeBackup/mujoco_project/outputs/_highrate_overnight/campaign_highrate_truth_v4_expanded42_new20/runs/P044/task_41/scenario41_age40_h1p67_sex_female_w63p0_20260926_114817/fall_scenario41_age40_20260926_114817_highrate_truth.csv,5.566666666666785,6.433333333333587,6.4633,896.6333333332157,90,5,36,True,True,True,peak_impact_magnitude_within_3s_after_fall_onset,True,ok,repository_peak_impact_magnitude_within_3s_after_fall_onset_v2,>=30 actual samples on corrected 100Hz grid and >=1 complete 30-sample window,100,30,15,300,50,
P044,42,/mnt/hdd16T/ToqeerHomeBackup/mujoco_project/outputs/_highrate_overnight/campaign_highrate_truth_v4_expanded42_new20/runs/P044/task_42/scenario42_age40_h1p67_sex_female_w63p0_20260926_114853,/mnt/hdd16T/ToqeerHomeBackup/mujoco_project/outputs/_highrate_overnight/campaign_highrate_truth_v4_expanded42_new20/runs/P044/task_42/scenario42_age40_h1p67_sex_female_w63p0_20260926_114853/fall_scenario42_age40_20260926_114853_highrate_truth.csv,5.766666666666816,6.100000000000201,6.1333,366.6333333331844,37,1,37,True,True,True,peak_impact_magnitude_within_3s_after_fall_onset,True,ok,repository_peak_impact_magnitude_within_3s_after_fall_onset_v2,>=30 actual samples on corrected 100Hz grid and >=1 complete 30-sample window,100,30,15,300,50,
P045,20,/mnt/hdd16T/ToqeerHomeBackup/mujoco_project/outputs/_highrate_overnight/campaign_highrate_truth_v4_expanded42_new20/runs/P045/task_20/scenario20_age43_h1p85_sex_male_w88p0_20260926_114930,/mnt/hdd16T/ToqeerHomeBackup/mujoco_project/outputs/_highrate_overnight/campaign_highrate_truth_v4_expanded42_new20/runs/P045/task_20/scenario20_age43_h1p85_sex_male_w88p0_20260926_114930/fall_scenario20_age43_20260926_114930_highrate_truth.csv,6.13333333333354,6.500000000000264,6.5333,399.96666666645984,40,1,39,True,True,True,peak_impact_magnitude_within_3s_after_fall_onset,True,ok,repository_peak_impact_magnitude_within_3s_after_fall_onset_v2,>=30 actual samples on corrected 100Hz grid and >=1 complete 30-sample window,100,30,15,300,50,
P045,21,/mnt/hdd16T/ToqeerHomeBackup/mujoco_project/outputs/_highrate_overnight/campaign_highrate_truth_v4_expanded42_new20/runs/P045/task_21/scenario21_age43_h1p85_sex_male_w88p0_20260926_115033,/mnt/hdd16T/ToqeerHomeBackup/mujoco_project/outputs/_highrate_overnight/campaign_highrate_truth_v4_expanded42_new20/runs/P045/task_21/scenario21_age43_h1p85_sex_male_w88p0_20260926_115033/fall_scenario21_age43_20260926_115033_highrate_truth.csv,5.5000000000001075,5.533333333333446,5.7633,263.29999999989263,27,0,35,True,True,False,peak_impact_magnitude_within_3s_after_fall_onset,True,ok,repository_peak_impact_magnitude_within_3s_after_fall_onset_v2,>=30 actual samples on corrected 100Hz grid and >=1 complete 30-sample window,100,30,15,300,50,recovered_interval_shorter_than_30_samples
P045,22,/mnt/hdd16T/ToqeerHomeBackup/mujoco_project/outputs/_highrate_overnight/campaign_highrate_truth_v4_expanded42_new20/runs/P045/task_22/scenario22_age43_h1p85_sex_male_w88p0_20260926_115108,/mnt/hdd16T/ToqeerHomeBackup/mujoco_project/outputs/_highrate_overnight/campaign_highrate_truth_v4_expanded42_new20/runs/P045/task_22/scenario22_age43_h1p85_sex_male_w88p0_20260926_115108/fall_scenario22_age43_20260926_115108_highrate_truth.csv,5.5000000000001075,5.533333333333446,5.7633,263.29999999989263,27,0,35,True,True,False,peak_impact_magnitude_within_3s_after_fall_onset,True,ok,repository_peak_impact_magnitude_within_3s_after_fall_onset_v2,>=30 actual samples on corrected 100Hz grid and >=1 complete 30-sample window,100,30,15,300,50,recovered_interval_shorter_than_30_samples
P045,23,/mnt/hdd16T/ToqeerHomeBackup/mujoco_project/outputs/_highrate_overnight/campaign_highrate_truth_v4_expanded42_new20/runs/P045/task_23/scenario23_age43_h1p85_sex_male_w88p0_20260926_115143,/mnt/hdd16T/ToqeerHomeBackup/mujoco_project/outputs/_highrate_overnight/campaign_highrate_truth_v4_expanded42_new20/runs/P045/task_23/scenario23_age43_h1p85_sex_male_w88p0_20260926_115143/fall_scenario23_age43_20260926_115143_highrate_truth.csv,6.100000000000201,6.566666666666941,6.8633,763.2999999997985,77,4,39,True,True,True,peak_impact_magnitude_within_3s_after_fall_onset,True,ok,repository_peak_impact_magnitude_within_3s_after_fall_onset_v2,>=30 actual samples on corrected 100Hz grid and >=1 complete 30-sample window,100,30,15,300,50,
P045,24,/mnt/hdd16T/ToqeerHomeBackup/mujoco_project/outputs/_highrate_overnight/campaign_highrate_truth_v4_expanded42_new20/runs/P045/task_24/scenario24_age43_h1p85_sex_male_w88p0_20260926_115246,/mnt/hdd16T/ToqeerHomeBackup/mujoco_project/outputs/_highrate_overnight/campaign_highrate_truth_v4_expanded42_new20/runs/P045/task_24/scenario24_age43_h1p85_sex_male_w88p0_20260926_115246/fall_scenario24_age43_20260926_115246_highrate_truth.csv,5.333333333333415,5.8666666666668315,6.8333,1499.9666666665855,150,9,34,True,True,True,peak_impact_magnitude_within_3s_after_fall_onset,True,ok,repository_peak_impact_magnitude_within_3s_after_fall_onset_v2,>=30 actual samples on corrected 100Hz grid and >=1 complete 30-sample window,100,30,15,300,50,
P045,28,/mnt/hdd16T/ToqeerHomeBackup/mujoco_project/outputs/_highrate_overnight/campaign_highrate_truth_v4_expanded42_new20/runs/P045/task_28/scenario28_age43_h1p85_sex_male_w88p0_20260926_115322,/mnt/hdd16T/ToqeerHomeBackup/mujoco_project/outputs/_highrate_overnight/campaign_highrate_truth_v4_expanded42_new20/runs/P045/task_28/scenario28_age43_h1p85_sex_male_w88p0_20260926_115322/fall_scenario28_age43_20260926_115322_highrate_truth.csv,7.366666666667066,7.866666666667144,7.8333,466.63333333293446,47,2,48,True,True,True,peak_impact_magnitude_within_3s_after_fall_onset,True,ok,repository_peak_impact_magnitude_within_3s_after_fall_onset_v2,>=30 actual samples on corrected 100Hz grid and >=1 complete 30-sample window,100,30,15,300,50,
P045,29,/mnt/hdd16T/ToqeerHomeBackup/mujoco_project/outputs/_highrate_overnight/campaign_highrate_truth_v4_expanded42_new20/runs/P045/task_29/scenario29_age43_h1p85_sex_male_w88p0_20260926_115551,/mnt/hdd16T/ToqeerHomeBackup/mujoco_project/outputs/_highrate_overnight/campaign_highrate_truth_v4_expanded42_new20/runs/P045/task_29/scenario29_age43_h1p85_sex_male_w88p0_20260926_115551/fall_scenario29_age43_20260926_115551_highrate_truth.csv,7.73333333333379,8.500000000000576,8.4333,699.9666666662092,70,3,50,True,True,True,peak_impact_magnitude_within_3s_after_fall_onset,True,ok,repository_peak_impact_magnitude_within_3s_after_fall_onset_v2,>=30 actual samples on corrected 100Hz grid and >=1 complete 30-sample window,100,30,15,300,50,
P045,30,/mnt/hdd16T/ToqeerHomeBackup/mujoco_project/outputs/_highrate_overnight/campaign_highrate_truth_v4_expanded42_new20/runs/P045/task_30/scenario30_age43_h1p85_sex_male_w88p0_20260926_115821,/mnt/hdd16T/ToqeerHomeBackup/mujoco_project/outputs/_highrate_overnight/campaign_highrate_truth_v4_expanded42_new20/runs/P045/task_30/scenario30_age43_h1p85_sex_male_w88p0_20260926_115821/fall_scenario30_age43_20260926_115821_highrate_truth.csv,7.466666666667082,8.40000000000056,7.5333,66.6333333329181,7,0,48,True,True,False,peak_impact_magnitude_within_3s_after_fall_onset,True,ok,repository_peak_impact_magnitude_within_3s_after_fall_onset_v2,>=30 actual samples on corrected 100Hz grid and >=1 complete 30-sample window,100,30,15,300,50,recovered_interval_shorter_than_30_samples
P045,31,/mnt/hdd16T/ToqeerHomeBackup/mujoco_project/outputs/_highrate_overnight/campaign_highrate_truth_v4_expanded42_new20/runs/P045/task_31/scenario31_age43_h1p85_sex_male_w88p0_20260926_120050,/mnt/hdd16T/ToqeerHomeBackup/mujoco_project/outputs/_highrate_overnight/campaign_highrate_truth_v4_expanded42_new20/runs/P045/task_31/scenario31_age43_h1p85_sex_male_w88p0_20260926_120050/fall_scenario31_age43_20260926_120050_highrate_truth.csv,7.466666666667082,7.600000000000436,7.6333,166.63333333291862,17,0,48,True,True,False,peak_impact_magnitude_within_3s_after_fall_onset,True,ok,repository_peak_impact_magnitude_within_3s_after_fall_onset_v2,>=30 actual samples on corrected 100Hz grid and >=1 complete 30-sample window,100,30,15,300,50,recovered_interval_shorter_than_30_samples
P045,32,/mnt/hdd16T/ToqeerHomeBackup/mujoco_project/outputs/_highrate_overnight/campaign_highrate_truth_v4_expanded42_new20/runs/P045/task_32/scenario32_age43_h1p85_sex_male_w88p0_20260926_120319,/mnt/hdd16T/ToqeerHomeBackup/mujoco_project/outputs/_highrate_overnight/campaign_highrate_truth_v4_expanded42_new20/runs/P045/task_32/scenario32_age43_h1p85_sex_male_w88p0_20260926_120319/fall_scenario32_age43_20260926_120319_highrate_truth.csv,8.233333333333867,8.700000000000607,8.6933,459.9666666661335,46,2,53,True,True,True,peak_impact_magnitude_within_3s_after_fall_onset,True,ok,repository_peak_impact_magnitude_within_3s_after_fall_onset_v2,>=30 actual samples on corrected 100Hz grid and >=1 complete 30-sample window,100,30,15,300,50,
P045,33,/mnt/hdd16T/ToqeerHomeBackup/mujoco_project/outputs/_highrate_overnight/campaign_highrate_truth_v4_expanded42_new20/runs/P045/task_33/scenario33_age43_h1p85_sex_male_w88p0_20260926_120549,/mnt/hdd16T/ToqeerHomeBackup/mujoco_project/outputs/_highrate_overnight/campaign_highrate_truth_v4_expanded42_new20/runs/P045/task_33/scenario33_age43_h1p85_sex_male_w88p0_20260926_120549/fall_scenario33_age43_20260926_120549_highrate_truth.csv,8.266666666667206,8.566666666667253,8.5733,306.633333332794,31,1,54,True,True,True,peak_impact_magnitude_within_3s_after_fall_onset,True,ok,repository_peak_impact_magnitude_within_3s_after_fall_onset_v2,>=30 actual samples on corrected 100Hz grid and >=1 complete 30-sample window,100,30,15,300,50,
P045,34,/mnt/hdd16T/ToqeerHomeBackup/mujoco_project/outputs/_highrate_overnight/campaign_highrate_truth_v4_expanded42_new20/runs/P045/task_34/scenario34_age43_h1p85_sex_male_w88p0_20260926_120819,/mnt/hdd16T/ToqeerHomeBackup/mujoco_project/outputs/_highrate_overnight/campaign_highrate_truth_v4_expanded42_new20/runs/P045/task_34/scenario34_age43_h1p85_sex_male_w88p0_20260926_120819/fall_scenario34_age43_20260926_120819_highrate_truth.csv,8.266666666667206,8.8666666666673,10.1033,1836.633333332795,184,11,54,True,True,True,peak_impact_magnitude_within_3s_after_fall_onset,True,ok,repository_peak_impact_magnitude_within_3s_after_fall_onset_v2,>=30 actual samples on corrected 100Hz grid and >=1 complete 30-sample window,100,30,15,300,50,
P045,37,/mnt/hdd16T/ToqeerHomeBackup/mujoco_project/outputs/_highrate_overnight/campaign_highrate_truth_v4_expanded42_new20/runs/P045/task_37/scenario37_age43_h1p85_sex_male_w88p0_20260926_121047,/mnt/hdd16T/ToqeerHomeBackup/mujoco_project/outputs/_highrate_overnight/campaign_highrate_truth_v4_expanded42_new20/runs/P045/task_37/scenario37_age43_h1p85_sex_male_w88p0_20260926_121047/fall_scenario37_age43_20260926_121047_highrate_truth.csv,9.366666666667378,10.366666666667534,10.4033,1036.633333332622,104,5,61,True,True,True,peak_impact_magnitude_within_3s_after_fall_onset,True,ok,repository_peak_impact_magnitude_within_3s_after_fall_onset_v2,>=30 actual samples on corrected 100Hz grid and >=1 complete 30-sample window,100,30,15,300,50,
P045,38,/mnt/hdd16T/ToqeerHomeBackup/mujoco_project/outputs/_highrate_overnight/campaign_highrate_truth_v4_expanded42_new20/runs/P045/task_38/scenario38_age43_h1p85_sex_male_w88p0_20260926_121317,/mnt/hdd16T/ToqeerHomeBackup/mujoco_project/outputs/_highrate_overnight/campaign_highrate_truth_v4_expanded42_new20/runs/P045/task_38/scenario38_age43_h1p85_sex_male_w88p0_20260926_121317/fall_scenario38_age43_20260926_121317_highrate_truth.csv,11.300000000001013,11.60000000000106,11.6033,303.2999999989876,31,1,74,True,True,True,peak_impact_magnitude_within_3s_after_fall_onset,True,ok,repository_peak_impact_magnitude_within_3s_after_fall_onset_v2,>=30 actual samples on corrected 100Hz grid and >=1 complete 30-sample window,100,30,15,300,50,
P045,39,/mnt/hdd16T/ToqeerHomeBackup/mujoco_project/outputs/_highrate_overnight/campaign_highrate_truth_v4_expanded42_new20/runs/P045/task_39/scenario39_age43_h1p85_sex_male_w88p0_20260926_121546,/mnt/hdd16T/ToqeerHomeBackup/mujoco_project/outputs/_highrate_overnight/campaign_highrate_truth_v4_expanded42_new20/runs/P045/task_39/scenario39_age43_h1p85_sex_male_w88p0_20260926_121546/fall_scenario39_age43_20260926_121546_highrate_truth.csv,5.466666666666769,6.3000000000002325,5.6333,166.63333333323126,17,0,35,True,True,False,peak_impact_magnitude_within_3s_after_fall_onset,True,ok,repository_peak_impact_magnitude_within_3s_after_fall_onset_v2,>=30 actual samples on corrected 100Hz grid and >=1 complete 30-sample window,100,30,15,300,50,recovered_interval_shorter_than_30_samples
P045,40,/mnt/hdd16T/ToqeerHomeBackup/mujoco_project/outputs/_highrate_overnight/campaign_highrate_truth_v4_expanded42_new20/runs/P045/task_40/scenario40_age43_h1p85_sex_male_w88p0_20260926_121621,/mnt/hdd16T/ToqeerHomeBackup/mujoco_project/outputs/_highrate_overnight/campaign_highrate_truth_v4_expanded42_new20/runs/P045/task_40/scenario40_age43_h1p85_sex_male_w88p0_20260926_121621/fall_scenario40_age43_20260926_121621_highrate_truth.csv,5.43333333333343,6.433333333333587,6.4033,969.9666666665694,97,5,35,True,True,True,peak_impact_magnitude_within_3s_after_fall_onset,True,ok,repository_peak_impact_magnitude_within_3s_after_fall_onset_v2,>=30 actual samples on corrected 100Hz grid and >=1 complete 30-sample window,100,30,15,300,50,
P045,41,/mnt/hdd16T/ToqeerHomeBackup/mujoco_project/outputs/_highrate_overnight/campaign_highrate_truth_v4_expanded42_new20/runs/P045/task_41/scenario41_age43_h1p85_sex_male_w88p0_20260926_121657,/mnt/hdd16T/ToqeerHomeBackup/mujoco_project/outputs/_highrate_overnight/campaign_highrate_truth_v4_expanded42_new20/runs/P045/task_41/scenario41_age43_h1p85_sex_male_w88p0_20260926_121657/fall_scenario41_age43_20260926_121657_highrate_truth.csv,5.300000000000076,6.36666666666691,6.6333,1333.299999999924,134,7,34,True,True,True,peak_impact_magnitude_within_3s_after_fall_onset,True,ok,repository_peak_impact_magnitude_within_3s_after_fall_onset_v2,>=30 actual samples on corrected 100Hz grid and >=1 complete 30-sample window,100,30,15,300,50,
P045,42,/mnt/hdd16T/ToqeerHomeBackup/mujoco_project/outputs/_highrate_overnight/campaign_highrate_truth_v4_expanded42_new20/runs/P045/task_42/scenario42_age43_h1p85_sex_male_w88p0_20260926_121733,/mnt/hdd16T/ToqeerHomeBackup/mujoco_project/outputs/_highrate_overnight/campaign_highrate_truth_v4_expanded42_new20/runs/P045/task_42/scenario42_age43_h1p85_sex_male_w88p0_20260926_121733/fall_scenario42_age43_20260926_121733_highrate_truth.csv,5.300000000000076,6.333333333333571,6.4033,1103.2999999999236,111,6,34,True,True,True,peak_impact_magnitude_within_3s_after_fall_onset,True,ok,repository_peak_impact_magnitude_within_3s_after_fall_onset_v2,>=30 actual samples on corrected 100Hz grid and >=1 complete 30-sample window,100,30,15,300,50,
P046,20,/mnt/hdd16T/ToqeerHomeBackup/mujoco_project/outputs/_highrate_overnight/campaign_highrate_truth_v4_expanded42_new20/runs/P046/task_20/scenario20_age47_h1p72_sex_male_w76p0_20260926_121810,/mnt/hdd16T/ToqeerHomeBackup/mujoco_project/outputs/_highrate_overnight/campaign_highrate_truth_v4_expanded42_new20/runs/P046/task_20/scenario20_age47_h1p72_sex_male_w76p0_20260926_121810/fall_scenario20_age47_20260926_121810_highrate_truth.csv,6.000000000000186,6.633333333333618,6.7333,733.2999999998142,74,3,39,True,True,True,peak_impact_magnitude_within_3s_after_fall_onset,True,ok,repository_peak_impact_magnitude_within_3s_after_fall_onset_v2,>=30 actual samples on corrected 100Hz grid and >=1 complete 30-sample window,100,30,15,300,50,
P046,21,/mnt/hdd16T/ToqeerHomeBackup/mujoco_project/outputs/_highrate_overnight/campaign_highrate_truth_v4_expanded42_new20/runs/P046/task_21/scenario21_age47_h1p72_sex_male_w76p0_20260926_121913,/mnt/hdd16T/ToqeerHomeBackup/mujoco_project/outputs/_highrate_overnight/campaign_highrate_truth_v4_expanded42_new20/runs/P046/task_21/scenario21_age47_h1p72_sex_male_w76p0_20260926_121913/fall_scenario21_age47_20260926_121913_highrate_truth.csv,5.5000000000001075,5.5000000000001075,5.5033,3.299999999892833,1,0,35,True,True,False,peak_impact_magnitude_within_3s_after_fall_onset,True,ok,repository_peak_impact_magnitude_within_3s_after_fall_onset_v2,>=30 actual samples on corrected 100Hz grid and >=1 complete 30-sample window,100,30,15,300,50,recovered_interval_shorter_than_30_samples
P046,22,/mnt/hdd16T/ToqeerHomeBackup/mujoco_project/outputs/_highrate_overnight/campaign_highrate_truth_v4_expanded42_new20/runs/P046/task_22/scenario22_age47_h1p72_sex_male_w76p0_20260926_121948,/mnt/hdd16T/ToqeerHomeBackup/mujoco_project/outputs/_highrate_overnight/campaign_highrate_truth_v4_expanded42_new20/runs/P046/task_22/scenario22_age47_h1p72_sex_male_w76p0_20260926_121948/fall_scenario22_age47_20260926_121948_highrate_truth.csv,5.5000000000001075,5.5000000000001075,5.5033,3.299999999892833,1,0,35,True,True,False,peak_impact_magnitude_within_3s_after_fall_onset,True,ok,repository_peak_impact_magnitude_within_3s_after_fall_onset_v2,>=30 actual samples on corrected 100Hz grid and >=1 complete 30-sample window,100,30,15,300,50,recovered_interval_shorter_than_30_samples
P046,23,/mnt/hdd16T/ToqeerHomeBackup/mujoco_project/outputs/_highrate_overnight/campaign_highrate_truth_v4_expanded42_new20/runs/P046/task_23/scenario23_age47_h1p72_sex_male_w76p0_20260926_122023,/mnt/hdd16T/ToqeerHomeBackup/mujoco_project/outputs/_highrate_overnight/campaign_highrate_truth_v4_expanded42_new20/runs/P046/task_23/scenario23_age47_h1p72_sex_male_w76p0_20260926_122023/fall_scenario23_age47_20260926_122023_highrate_truth.csv,6.000000000000186,14.900000000001576,6.8333,833.2999999998148,84,4,39,True,True,True,peak_impact_magnitude_within_3s_after_fall_onset,True,ok,repository_peak_impact_magnitude_within_3s_after_fall_onset_v2,>=30 actual samples on corrected 100Hz grid and >=1 complete 30-sample window,100,30,15,300,50,
P046,24,/mnt/hdd16T/ToqeerHomeBackup/mujoco_project/outputs/_highrate_overnight/campaign_highrate_truth_v4_expanded42_new20/runs/P046/task_24/scenario24_age47_h1p72_sex_male_w76p0_20260926_122127,/mnt/hdd16T/ToqeerHomeBackup/mujoco_project/outputs/_highrate_overnight/campaign_highrate_truth_v4_expanded42_new20/runs/P046/task_24/scenario24_age47_h1p72_sex_male_w76p0_20260926_122127/fall_scenario24_age47_20260926_122127_highrate_truth.csv,5.5000000000001075,10.93333333333429,5.8033,303.29999999989263,31,1,35,True,True,True,peak_impact_magnitude_within_3s_after_fall_onset,True,ok,repository_peak_impact_magnitude_within_3s_after_fall_onset_v2,>=30 actual samples on corrected 100Hz grid and >=1 complete 30-sample window,100,30,15,300,50,
P046,28,/mnt/hdd16T/ToqeerHomeBackup/mujoco_project/outputs/_highrate_overnight/campaign_highrate_truth_v4_expanded42_new20/runs/P046/task_28/scenario28_age47_h1p72_sex_male_w76p0_20260926_122202,/mnt/hdd16T/ToqeerHomeBackup/mujoco_project/outputs/_highrate_overnight/campaign_highrate_truth_v4_expanded42_new20/runs/P046/task_28/scenario28_age47_h1p72_sex_male_w76p0_20260926_122202/fall_scenario28_age47_20260926_122202_highrate_truth.csv,7.50000000000042,8.133333333333852,7.9633,463.29999999958017,47,2,49,True,True,True,peak_impact_magnitude_within_3s_after_fall_onset,True,ok,repository_peak_impact_magnitude_within_3s_after_fall_onset_v2,>=30 actual samples on corrected 100Hz grid and >=1 complete 30-sample window,100,30,15,300,50,
P046,29,/mnt/hdd16T/ToqeerHomeBackup/mujoco_project/outputs/_highrate_overnight/campaign_highrate_truth_v4_expanded42_new20/runs/P046/task_29/scenario29_age47_h1p72_sex_male_w76p0_20260926_122431,/mnt/hdd16T/ToqeerHomeBackup/mujoco_project/outputs/_highrate_overnight/campaign_highrate_truth_v4_expanded42_new20/runs/P046/task_29/scenario29_age47_h1p72_sex_male_w76p0_20260926_122431/fall_scenario29_age47_20260926_122431_highrate_truth.csv,7.700000000000451,8.666666666667268,8.4333,733.2999999995477,74,3,50,True,True,True,peak_impact_magnitude_within_3s_after_fall_onset,True,ok,repository_peak_impact_magnitude_within_3s_after_fall_onset_v2,>=30 actual samples on corrected 100Hz grid and >=1 complete 30-sample window,100,30,15,300,50,
P046,30,/mnt/hdd16T/ToqeerHomeBackup/mujoco_project/outputs/_highrate_overnight/campaign_highrate_truth_v4_expanded42_new20/runs/P046/task_30/scenario30_age47_h1p72_sex_male_w76p0_20260926_122700,/mnt/hdd16T/ToqeerHomeBackup/mujoco_project/outputs/_highrate_overnight/campaign_highrate_truth_v4_expanded42_new20/runs/P046/task_30/scenario30_age47_h1p72_sex_male_w76p0_20260926_122700/fall_scenario30_age47_20260926_122700_highrate_truth.csv,7.433333333333743,7.600000000000436,7.4633,29.966666666257247,3,0,48,True,True,False,peak_impact_magnitude_within_3s_after_fall_onset,True,ok,repository_peak_impact_magnitude_within_3s_after_fall_onset_v2,>=30 actual samples on corrected 100Hz grid and >=1 complete 30-sample window,100,30,15,300,50,recovered_interval_shorter_than_30_samples
P046,31,/mnt/hdd16T/ToqeerHomeBackup/mujoco_project/outputs/_highrate_overnight/campaign_highrate_truth_v4_expanded42_new20/runs/P046/task_31/scenario31_age47_h1p72_sex_male_w76p0_20260926_122929,/mnt/hdd16T/ToqeerHomeBackup/mujoco_project/outputs/_highrate_overnight/campaign_highrate_truth_v4_expanded42_new20/runs/P046/task_31/scenario31_age47_h1p72_sex_male_w76p0_20260926_122929/fall_scenario31_age47_20260926_122929_highrate_truth.csv,7.433333333333743,7.8333333333338055,8.0333,599.9666666662575,60,3,48,True,True,True,peak_impact_magnitude_within_3s_after_fall_onset,True,ok,repository_peak_impact_magnitude_within_3s_after_fall_onset_v2,>=30 actual samples on corrected 100Hz grid and >=1 complete 30-sample window,100,30,15,300,50,
P046,32,/mnt/hdd16T/ToqeerHomeBackup/mujoco_project/outputs/_highrate_overnight/campaign_highrate_truth_v4_expanded42_new20/runs/P046/task_32/scenario32_age47_h1p72_sex_male_w76p0_20260926_123158,/mnt/hdd16T/ToqeerHomeBackup/mujoco_project/outputs/_highrate_overnight/campaign_highrate_truth_v4_expanded42_new20/runs/P046/task_32/scenario32_age47_h1p72_sex_male_w76p0_20260926_123158/fall_scenario32_age47_20260926_123158_highrate_truth.csv,8.233333333333867,8.766666666667284,8.6333,399.966666666133,40,1,53,True,True,True,peak_impact_magnitude_within_3s_after_fall_onset,True,ok,repository_peak_impact_magnitude_within_3s_after_fall_onset_v2,>=30 actual samples on corrected 100Hz grid and >=1 complete 30-sample window,100,30,15,300,50,
P046,33,/mnt/hdd16T/ToqeerHomeBackup/mujoco_project/outputs/_highrate_overnight/campaign_highrate_truth_v4_expanded42_new20/runs/P046/task_33/scenario33_age47_h1p72_sex_male_w76p0_20260926_123427,/mnt/hdd16T/ToqeerHomeBackup/mujoco_project/outputs/_highrate_overnight/campaign_highrate_truth_v4_expanded42_new20/runs/P046/task_33/scenario33_age47_h1p72_sex_male_w76p0_20260926_123427/fall_scenario33_age47_20260926_123427_highrate_truth.csv,8.300000000000544,8.666666666667268,8.6933,393.2999999994564,40,1,54,True,True,True,peak_impact_magnitude_within_3s_after_fall_onset,True,ok,repository_peak_impact_magnitude_within_3s_after_fall_onset_v2,>=30 actual samples on corrected 100Hz grid and >=1 complete 30-sample window,100,30,15,300,50,
P046,34,/mnt/hdd16T/ToqeerHomeBackup/mujoco_project/outputs/_highrate_overnight/campaign_highrate_truth_v4_expanded42_new20/runs/P046/task_34/scenario34_age47_h1p72_sex_male_w76p0_20260926_123656,/mnt/hdd16T/ToqeerHomeBackup/mujoco_project/outputs/_highrate_overnight/campaign_highrate_truth_v4_expanded42_new20/runs/P046/task_34/scenario34_age47_h1p72_sex_male_w76p0_20260926_123656/fall_scenario34_age47_20260926_123656_highrate_truth.csv,8.300000000000544,8.766666666667284,10.1033,1803.2999999994565,181,11,54,True,True,True,peak_impact_magnitude_within_3s_after_fall_onset,True,ok,repository_peak_impact_magnitude_within_3s_after_fall_onset_v2,>=30 actual samples on corrected 100Hz grid and >=1 complete 30-sample window,100,30,15,300,50,
P046,37,/mnt/hdd16T/ToqeerHomeBackup/mujoco_project/outputs/_highrate_overnight/campaign_highrate_truth_v4_expanded42_new20/runs/P046/task_37/scenario37_age47_h1p72_sex_male_w76p0_20260926_123925,/mnt/hdd16T/ToqeerHomeBackup/mujoco_project/outputs/_highrate_overnight/campaign_highrate_truth_v4_expanded42_new20/runs/P046/task_37/scenario37_age47_h1p72_sex_male_w76p0_20260926_123925/fall_scenario37_age47_20260926_123925_highrate_truth.csv,18.066666666668738,18.70000000000217,20.1633,2096.633333331262,210,13,119,True,True,True,peak_impact_magnitude_within_3s_after_fall_onset,True,ok,repository_peak_impact_magnitude_within_3s_after_fall_onset_v2,>=30 actual samples on corrected 100Hz grid and >=1 complete 30-sample window,100,30,15,300,50,
P046,38,/mnt/hdd16T/ToqeerHomeBackup/mujoco_project/outputs/_highrate_overnight/campaign_highrate_truth_v4_expanded42_new20/runs/P046/task_38/scenario38_age47_h1p72_sex_male_w76p0_20260926_124153,/mnt/hdd16T/ToqeerHomeBackup/mujoco_project/outputs/_highrate_overnight/campaign_highrate_truth_v4_expanded42_new20/runs/P046/task_38/scenario38_age47_h1p72_sex_male_w76p0_20260926_124153/fall_scenario38_age47_20260926_124153_highrate_truth.csv,17.933333333335383,18.66666666666883,20.0733,2139.9666666646162,214,13,118,True,True,True,peak_impact_magnitude_within_3s_after_fall_onset,True,ok,repository_peak_impact_magnitude_within_3s_after_fall_onset_v2,>=30 actual samples on corrected 100Hz grid and >=1 complete 30-sample window,100,30,15,300,50,
P046,39,/mnt/hdd16T/ToqeerHomeBackup/mujoco_project/outputs/_highrate_overnight/campaign_highrate_truth_v4_expanded42_new20/runs/P046/task_39/scenario39_age47_h1p72_sex_male_w76p0_20260926_124421,/mnt/hdd16T/ToqeerHomeBackup/mujoco_project/outputs/_highrate_overnight/campaign_highrate_truth_v4_expanded42_new20/runs/P046/task_39/scenario39_age47_h1p72_sex_male_w76p0_20260926_124421/fall_scenario39_age47_20260926_124421_highrate_truth.csv,5.5000000000001075,6.13333333333354,6.2033,703.2999999998922,71,3,35,True,True,True,peak_impact_magnitude_within_3s_after_fall_onset,True,ok,repository_peak_impact_magnitude_within_3s_after_fall_onset_v2,>=30 actual samples on corrected 100Hz grid and >=1 complete 30-sample window,100,30,15,300,50,
P046,40,/mnt/hdd16T/ToqeerHomeBackup/mujoco_project/outputs/_highrate_overnight/campaign_highrate_truth_v4_expanded42_new20/runs/P046/task_40/scenario40_age47_h1p72_sex_male_w76p0_20260926_124456,/mnt/hdd16T/ToqeerHomeBackup/mujoco_project/outputs/_highrate_overnight/campaign_highrate_truth_v4_expanded42_new20/runs/P046/task_40/scenario40_age47_h1p72_sex_male_w76p0_20260926_124456/fall_scenario40_age47_20260926_124456_highrate_truth.csv,5.833333333333493,6.3000000000002325,6.3033,469.9666666665072,47,2,37,True,True,True,peak_impact_magnitude_within_3s_after_fall_onset,True,ok,repository_peak_impact_magnitude_within_3s_after_fall_onset_v2,>=30 actual samples on corrected 100Hz grid and >=1 complete 30-sample window,100,30,15,300,50,
P046,41,/mnt/hdd16T/ToqeerHomeBackup/mujoco_project/outputs/_highrate_overnight/campaign_highrate_truth_v4_expanded42_new20/runs/P046/task_41/scenario41_age47_h1p72_sex_male_w76p0_20260926_124532,/mnt/hdd16T/ToqeerHomeBackup/mujoco_project/outputs/_highrate_overnight/campaign_highrate_truth_v4_expanded42_new20/runs/P046/task_41/scenario41_age47_h1p72_sex_male_w76p0_20260926_124532/fall_scenario41_age47_20260926_124532_highrate_truth.csv,5.5000000000001075,6.36666666666691,6.5333,1033.2999999998922,104,5,35,True,True,True,peak_impact_magnitude_within_3s_after_fall_onset,True,ok,repository_peak_impact_magnitude_within_3s_after_fall_onset_v2,>=30 actual samples on corrected 100Hz grid and >=1 complete 30-sample window,100,30,15,300,50,
P046,42,/mnt/hdd16T/ToqeerHomeBackup/mujoco_project/outputs/_highrate_overnight/campaign_highrate_truth_v4_expanded42_new20/runs/P046/task_42/scenario42_age47_h1p72_sex_male_w76p0_20260926_124608,/mnt/hdd16T/ToqeerHomeBackup/mujoco_project/outputs/_highrate_overnight/campaign_highrate_truth_v4_expanded42_new20/runs/P046/task_42/scenario42_age47_h1p72_sex_male_w76p0_20260926_124608/fall_scenario42_age47_20260926_124608_highrate_truth.csv,5.600000000000123,6.400000000000248,6.0333,433.29999999987655,44,1,36,True,True,True,peak_impact_magnitude_within_3s_after_fall_onset,True,ok,repository_peak_impact_magnitude_within_3s_after_fall_onset_v2,>=30 actual samples on corrected 100Hz grid and >=1 complete 30-sample window,100,30,15,300,50,
P047,20,/mnt/hdd16T/ToqeerHomeBackup/mujoco_project/outputs/_highrate_overnight/campaign_highrate_truth_v4_expanded42_new20/runs/P047/task_20/scenario20_age50_h1p89_sex_male_w94p0_20260926_124645,/mnt/hdd16T/ToqeerHomeBackup/mujoco_project/outputs/_highrate_overnight/campaign_highrate_truth_v4_expanded42_new20/runs/P047/task_20/scenario20_age50_h1p89_sex_male_w94p0_20260926_124645/fall_scenario20_age50_20260926_124645_highrate_truth.csv,5.8666666666668315,6.466666666666925,7.8633,1996.6333333331684,200,12,38,True,True,True,peak_impact_magnitude_within_3s_after_fall_onset,True,ok,repository_peak_impact_magnitude_within_3s_after_fall_onset_v2,>=30 actual samples on corrected 100Hz grid and >=1 complete 30-sample window,100,30,15,300,50,
P047,21,/mnt/hdd16T/ToqeerHomeBackup/mujoco_project/outputs/_highrate_overnight/campaign_highrate_truth_v4_expanded42_new20/runs/P047/task_21/scenario21_age50_h1p89_sex_male_w94p0_20260926_124748,/mnt/hdd16T/ToqeerHomeBackup/mujoco_project/outputs/_highrate_overnight/campaign_highrate_truth_v4_expanded42_new20/runs/P047/task_21/scenario21_age50_h1p89_sex_male_w94p0_20260926_124748/fall_scenario21_age50_20260926_124748_highrate_truth.csv,5.5000000000001075,5.5000000000001075,6.8633,1363.2999999998922,137,8,35,True,True,True,peak_impact_magnitude_within_3s_after_fall_onset,True,ok,repository_peak_impact_magnitude_within_3s_after_fall_onset_v2,>=30 actual samples on corrected 100Hz grid and >=1 complete 30-sample window,100,30,15,300,50,
P047,22,/mnt/hdd16T/ToqeerHomeBackup/mujoco_project/outputs/_highrate_overnight/campaign_highrate_truth_v4_expanded42_new20/runs/P047/task_22/scenario22_age50_h1p89_sex_male_w94p0_20260926_124824,/mnt/hdd16T/ToqeerHomeBackup/mujoco_project/outputs/_highrate_overnight/campaign_highrate_truth_v4_expanded42_new20/runs/P047/task_22/scenario22_age50_h1p89_sex_male_w94p0_20260926_124824/fall_scenario22_age50_20260926_124824_highrate_truth.csv,5.5000000000001075,5.5000000000001075,6.8633,1363.2999999998922,137,8,35,True,True,True,peak_impact_magnitude_within_3s_after_fall_onset,True,ok,repository_peak_impact_magnitude_within_3s_after_fall_onset_v2,>=30 actual samples on corrected 100Hz grid and >=1 complete 30-sample window,100,30,15,300,50,
P047,23,/mnt/hdd16T/ToqeerHomeBackup/mujoco_project/outputs/_highrate_overnight/campaign_highrate_truth_v4_expanded42_new20/runs/P047/task_23/scenario23_age50_h1p89_sex_male_w94p0_20260926_124859,/mnt/hdd16T/ToqeerHomeBackup/mujoco_project/outputs/_highrate_overnight/campaign_highrate_truth_v4_expanded42_new20/runs/P047/task_23/scenario23_age50_h1p89_sex_male_w94p0_20260926_124859/fall_scenario23_age50_20260926_124859_highrate_truth.csv,5.90000000000017,6.6666666666669565,6.6633,763.2999999998295,77,4,38,True,True,True,peak_impact_magnitude_within_3s_after_fall_onset,True,ok,repository_peak_impact_magnitude_within_3s_after_fall_onset_v2,>=30 actual samples on corrected 100Hz grid and >=1 complete 30-sample window,100,30,15,300,50,
P047,24,/mnt/hdd16T/ToqeerHomeBackup/mujoco_project/outputs/_highrate_overnight/campaign_highrate_truth_v4_expanded42_new20/runs/P047/task_24/scenario24_age50_h1p89_sex_male_w94p0_20260926_125002,/mnt/hdd16T/ToqeerHomeBackup/mujoco_project/outputs/_highrate_overnight/campaign_highrate_truth_v4_expanded42_new20/runs/P047/task_24/scenario24_age50_h1p89_sex_male_w94p0_20260926_125002/fall_scenario24_age50_20260926_125002_highrate_truth.csv,5.5000000000001075,5.5000000000001075,6.9333,1433.2999999998926,144,8,35,True,True,True,peak_impact_magnitude_within_3s_after_fall_onset,True,ok,repository_peak_impact_magnitude_within_3s_after_fall_onset_v2,>=30 actual samples on corrected 100Hz grid and >=1 complete 30-sample window,100,30,15,300,50,
P047,28,/mnt/hdd16T/ToqeerHomeBackup/mujoco_project/outputs/_highrate_overnight/campaign_highrate_truth_v4_expanded42_new20/runs/P047/task_28/scenario28_age50_h1p89_sex_male_w94p0_20260926_125037,/mnt/hdd16T/ToqeerHomeBackup/mujoco_project/outputs/_highrate_overnight/campaign_highrate_truth_v4_expanded42_new20/runs/P047/task_28/scenario28_age50_h1p89_sex_male_w94p0_20260926_125037/fall_scenario28_age50_20260926_125037_highrate_truth.csv,7.900000000000483,8.266666666667206,8.2633,363.29999999951656,37,1,51,True,True,True,peak_impact_magnitude_within_3s_after_fall_onset,True,ok,repository_peak_impact_magnitude_within_3s_after_fall_onset_v2,>=30 actual samples on corrected 100Hz grid and >=1 complete 30-sample window,100,30,15,300,50,
P047,29,/mnt/hdd16T/ToqeerHomeBackup/mujoco_project/outputs/_highrate_overnight/campaign_highrate_truth_v4_expanded42_new20/runs/P047/task_29/scenario29_age50_h1p89_sex_male_w94p0_20260926_125307,/mnt/hdd16T/ToqeerHomeBackup/mujoco_project/outputs/_highrate_overnight/campaign_highrate_truth_v4_expanded42_new20/runs/P047/task_29/scenario29_age50_h1p89_sex_male_w94p0_20260926_125307/fall_scenario29_age50_20260926_125307_highrate_truth.csv,8.100000000000513,8.700000000000607,8.7633,663.2999999994862,67,3,53,True,True,True,peak_impact_magnitude_within_3s_after_fall_onset,True,ok,repository_peak_impact_magnitude_within_3s_after_fall_onset_v2,>=30 actual samples on corrected 100Hz grid and >=1 complete 30-sample window,100,30,15,300,50,
P047,30,/mnt/hdd16T/ToqeerHomeBackup/mujoco_project/outputs/_highrate_overnight/campaign_highrate_truth_v4_expanded42_new20/runs/P047/task_30/scenario30_age50_h1p89_sex_male_w94p0_20260926_125537,/mnt/hdd16T/ToqeerHomeBackup/mujoco_project/outputs/_highrate_overnight/campaign_highrate_truth_v4_expanded42_new20/runs/P047/task_30/scenario30_age50_h1p89_sex_male_w94p0_20260926_125537/fall_scenario30_age50_20260926_125537_highrate_truth.csv,7.933333333333821,8.033333333333836,8.0333,99.96666666617938,10,0,51,True,True,False,peak_impact_magnitude_within_3s_after_fall_onset,True,ok,repository_peak_impact_magnitude_within_3s_after_fall_onset_v2,>=30 actual samples on corrected 100Hz grid and >=1 complete 30-sample window,100,30,15,300,50,recovered_interval_shorter_than_30_samples
P047,31,/mnt/hdd16T/ToqeerHomeBackup/mujoco_project/outputs/_highrate_overnight/campaign_highrate_truth_v4_expanded42_new20/runs/P047/task_31/scenario31_age50_h1p89_sex_male_w94p0_20260926_125807,/mnt/hdd16T/ToqeerHomeBackup/mujoco_project/outputs/_highrate_overnight/campaign_highrate_truth_v4_expanded42_new20/runs/P047/task_31/scenario31_age50_h1p89_sex_male_w94p0_20260926_125807/fall_scenario31_age50_20260926_125807_highrate_truth.csv,7.933333333333821,8.000000000000497,8.0333,99.96666666617938,10,0,51,True,True,False,peak_impact_magnitude_within_3s_after_fall_onset,True,ok,repository_peak_impact_magnitude_within_3s_after_fall_onset_v2,>=30 actual samples on corrected 100Hz grid and >=1 complete 30-sample window,100,30,15,300,50,recovered_interval_shorter_than_30_samples
P047,32,/mnt/hdd16T/ToqeerHomeBackup/mujoco_project/outputs/_highrate_overnight/campaign_highrate_truth_v4_expanded42_new20/runs/P047/task_32/scenario32_age50_h1p89_sex_male_w94p0_20260926_130036,/mnt/hdd16T/ToqeerHomeBackup/mujoco_project/outputs/_highrate_overnight/campaign_highrate_truth_v4_expanded42_new20/runs/P047/task_32/scenario32_age50_h1p89_sex_male_w94p0_20260926_130036/fall_scenario32_age50_20260926_130036_highrate_truth.csv,8.600000000000591,8.833333333333961,8.9633,363.2999999994091,37,1,56,True,True,True,peak_impact_magnitude_within_3s_after_fall_onset,True,ok,repository_peak_impact_magnitude_within_3s_after_fall_onset_v2,>=30 actual samples on corrected 100Hz grid and >=1 complete 30-sample window,100,30,15,300,50,
P047,33,/mnt/hdd16T/ToqeerHomeBackup/mujoco_project/outputs/_highrate_overnight/campaign_highrate_truth_v4_expanded42_new20/runs/P047/task_33/scenario33_age50_h1p89_sex_male_w94p0_20260926_130306,/mnt/hdd16T/ToqeerHomeBackup/mujoco_project/outputs/_highrate_overnight/campaign_highrate_truth_v4_expanded42_new20/runs/P047/task_33/scenario33_age50_h1p89_sex_male_w94p0_20260926_130306/fall_scenario33_age50_20260926_130306_highrate_truth.csv,8.200000000000529,8.933333333333977,9.0033,803.2999999994707,81,4,53,True,True,True,peak_impact_magnitude_within_3s_after_fall_onset,True,ok,repository_peak_impact_magnitude_within_3s_after_fall_onset_v2,>=30 actual samples on corrected 100Hz grid and >=1 complete 30-sample window,100,30,15,300,50,
P047,34,/mnt/hdd16T/ToqeerHomeBackup/mujoco_project/outputs/_highrate_overnight/campaign_highrate_truth_v4_expanded42_new20/runs/P047/task_34/scenario34_age50_h1p89_sex_male_w94p0_20260926_130535,/mnt/hdd16T/ToqeerHomeBackup/mujoco_project/outputs/_highrate_overnight/campaign_highrate_truth_v4_expanded42_new20/runs/P047/task_34/scenario34_age50_h1p89_sex_male_w94p0_20260926_130535/fall_scenario34_age50_20260926_130535_highrate_truth.csv,8.766666666667284,9.133333333334008,11.5333,2766.6333333327166,277,17,57,True,True,True,peak_impact_magnitude_within_3s_after_fall_onset,True,ok,repository_peak_impact_magnitude_within_3s_after_fall_onset_v2,>=30 actual samples on corrected 100Hz grid and >=1 complete 30-sample window,100,30,15,300,50,
P047,37,/mnt/hdd16T/ToqeerHomeBackup/mujoco_project/outputs/_highrate_overnight/campaign_highrate_truth_v4_expanded42_new20/runs/P047/task_37/scenario37_age50_h1p89_sex_male_w94p0_20260926_130804,/mnt/hdd16T/ToqeerHomeBackup/mujoco_project/outputs/_highrate_overnight/campaign_highrate_truth_v4_expanded42_new20/runs/P047/task_37/scenario37_age50_h1p89_sex_male_w94p0_20260926_130804/fall_scenario37_age50_20260926_130804_highrate_truth.csv,11.433333333334367,13.000000000001279,12.1033,669.9666666656334,67,3,75,True,True,True,peak_impact_magnitude_within_3s_after_fall_onset,True,ok,repository_peak_impact_magnitude_within_3s_after_fall_onset_v2,>=30 actual samples on corrected 100Hz grid and >=1 complete 30-sample window,100,30,15,300,50,
P047,38,/mnt/hdd16T/ToqeerHomeBackup/mujoco_project/outputs/_highrate_overnight/campaign_highrate_truth_v4_expanded42_new20/runs/P047/task_38/scenario38_age50_h1p89_sex_male_w94p0_20260926_131033,/mnt/hdd16T/ToqeerHomeBackup/mujoco_project/outputs/_highrate_overnight/campaign_highrate_truth_v4_expanded42_new20/runs/P047/task_38/scenario38_age50_h1p89_sex_male_w94p0_20260926_131033/fall_scenario38_age50_20260926_131033_highrate_truth.csv,10.100000000000826,10.866666666667612,13.0933,2993.2999999991735,300,19,66,True,True,True,peak_impact_magnitude_within_3s_after_fall_onset,True,ok,repository_peak_impact_magnitude_within_3s_after_fall_onset_v2,>=30 actual samples on corrected 100Hz grid and >=1 complete 30-sample window,100,30,15,300,50,
P047,39,/mnt/hdd16T/ToqeerHomeBackup/mujoco_project/outputs/_highrate_overnight/campaign_highrate_truth_v4_expanded42_new20/runs/P047/task_39/scenario39_age50_h1p89_sex_male_w94p0_20260926_131302,/mnt/hdd16T/ToqeerHomeBackup/mujoco_project/outputs/_highrate_overnight/campaign_highrate_truth_v4_expanded42_new20/runs/P047/task_39/scenario39_age50_h1p89_sex_male_w94p0_20260926_131302/fall_scenario39_age50_20260926_131302_highrate_truth.csv,5.300000000000076,6.066666666666863,6.1333,833.299999999924,84,4,34,True,True,True,peak_impact_magnitude_within_3s_after_fall_onset,True,ok,repository_peak_impact_magnitude_within_3s_after_fall_onset_v2,>=30 actual samples on corrected 100Hz grid and >=1 complete 30-sample window,100,30,15,300,50,
P047,40,/mnt/hdd16T/ToqeerHomeBackup/mujoco_project/outputs/_highrate_overnight/campaign_highrate_truth_v4_expanded42_new20/runs/P047/task_40/scenario40_age50_h1p89_sex_male_w94p0_20260926_131338,/mnt/hdd16T/ToqeerHomeBackup/mujoco_project/outputs/_highrate_overnight/campaign_highrate_truth_v4_expanded42_new20/runs/P047/task_40/scenario40_age50_h1p89_sex_male_w94p0_20260926_131338/fall_scenario40_age50_20260926_131338_highrate_truth.csv,5.90000000000017,6.233333333333555,6.4333,533.29999999983,54,2,38,True,True,True,peak_impact_magnitude_within_3s_after_fall_onset,True,ok,repository_peak_impact_magnitude_within_3s_after_fall_onset_v2,>=30 actual samples on corrected 100Hz grid and >=1 complete 30-sample window,100,30,15,300,50,
P047,41,/mnt/hdd16T/ToqeerHomeBackup/mujoco_project/outputs/_highrate_overnight/campaign_highrate_truth_v4_expanded42_new20/runs/P047/task_41/scenario41_age50_h1p89_sex_male_w94p0_20260926_131414,/mnt/hdd16T/ToqeerHomeBackup/mujoco_project/outputs/_highrate_overnight/campaign_highrate_truth_v4_expanded42_new20/runs/P047/task_41/scenario41_age50_h1p89_sex_male_w94p0_20260926_131414/fall_scenario41_age50_20260926_131414_highrate_truth.csv,5.800000000000154,6.766666666666972,6.3333,533.299999999846,54,2,37,True,True,True,peak_impact_magnitude_within_3s_after_fall_onset,True,ok,repository_peak_impact_magnitude_within_3s_after_fall_onset_v2,>=30 actual samples on corrected 100Hz grid and >=1 complete 30-sample window,100,30,15,300,50,
P047,42,/mnt/hdd16T/ToqeerHomeBackup/mujoco_project/outputs/_highrate_overnight/campaign_highrate_truth_v4_expanded42_new20/runs/P047/task_42/scenario42_age50_h1p89_sex_male_w94p0_20260926_131450,/mnt/hdd16T/ToqeerHomeBackup/mujoco_project/outputs/_highrate_overnight/campaign_highrate_truth_v4_expanded42_new20/runs/P047/task_42/scenario42_age50_h1p89_sex_male_w94p0_20260926_131450/fall_scenario42_age50_20260926_131450_highrate_truth.csv,5.400000000000092,5.966666666666847,6.3733,973.2999999999086,98,5,35,True,True,True,peak_impact_magnitude_within_3s_after_fall_onset,True,ok,repository_peak_impact_magnitude_within_3s_after_fall_onset_v2,>=30 actual samples on corrected 100Hz grid and >=1 complete 30-sample window,100,30,15,300,50,
P048,20,/mnt/hdd16T/ToqeerHomeBackup/mujoco_project/outputs/_highrate_overnight/campaign_highrate_truth_v4_expanded42_new20/runs/P048/task_20/scenario20_age54_h1p79_sex_male_w82p0_20260926_131527,/mnt/hdd16T/ToqeerHomeBackup/mujoco_project/outputs/_highrate_overnight/campaign_highrate_truth_v4_expanded42_new20/runs/P048/task_20/scenario20_age54_h1p79_sex_male_w82p0_20260926_131527/fall_scenario20_age54_20260926_131527_highrate_truth.csv,6.233333333333555,6.566666666666941,6.6633,429.9666666664441,43,1,40,True,True,True,peak_impact_magnitude_within_3s_after_fall_onset,True,ok,repository_peak_impact_magnitude_within_3s_after_fall_onset_v2,>=30 actual samples on corrected 100Hz grid and >=1 complete 30-sample window,100,30,15,300,50,
P048,21,/mnt/hdd16T/ToqeerHomeBackup/mujoco_project/outputs/_highrate_overnight/campaign_highrate_truth_v4_expanded42_new20/runs/P048/task_21/scenario21_age54_h1p79_sex_male_w82p0_20260926_131631,/mnt/hdd16T/ToqeerHomeBackup/mujoco_project/outputs/_highrate_overnight/campaign_highrate_truth_v4_expanded42_new20/runs/P048/task_21/scenario21_age54_h1p79_sex_male_w82p0_20260926_131631/fall_scenario21_age54_20260926_131631_highrate_truth.csv,5.5000000000001075,5.533333333333446,5.6633,163.2999999998921,17,0,35,True,True,False,peak_impact_magnitude_within_3s_after_fall_onset,True,ok,repository_peak_impact_magnitude_within_3s_after_fall_onset_v2,>=30 actual samples on corrected 100Hz grid and >=1 complete 30-sample window,100,30,15,300,50,recovered_interval_shorter_than_30_samples
P048,22,/mnt/hdd16T/ToqeerHomeBackup/mujoco_project/outputs/_highrate_overnight/campaign_highrate_truth_v4_expanded42_new20/runs/P048/task_22/scenario22_age54_h1p79_sex_male_w82p0_20260926_131706,/mnt/hdd16T/ToqeerHomeBackup/mujoco_project/outputs/_highrate_overnight/campaign_highrate_truth_v4_expanded42_new20/runs/P048/task_22/scenario22_age54_h1p79_sex_male_w82p0_20260926_131706/fall_scenario22_age54_20260926_131706_highrate_truth.csv,5.5000000000001075,5.533333333333446,5.6633,163.2999999998921,17,0,35,True,True,False,peak_impact_magnitude_within_3s_after_fall_onset,True,ok,repository_peak_impact_magnitude_within_3s_after_fall_onset_v2,>=30 actual samples on corrected 100Hz grid and >=1 complete 30-sample window,100,30,15,300,50,recovered_interval_shorter_than_30_samples
P048,23,/mnt/hdd16T/ToqeerHomeBackup/mujoco_project/outputs/_highrate_overnight/campaign_highrate_truth_v4_expanded42_new20/runs/P048/task_23/scenario23_age54_h1p79_sex_male_w82p0_20260926_131741,/mnt/hdd16T/ToqeerHomeBackup/mujoco_project/outputs/_highrate_overnight/campaign_highrate_truth_v4_expanded42_new20/runs/P048/task_23/scenario23_age54_h1p79_sex_male_w82p0_20260926_131741/fall_scenario23_age54_20260926_131741_highrate_truth.csv,6.3000000000002325,6.566666666666941,6.5733,273.2999999997672,28,0,41,True,True,False,peak_impact_magnitude_within_3s_after_fall_onset,True,ok,repository_peak_impact_magnitude_within_3s_after_fall_onset_v2,>=30 actual samples on corrected 100Hz grid and >=1 complete 30-sample window,100,30,15,300,50,recovered_interval_shorter_than_30_samples
P048,24,/mnt/hdd16T/ToqeerHomeBackup/mujoco_project/outputs/_highrate_overnight/campaign_highrate_truth_v4_expanded42_new20/runs/P048/task_24/scenario24_age54_h1p79_sex_male_w82p0_20260926_131845,/mnt/hdd16T/ToqeerHomeBackup/mujoco_project/outputs/_highrate_overnight/campaign_highrate_truth_v4_expanded42_new20/runs/P048/task_24/scenario24_age54_h1p79_sex_male_w82p0_20260926_131845/fall_scenario24_age54_20260926_131845_highrate_truth.csv,5.5000000000001075,5.5000000000001075,5.8633,363.2999999998923,37,1,35,True,True,True,peak_impact_magnitude_within_3s_after_fall_onset,True,ok,repository_peak_impact_magnitude_within_3s_after_fall_onset_v2,>=30 actual samples on corrected 100Hz grid and >=1 complete 30-sample window,100,30,15,300,50,
P048,28,/mnt/hdd16T/ToqeerHomeBackup/mujoco_project/outputs/_highrate_overnight/campaign_highrate_truth_v4_expanded42_new20/runs/P048/task_28/scenario28_age54_h1p79_sex_male_w82p0_20260926_131920,/mnt/hdd16T/ToqeerHomeBackup/mujoco_project/outputs/_highrate_overnight/campaign_highrate_truth_v4_expanded42_new20/runs/P048/task_28/scenario28_age54_h1p79_sex_male_w82p0_20260926_131920/fall_scenario28_age54_20260926_131920_highrate_truth.csv,7.166666666667035,7.666666666667113,7.8633,696.6333333329651,70,3,46,True,True,True,peak_impact_magnitude_within_3s_after_fall_onset,True,ok,repository_peak_impact_magnitude_within_3s_after_fall_onset_v2,>=30 actual samples on corrected 100Hz grid and >=1 complete 30-sample window,100,30,15,300,50,
P048,29,/mnt/hdd16T/ToqeerHomeBackup/mujoco_project/outputs/_highrate_overnight/campaign_highrate_truth_v4_expanded42_new20/runs/P048/task_29/scenario29_age54_h1p79_sex_male_w82p0_20260926_132150,/mnt/hdd16T/ToqeerHomeBackup/mujoco_project/outputs/_highrate_overnight/campaign_highrate_truth_v4_expanded42_new20/runs/P048/task_29/scenario29_age54_h1p79_sex_male_w82p0_20260926_132150/fall_scenario29_age54_20260926_132150_highrate_truth.csv,7.466666666667082,8.100000000000513,8.1633,696.633333332918,70,3,48,True,True,True,peak_impact_magnitude_within_3s_after_fall_onset,True,ok,repository_peak_impact_magnitude_within_3s_after_fall_onset_v2,>=30 actual samples on corrected 100Hz grid and >=1 complete 30-sample window,100,30,15,300,50,
P048,30,/mnt/hdd16T/ToqeerHomeBackup/mujoco_project/outputs/_highrate_overnight/campaign_highrate_truth_v4_expanded42_new20/runs/P048/task_30/scenario30_age54_h1p79_sex_male_w82p0_20260926_132420,/mnt/hdd16T/ToqeerHomeBackup/mujoco_project/outputs/_highrate_overnight/campaign_highrate_truth_v4_expanded42_new20/runs/P048/task_30/scenario30_age54_h1p79_sex_male_w82p0_20260926_132420/fall_scenario30_age54_20260926_132420_highrate_truth.csv,7.200000000000373,7.466666666667082,7.2333,33.29999999962663,4,0,47,True,True,False,peak_impact_magnitude_within_3s_after_fall_onset,True,ok,repository_peak_impact_magnitude_within_3s_after_fall_onset_v2,>=30 actual samples on corrected 100Hz grid and >=1 complete 30-sample window,100,30,15,300,50,recovered_interval_shorter_than_30_samples
P048,31,/mnt/hdd16T/ToqeerHomeBackup/mujoco_project/outputs/_highrate_overnight/campaign_highrate_truth_v4_expanded42_new20/runs/P048/task_31/scenario31_age54_h1p79_sex_male_w82p0_20260926_132650,/mnt/hdd16T/ToqeerHomeBackup/mujoco_project/outputs/_highrate_overnight/campaign_highrate_truth_v4_expanded42_new20/runs/P048/task_31/scenario31_age54_h1p79_sex_male_w82p0_20260926_132650/fall_scenario31_age54_20260926_132650_highrate_truth.csv,7.166666666667035,8.266666666667206,7.3333,166.63333333296572,17,0,46,True,True,False,peak_impact_magnitude_within_3s_after_fall_onset,True,ok,repository_peak_impact_magnitude_within_3s_after_fall_onset_v2,>=30 actual samples on corrected 100Hz grid and >=1 complete 30-sample window,100,30,15,300,50,recovered_interval_shorter_than_30_samples
P048,32,/mnt/hdd16T/ToqeerHomeBackup/mujoco_project/outputs/_highrate_overnight/campaign_highrate_truth_v4_expanded42_new20/runs/P048/task_32/scenario32_age54_h1p79_sex_male_w82p0_20260926_132920,/mnt/hdd16T/ToqeerHomeBackup/mujoco_project/outputs/_highrate_overnight/campaign_highrate_truth_v4_expanded42_new20/runs/P048/task_32/scenario32_age54_h1p79_sex_male_w82p0_20260926_132920/fall_scenario32_age54_20260926_132920_highrate_truth.csv,8.000000000000497,8.333333333333883,8.3633,363.29999999950326,37,1,52,True,True,True,peak_impact_magnitude_within_3s_after_fall_onset,True,ok,repository_peak_impact_magnitude_within_3s_after_fall_onset_v2,>=30 actual samples on corrected 100Hz grid and >=1 complete 30-sample window,100,30,15,300,50,
P048,33,/mnt/hdd16T/ToqeerHomeBackup/mujoco_project/outputs/_highrate_overnight/campaign_highrate_truth_v4_expanded42_new20/runs/P048/task_33/scenario33_age54_h1p79_sex_male_w82p0_20260926_133150,/mnt/hdd16T/ToqeerHomeBackup/mujoco_project/outputs/_highrate_overnight/campaign_highrate_truth_v4_expanded42_new20/runs/P048/task_33/scenario33_age54_h1p79_sex_male_w82p0_20260926_133150/fall_scenario33_age54_20260926_133150_highrate_truth.csv,7.8333333333338055,8.266666666667206,8.5333,699.966666666195,70,3,51,True,True,True,peak_impact_magnitude_within_3s_after_fall_onset,True,ok,repository_peak_impact_magnitude_within_3s_after_fall_onset_v2,>=30 actual samples on corrected 100Hz grid and >=1 complete 30-sample window,100,30,15,300,50,
P048,34,/mnt/hdd16T/ToqeerHomeBackup/mujoco_project/outputs/_highrate_overnight/campaign_highrate_truth_v4_expanded42_new20/runs/P048/task_34/scenario34_age54_h1p79_sex_male_w82p0_20260926_133420,/mnt/hdd16T/ToqeerHomeBackup/mujoco_project/outputs/_highrate_overnight/campaign_highrate_truth_v4_expanded42_new20/runs/P048/task_34/scenario34_age54_h1p79_sex_male_w82p0_20260926_133420/fall_scenario34_age54_20260926_133420_highrate_truth.csv,8.033333333333836,10.166666666667503,10.4333,2399.9666666661633,240,15,52,True,True,True,peak_impact_magnitude_within_3s_after_fall_onset,True,ok,repository_peak_impact_magnitude_within_3s_after_fall_onset_v2,>=30 actual samples on corrected 100Hz grid and >=1 complete 30-sample window,100,30,15,300,50,
P048,37,/mnt/hdd16T/ToqeerHomeBackup/mujoco_project/outputs/_highrate_overnight/campaign_highrate_truth_v4_expanded42_new20/runs/P048/task_37/scenario37_age54_h1p79_sex_male_w82p0_20260926_133649,/mnt/hdd16T/ToqeerHomeBackup/mujoco_project/outputs/_highrate_overnight/campaign_highrate_truth_v4_expanded42_new20/runs/P048/task_37/scenario37_age54_h1p79_sex_male_w82p0_20260926_133649/fall_scenario37_age54_20260926_133649_highrate_truth.csv,18.26666666666877,19.000000000002217,19.0333,766.6333333312316,77,4,120,True,True,True,peak_impact_magnitude_within_3s_after_fall_onset,True,ok,repository_peak_impact_magnitude_within_3s_after_fall_onset_v2,>=30 actual samples on corrected 100Hz grid and >=1 complete 30-sample window,100,30,15,300,50,
P048,38,/mnt/hdd16T/ToqeerHomeBackup/mujoco_project/outputs/_highrate_overnight/campaign_highrate_truth_v4_expanded42_new20/runs/P048/task_38/scenario38_age54_h1p79_sex_male_w82p0_20260926_133919,/mnt/hdd16T/ToqeerHomeBackup/mujoco_project/outputs/_highrate_overnight/campaign_highrate_truth_v4_expanded42_new20/runs/P048/task_38/scenario38_age54_h1p79_sex_male_w82p0_20260926_133919/fall_scenario38_age54_20260926_133919_highrate_truth.csv,18.26666666666877,18.766666666668847,19.5333,1266.6333333312316,127,7,120,True,True,True,peak_impact_magnitude_within_3s_after_fall_onset,True,ok,repository_peak_impact_magnitude_within_3s_after_fall_onset_v2,>=30 actual samples on corrected 100Hz grid and >=1 complete 30-sample window,100,30,15,300,50,
P048,39,/mnt/hdd16T/ToqeerHomeBackup/mujoco_project/outputs/_highrate_overnight/campaign_highrate_truth_v4_expanded42_new20/runs/P048/task_39/scenario39_age54_h1p79_sex_male_w82p0_20260926_134147,/mnt/hdd16T/ToqeerHomeBackup/mujoco_project/outputs/_highrate_overnight/campaign_highrate_truth_v4_expanded42_new20/runs/P048/task_39/scenario39_age54_h1p79_sex_male_w82p0_20260926_134147/fall_scenario39_age54_20260926_134147_highrate_truth.csv,5.5000000000001075,6.13333333333354,6.1033,603.2999999998925,61,3,35,True,True,True,peak_impact_magnitude_within_3s_after_fall_onset,True,ok,repository_peak_impact_magnitude_within_3s_after_fall_onset_v2,>=30 actual samples on corrected 100Hz grid and >=1 complete 30-sample window,100,30,15,300,50,
P048,40,/mnt/hdd16T/ToqeerHomeBackup/mujoco_project/outputs/_highrate_overnight/campaign_highrate_truth_v4_expanded42_new20/runs/P048/task_40/scenario40_age54_h1p79_sex_male_w82p0_20260926_134222,/mnt/hdd16T/ToqeerHomeBackup/mujoco_project/outputs/_highrate_overnight/campaign_highrate_truth_v4_expanded42_new20/runs/P048/task_40/scenario40_age54_h1p79_sex_male_w82p0_20260926_134222/fall_scenario40_age54_20260926_134222_highrate_truth.csv,6.033333333333524,6.833333333333649,6.3033,269.96666666647593,27,0,39,True,True,False,peak_impact_magnitude_within_3s_after_fall_onset,True,ok,repository_peak_impact_magnitude_within_3s_after_fall_onset_v2,>=30 actual samples on corrected 100Hz grid and >=1 complete 30-sample window,100,30,15,300,50,recovered_interval_shorter_than_30_samples
P048,41,/mnt/hdd16T/ToqeerHomeBackup/mujoco_project/outputs/_highrate_overnight/campaign_highrate_truth_v4_expanded42_new20/runs/P048/task_41/scenario41_age54_h1p79_sex_male_w82p0_20260926_134258,/mnt/hdd16T/ToqeerHomeBackup/mujoco_project/outputs/_highrate_overnight/campaign_highrate_truth_v4_expanded42_new20/runs/P048/task_41/scenario41_age54_h1p79_sex_male_w82p0_20260926_134258/fall_scenario41_age54_20260926_134258_highrate_truth.csv,5.366666666666753,6.36666666666691,6.5033,1136.633333333247,114,6,34,True,True,True,peak_impact_magnitude_within_3s_after_fall_onset,True,ok,repository_peak_impact_magnitude_within_3s_after_fall_onset_v2,>=30 actual samples on corrected 100Hz grid and >=1 complete 30-sample window,100,30,15,300,50,
P048,42,/mnt/hdd16T/ToqeerHomeBackup/mujoco_project/outputs/_highrate_overnight/campaign_highrate_truth_v4_expanded42_new20/runs/P048/task_42/scenario42_age54_h1p79_sex_male_w82p0_20260926_134334,/mnt/hdd16T/ToqeerHomeBackup/mujoco_project/outputs/_highrate_overnight/campaign_highrate_truth_v4_expanded42_new20/runs/P048/task_42/scenario42_age54_h1p79_sex_male_w82p0_20260926_134334/fall_scenario42_age54_20260926_134334_highrate_truth.csv,5.233333333333399,6.100000000000201,6.1033,869.9666666666009,87,4,33,True,True,True,peak_impact_magnitude_within_3s_after_fall_onset,True,ok,repository_peak_impact_magnitude_within_3s_after_fall_onset_v2,>=30 actual samples on corrected 100Hz grid and >=1 complete 30-sample window,100,30,15,300,50,
P049,20,/mnt/hdd16T/ToqeerHomeBackup/mujoco_project/outputs/_highrate_overnight/campaign_highrate_truth_v4_expanded42_new20/runs/P049/task_20/scenario20_age57_h1p70_sex_male_w74p0_20260926_134411,/mnt/hdd16T/ToqeerHomeBackup/mujoco_project/outputs/_highrate_overnight/campaign_highrate_truth_v4_expanded42_new20/runs/P049/task_20/scenario20_age57_h1p70_sex_male_w74p0_20260926_134411/fall_scenario20_age57_20260926_134411_highrate_truth.csv,6.13333333333354,6.6666666666669565,6.6033,469.9666666664601,47,2,39,True,True,True,peak_impact_magnitude_within_3s_after_fall_onset,True,ok,repository_peak_impact_magnitude_within_3s_after_fall_onset_v2,>=30 actual samples on corrected 100Hz grid and >=1 complete 30-sample window,100,30,15,300,50,
P049,21,/mnt/hdd16T/ToqeerHomeBackup/mujoco_project/outputs/_highrate_overnight/campaign_highrate_truth_v4_expanded42_new20/runs/P049/task_21/scenario21_age57_h1p70_sex_male_w74p0_20260926_134514,/mnt/hdd16T/ToqeerHomeBackup/mujoco_project/outputs/_highrate_overnight/campaign_highrate_truth_v4_expanded42_new20/runs/P049/task_21/scenario21_age57_h1p70_sex_male_w74p0_20260926_134514/fall_scenario21_age57_20260926_134514_highrate_truth.csv,5.5000000000001075,5.5000000000001075,6.0033,503.29999999989286,51,2,35,True,True,True,peak_impact_magnitude_within_3s_after_fall_onset,True,ok,repository_peak_impact_magnitude_within_3s_after_fall_onset_v2,>=30 actual samples on corrected 100Hz grid and >=1 complete 30-sample window,100,30,15,300,50,
P049,22,/mnt/hdd16T/ToqeerHomeBackup/mujoco_project/outputs/_highrate_overnight/campaign_highrate_truth_v4_expanded42_new20/runs/P049/task_22/scenario22_age57_h1p70_sex_male_w74p0_20260926_134550,/mnt/hdd16T/ToqeerHomeBackup/mujoco_project/outputs/_highrate_overnight/campaign_highrate_truth_v4_expanded42_new20/runs/P049/task_22/scenario22_age57_h1p70_sex_male_w74p0_20260926_134550/fall_scenario22_age57_20260926_134550_highrate_truth.csv,5.5000000000001075,5.5000000000001075,6.0033,503.29999999989286,51,2,35,True,True,True,peak_impact_magnitude_within_3s_after_fall_onset,True,ok,repository_peak_impact_magnitude_within_3s_after_fall_onset_v2,>=30 actual samples on corrected 100Hz grid and >=1 complete 30-sample window,100,30,15,300,50,
P049,23,/mnt/hdd16T/ToqeerHomeBackup/mujoco_project/outputs/_highrate_overnight/campaign_highrate_truth_v4_expanded42_new20/runs/P049/task_23/scenario23_age57_h1p70_sex_male_w74p0_20260926_134625,/mnt/hdd16T/ToqeerHomeBackup/mujoco_project/outputs/_highrate_overnight/campaign_highrate_truth_v4_expanded42_new20/runs/P049/task_23/scenario23_age57_h1p70_sex_male_w74p0_20260926_134625/fall_scenario23_age57_20260926_134625_highrate_truth.csv,6.033333333333524,8.566666666667253,6.6033,569.9666666664758,57,2,39,True,True,True,peak_impact_magnitude_within_3s_after_fall_onset,True,ok,repository_peak_impact_magnitude_within_3s_after_fall_onset_v2,>=30 actual samples on corrected 100Hz grid and >=1 complete 30-sample window,100,30,15,300,50,
P049,24,/mnt/hdd16T/ToqeerHomeBackup/mujoco_project/outputs/_highrate_overnight/campaign_highrate_truth_v4_expanded42_new20/runs/P049/task_24/scenario24_age57_h1p70_sex_male_w74p0_20260926_134728,/mnt/hdd16T/ToqeerHomeBackup/mujoco_project/outputs/_highrate_overnight/campaign_highrate_truth_v4_expanded42_new20/runs/P049/task_24/scenario24_age57_h1p70_sex_male_w74p0_20260926_134728/fall_scenario24_age57_20260926_134728_highrate_truth.csv,5.5000000000001075,5.800000000000154,5.8333,333.2999999998929,34,1,35,True,True,True,peak_impact_magnitude_within_3s_after_fall_onset,True,ok,repository_peak_impact_magnitude_within_3s_after_fall_onset_v2,>=30 actual samples on corrected 100Hz grid and >=1 complete 30-sample window,100,30,15,300,50,
P049,28,/mnt/hdd16T/ToqeerHomeBackup/mujoco_project/outputs/_highrate_overnight/campaign_highrate_truth_v4_expanded42_new20/runs/P049/task_28/scenario28_age57_h1p70_sex_male_w74p0_20260926_134803,/mnt/hdd16T/ToqeerHomeBackup/mujoco_project/outputs/_highrate_overnight/campaign_highrate_truth_v4_expanded42_new20/runs/P049/task_28/scenario28_age57_h1p70_sex_male_w74p0_20260926_134803/fall_scenario28_age57_20260926_134803_highrate_truth.csv,7.333333333333727,7.866666666667144,7.6633,329.96666666627215,33,1,47,True,True,True,peak_impact_magnitude_within_3s_after_fall_onset,True,ok,repository_peak_impact_magnitude_within_3s_after_fall_onset_v2,>=30 actual samples on corrected 100Hz grid and >=1 complete 30-sample window,100,30,15,300,50,
P049,29,/mnt/hdd16T/ToqeerHomeBackup/mujoco_project/outputs/_highrate_overnight/campaign_highrate_truth_v4_expanded42_new20/runs/P049/task_29/scenario29_age57_h1p70_sex_male_w74p0_20260926_135032,/mnt/hdd16T/ToqeerHomeBackup/mujoco_project/outputs/_highrate_overnight/campaign_highrate_truth_v4_expanded42_new20/runs/P049/task_29/scenario29_age57_h1p70_sex_male_w74p0_20260926_135032/fall_scenario29_age57_20260926_135032_highrate_truth.csv,7.600000000000436,8.200000000000529,8.3033,703.2999999995644,71,3,49,True,True,True,peak_impact_magnitude_within_3s_after_fall_onset,True,ok,repository_peak_impact_magnitude_within_3s_after_fall_onset_v2,>=30 actual samples on corrected 100Hz grid and >=1 complete 30-sample window,100,30,15,300,50,
P049,30,/mnt/hdd16T/ToqeerHomeBackup/mujoco_project/outputs/_highrate_overnight/campaign_highrate_truth_v4_expanded42_new20/runs/P049/task_30/scenario30_age57_h1p70_sex_male_w74p0_20260926_135303,/mnt/hdd16T/ToqeerHomeBackup/mujoco_project/outputs/_highrate_overnight/campaign_highrate_truth_v4_expanded42_new20/runs/P049/task_30/scenario30_age57_h1p70_sex_male_w74p0_20260926_135303/fall_scenario30_age57_20260926_135303_highrate_truth.csv,7.300000000000389,7.600000000000436,7.3333,33.29999999961153,4,0,47,True,True,False,peak_impact_magnitude_within_3s_after_fall_onset,True,ok,repository_peak_impact_magnitude_within_3s_after_fall_onset_v2,>=30 actual samples on corrected 100Hz grid and >=1 complete 30-sample window,100,30,15,300,50,recovered_interval_shorter_than_30_samples
P049,31,/mnt/hdd16T/ToqeerHomeBackup/mujoco_project/outputs/_highrate_overnight/campaign_highrate_truth_v4_expanded42_new20/runs/P049/task_31/scenario31_age57_h1p70_sex_male_w74p0_20260926_135533,/mnt/hdd16T/ToqeerHomeBackup/mujoco_project/outputs/_highrate_overnight/campaign_highrate_truth_v4_expanded42_new20/runs/P049/task_31/scenario31_age57_h1p70_sex_male_w74p0_20260926_135533/fall_scenario31_age57_20260926_135533_highrate_truth.csv,7.300000000000389,8.16666666666719,7.4333,133.29999999961117,14,0,47,True,True,False,peak_impact_magnitude_within_3s_after_fall_onset,True,ok,repository_peak_impact_magnitude_within_3s_after_fall_onset_v2,>=30 actual samples on corrected 100Hz grid and >=1 complete 30-sample window,100,30,15,300,50,recovered_interval_shorter_than_30_samples
P049,32,/mnt/hdd16T/ToqeerHomeBackup/mujoco_project/outputs/_highrate_overnight/campaign_highrate_truth_v4_expanded42_new20/runs/P049/task_32/scenario32_age57_h1p70_sex_male_w74p0_20260926_135802,/mnt/hdd16T/ToqeerHomeBackup/mujoco_project/outputs/_highrate_overnight/campaign_highrate_truth_v4_expanded42_new20/runs/P049/task_32/scenario32_age57_h1p70_sex_male_w74p0_20260926_135802/fall_scenario32_age57_20260926_135802_highrate_truth.csv,8.066666666667174,8.366666666667221,8.4333,366.6333333328247,37,1,52,True,True,True,peak_impact_magnitude_within_3s_after_fall_onset,True,ok,repository_peak_impact_magnitude_within_3s_after_fall_onset_v2,>=30 actual samples on corrected 100Hz grid and >=1 complete 30-sample window,100,30,15,300,50,
P049,33,/mnt/hdd16T/ToqeerHomeBackup/mujoco_project/outputs/_highrate_overnight/campaign_highrate_truth_v4_expanded42_new20/runs/P049/task_33/scenario33_age57_h1p70_sex_male_w74p0_20260926_140032,/mnt/hdd16T/ToqeerHomeBackup/mujoco_project/outputs/_highrate_overnight/campaign_highrate_truth_v4_expanded42_new20/runs/P049/task_33/scenario33_age57_h1p70_sex_male_w74p0_20260926_140032/fall_scenario33_age57_20260926_140032_highrate_truth.csv,7.96666666666716,8.40000000000056,8.6033,636.6333333328411,64,3,52,True,True,True,peak_impact_magnitude_within_3s_after_fall_onset,True,ok,repository_peak_impact_magnitude_within_3s_after_fall_onset_v2,>=30 actual samples on corrected 100Hz grid and >=1 complete 30-sample window,100,30,15,300,50,
P049,34,/mnt/hdd16T/ToqeerHomeBackup/mujoco_project/outputs/_highrate_overnight/campaign_highrate_truth_v4_expanded42_new20/runs/P049/task_34/scenario34_age57_h1p70_sex_male_w74p0_20260926_140302,/mnt/hdd16T/ToqeerHomeBackup/mujoco_project/outputs/_highrate_overnight/campaign_highrate_truth_v4_expanded42_new20/runs/P049/task_34/scenario34_age57_h1p70_sex_male_w74p0_20260926_140302/fall_scenario34_age57_20260926_140302_highrate_truth.csv,8.133333333333852,8.433333333333898,9.4733,1339.9666666661485,134,7,53,True,True,True,peak_impact_magnitude_within_3s_after_fall_onset,True,ok,repository_peak_impact_magnitude_within_3s_after_fall_onset_v2,>=30 actual samples on corrected 100Hz grid and >=1 complete 30-sample window,100,30,15,300,50,
P049,37,/mnt/hdd16T/ToqeerHomeBackup/mujoco_project/outputs/_highrate_overnight/campaign_highrate_truth_v4_expanded42_new20/runs/P049/task_37/scenario37_age57_h1p70_sex_male_w74p0_20260926_140532,/mnt/hdd16T/ToqeerHomeBackup/mujoco_project/outputs/_highrate_overnight/campaign_highrate_truth_v4_expanded42_new20/runs/P049/task_37/scenario37_age57_h1p70_sex_male_w74p0_20260926_140532/fall_scenario37_age57_20260926_140532_highrate_truth.csv,18.50000000000214,19.266666666668925,18.8633,363.29999999786014,37,1,122,True,True,True,peak_impact_magnitude_within_3s_after_fall_onset,True,ok,repository_peak_impact_magnitude_within_3s_after_fall_onset_v2,>=30 actual samples on corrected 100Hz grid and >=1 complete 30-sample window,100,30,15,300,50,
P049,38,/mnt/hdd16T/ToqeerHomeBackup/mujoco_project/outputs/_highrate_overnight/campaign_highrate_truth_v4_expanded42_new20/runs/P049/task_38/scenario38_age57_h1p70_sex_male_w74p0_20260926_140801,/mnt/hdd16T/ToqeerHomeBackup/mujoco_project/outputs/_highrate_overnight/campaign_highrate_truth_v4_expanded42_new20/runs/P049/task_38/scenario38_age57_h1p70_sex_male_w74p0_20260926_140801/fall_scenario38_age57_20260926_140801_highrate_truth.csv,18.50000000000214,18.9000000000022,20.2333,1733.299999997861,174,10,122,True,True,True,peak_impact_magnitude_within_3s_after_fall_onset,True,ok,repository_peak_impact_magnitude_within_3s_after_fall_onset_v2,>=30 actual samples on corrected 100Hz grid and >=1 complete 30-sample window,100,30,15,300,50,
P049,39,/mnt/hdd16T/ToqeerHomeBackup/mujoco_project/outputs/_highrate_overnight/campaign_highrate_truth_v4_expanded42_new20/runs/P049/task_39/scenario39_age57_h1p70_sex_male_w74p0_20260926_141030,/mnt/hdd16T/ToqeerHomeBackup/mujoco_project/outputs/_highrate_overnight/campaign_highrate_truth_v4_expanded42_new20/runs/P049/task_39/scenario39_age57_h1p70_sex_male_w74p0_20260926_141030/fall_scenario39_age57_20260926_141030_highrate_truth.csv,5.466666666666769,6.033333333333524,6.1033,636.633333333231,64,3,35,True,True,True,peak_impact_magnitude_within_3s_after_fall_onset,True,ok,repository_peak_impact_magnitude_within_3s_after_fall_onset_v2,>=30 actual samples on corrected 100Hz grid and >=1 complete 30-sample window,100,30,15,300,50,
P049,40,/mnt/hdd16T/ToqeerHomeBackup/mujoco_project/outputs/_highrate_overnight/campaign_highrate_truth_v4_expanded42_new20/runs/P049/task_40/scenario40_age57_h1p70_sex_male_w74p0_20260926_141106,/mnt/hdd16T/ToqeerHomeBackup/mujoco_project/outputs/_highrate_overnight/campaign_highrate_truth_v4_expanded42_new20/runs/P049/task_40/scenario40_age57_h1p70_sex_male_w74p0_20260926_141106/fall_scenario40_age57_20260926_141106_highrate_truth.csv,5.800000000000154,6.066666666666863,6.1333,333.29999999984585,34,1,37,True,True,True,peak_impact_magnitude_within_3s_after_fall_onset,True,ok,repository_peak_impact_magnitude_within_3s_after_fall_onset_v2,>=30 actual samples on corrected 100Hz grid and >=1 complete 30-sample window,100,30,15,300,50,
P049,41,/mnt/hdd16T/ToqeerHomeBackup/mujoco_project/outputs/_highrate_overnight/campaign_highrate_truth_v4_expanded42_new20/runs/P049/task_41/scenario41_age57_h1p70_sex_male_w74p0_20260926_141142,/mnt/hdd16T/ToqeerHomeBackup/mujoco_project/outputs/_highrate_overnight/campaign_highrate_truth_v4_expanded42_new20/runs/P049/task_41/scenario41_age57_h1p70_sex_male_w74p0_20260926_141142/fall_scenario41_age57_20260926_141142_highrate_truth.csv,5.566666666666785,6.400000000000248,6.4033,836.6333333332152,84,4,36,True,True,True,peak_impact_magnitude_within_3s_after_fall_onset,True,ok,repository_peak_impact_magnitude_within_3s_after_fall_onset_v2,>=30 actual samples on corrected 100Hz grid and >=1 complete 30-sample window,100,30,15,300,50,
P049,42,/mnt/hdd16T/ToqeerHomeBackup/mujoco_project/outputs/_highrate_overnight/campaign_highrate_truth_v4_expanded42_new20/runs/P049/task_42/scenario42_age57_h1p70_sex_male_w74p0_20260926_141218,/mnt/hdd16T/ToqeerHomeBackup/mujoco_project/outputs/_highrate_overnight/campaign_highrate_truth_v4_expanded42_new20/runs/P049/task_42/scenario42_age57_h1p70_sex_male_w74p0_20260926_141218/fall_scenario42_age57_20260926_141218_highrate_truth.csv,5.633333333333462,6.36666666666691,6.1333,499.9666666665386,50,2,36,True,True,True,peak_impact_magnitude_within_3s_after_fall_onset,True,ok,repository_peak_impact_magnitude_within_3s_after_fall_onset_v2,>=30 actual samples on corrected 100Hz grid and >=1 complete 30-sample window,100,30,15,300,50,
P050,20,/mnt/hdd16T/ToqeerHomeBackup/mujoco_project/outputs/_highrate_overnight/campaign_highrate_truth_v4_expanded42_new20/runs/P050/task_20/scenario20_age60_h1p59_sex_female_w62p0_20260926_141254,/mnt/hdd16T/ToqeerHomeBackup/mujoco_project/outputs/_highrate_overnight/campaign_highrate_truth_v4_expanded42_new20/runs/P050/task_20/scenario20_age60_h1p59_sex_female_w62p0_20260926_141254/fall_scenario20_age60_20260926_141254_highrate_truth.csv,6.266666666666894,6.500000000000264,6.7633,496.6333333331061,50,2,40,True,True,True,peak_impact_magnitude_within_3s_after_fall_onset,True,ok,repository_peak_impact_magnitude_within_3s_after_fall_onset_v2,>=30 actual samples on corrected 100Hz grid and >=1 complete 30-sample window,100,30,15,300,50,
P050,21,/mnt/hdd16T/ToqeerHomeBackup/mujoco_project/outputs/_highrate_overnight/campaign_highrate_truth_v4_expanded42_new20/runs/P050/task_21/scenario21_age60_h1p59_sex_female_w62p0_20260926_141357,/mnt/hdd16T/ToqeerHomeBackup/mujoco_project/outputs/_highrate_overnight/campaign_highrate_truth_v4_expanded42_new20/runs/P050/task_21/scenario21_age60_h1p59_sex_female_w62p0_20260926_141357/fall_scenario21_age60_20260926_141357_highrate_truth.csv,5.5000000000001075,5.5000000000001075,6.0033,503.29999999989286,51,2,35,True,True,True,peak_impact_magnitude_within_3s_after_fall_onset,True,ok,repository_peak_impact_magnitude_within_3s_after_fall_onset_v2,>=30 actual samples on corrected 100Hz grid and >=1 complete 30-sample window,100,30,15,300,50,
P050,22,/mnt/hdd16T/ToqeerHomeBackup/mujoco_project/outputs/_highrate_overnight/campaign_highrate_truth_v4_expanded42_new20/runs/P050/task_22/scenario22_age60_h1p59_sex_female_w62p0_20260926_141432,/mnt/hdd16T/ToqeerHomeBackup/mujoco_project/outputs/_highrate_overnight/campaign_highrate_truth_v4_expanded42_new20/runs/P050/task_22/scenario22_age60_h1p59_sex_female_w62p0_20260926_141432/fall_scenario22_age60_20260926_141432_highrate_truth.csv,5.5000000000001075,5.5000000000001075,6.0033,503.29999999989286,51,2,35,True,True,True,peak_impact_magnitude_within_3s_after_fall_onset,True,ok,repository_peak_impact_magnitude_within_3s_after_fall_onset_v2,>=30 actual samples on corrected 100Hz grid and >=1 complete 30-sample window,100,30,15,300,50,
P050,23,/mnt/hdd16T/ToqeerHomeBackup/mujoco_project/outputs/_highrate_overnight/campaign_highrate_truth_v4_expanded42_new20/runs/P050/task_23/scenario23_age60_h1p59_sex_female_w62p0_20260926_141507,/mnt/hdd16T/ToqeerHomeBackup/mujoco_project/outputs/_highrate_overnight/campaign_highrate_truth_v4_expanded42_new20/runs/P050/task_23/scenario23_age60_h1p59_sex_female_w62p0_20260926_141507/fall_scenario23_age60_20260926_141507_highrate_truth.csv,6.266666666666894,6.500000000000264,6.5333,266.63333333310567,27,0,40,True,True,False,peak_impact_magnitude_within_3s_after_fall_onset,True,ok,repository_peak_impact_magnitude_within_3s_after_fall_onset_v2,>=30 actual samples on corrected 100Hz grid and >=1 complete 30-sample window,100,30,15,300,50,recovered_interval_shorter_than_30_samples
P050,24,/mnt/hdd16T/ToqeerHomeBackup/mujoco_project/outputs/_highrate_overnight/campaign_highrate_truth_v4_expanded42_new20/runs/P050/task_24/scenario24_age60_h1p59_sex_female_w62p0_20260926_141610,/mnt/hdd16T/ToqeerHomeBackup/mujoco_project/outputs/_highrate_overnight/campaign_highrate_truth_v4_expanded42_new20/runs/P050/task_24/scenario24_age60_h1p59_sex_female_w62p0_20260926_141610/fall_scenario24_age60_20260926_141610_highrate_truth.csv,5.5000000000001075,5.5000000000001075,5.8333,333.2999999998929,34,1,35,True,True,True,peak_impact_magnitude_within_3s_after_fall_onset,True,ok,repository_peak_impact_magnitude_within_3s_after_fall_onset_v2,>=30 actual samples on corrected 100Hz grid and >=1 complete 30-sample window,100,30,15,300,50,
P050,28,/mnt/hdd16T/ToqeerHomeBackup/mujoco_project/outputs/_highrate_overnight/campaign_highrate_truth_v4_expanded42_new20/runs/P050/task_28/scenario28_age60_h1p59_sex_female_w62p0_20260926_141645,/mnt/hdd16T/ToqeerHomeBackup/mujoco_project/outputs/_highrate_overnight/campaign_highrate_truth_v4_expanded42_new20/runs/P050/task_28/scenario28_age60_h1p59_sex_female_w62p0_20260926_141645/fall_scenario28_age60_20260926_141645_highrate_truth.csv,17.866666666668706,18.333333333335446,18.2033,336.6333333312923,34,1,118,True,True,True,peak_impact_magnitude_within_3s_after_fall_onset,True,ok,repository_peak_impact_magnitude_within_3s_after_fall_onset_v2,>=30 actual samples on corrected 100Hz grid and >=1 complete 30-sample window,100,30,15,300,50,
P050,29,/mnt/hdd16T/ToqeerHomeBackup/mujoco_project/outputs/_highrate_overnight/campaign_highrate_truth_v4_expanded42_new20/runs/P050/task_29/scenario29_age60_h1p59_sex_female_w62p0_20260926_141913,/mnt/hdd16T/ToqeerHomeBackup/mujoco_project/outputs/_highrate_overnight/campaign_highrate_truth_v4_expanded42_new20/runs/P050/task_29/scenario29_age60_h1p59_sex_female_w62p0_20260926_141913/fall_scenario29_age60_20260926_141913_highrate_truth.csv,18.4666666666688,18.866666666668863,18.8633,396.6333333311986,40,1,122,True,True,True,peak_impact_magnitude_within_3s_after_fall_onset,True,ok,repository_peak_impact_magnitude_within_3s_after_fall_onset_v2,>=30 actual samples on corrected 100Hz grid and >=1 complete 30-sample window,100,30,15,300,50,
P050,30,/mnt/hdd16T/ToqeerHomeBackup/mujoco_project/outputs/_highrate_overnight/campaign_highrate_truth_v4_expanded42_new20/runs/P050/task_30/scenario30_age60_h1p59_sex_female_w62p0_20260926_142142,/mnt/hdd16T/ToqeerHomeBackup/mujoco_project/outputs/_highrate_overnight/campaign_highrate_truth_v4_expanded42_new20/runs/P050/task_30/scenario30_age60_h1p59_sex_female_w62p0_20260926_142142/fall_scenario30_age60_20260926_142142_highrate_truth.csv,17.80000000000203,18.300000000002107,17.9333,133.29999999796982,14,0,117,True,True,False,peak_impact_magnitude_within_3s_after_fall_onset,True,ok,repository_peak_impact_magnitude_within_3s_after_fall_onset_v2,>=30 actual samples on corrected 100Hz grid and >=1 complete 30-sample window,100,30,15,300,50,recovered_interval_shorter_than_30_samples
P050,31,/mnt/hdd16T/ToqeerHomeBackup/mujoco_project/outputs/_highrate_overnight/campaign_highrate_truth_v4_expanded42_new20/runs/P050/task_31/scenario31_age60_h1p59_sex_female_w62p0_20260926_142412,/mnt/hdd16T/ToqeerHomeBackup/mujoco_project/outputs/_highrate_overnight/campaign_highrate_truth_v4_expanded42_new20/runs/P050/task_31/scenario31_age60_h1p59_sex_female_w62p0_20260926_142412/fall_scenario31_age60_20260926_142412_highrate_truth.csv,17.80000000000203,18.133333333335415,17.8333,33.29999999797195,4,0,117,True,True,False,peak_impact_magnitude_within_3s_after_fall_onset,True,ok,repository_peak_impact_magnitude_within_3s_after_fall_onset_v2,>=30 actual samples on corrected 100Hz grid and >=1 complete 30-sample window,100,30,15,300,50,recovered_interval_shorter_than_30_samples
P050,32,/mnt/hdd16T/ToqeerHomeBackup/mujoco_project/outputs/_highrate_overnight/campaign_highrate_truth_v4_expanded42_new20/runs/P050/task_32/scenario32_age60_h1p59_sex_female_w62p0_20260926_142640,/mnt/hdd16T/ToqeerHomeBackup/mujoco_project/outputs/_highrate_overnight/campaign_highrate_truth_v4_expanded42_new20/runs/P050/task_32/scenario32_age60_h1p59_sex_female_w62p0_20260926_142640/fall_scenario32_age60_20260926_142640_highrate_truth.csv,18.533333333335477,18.833333333335524,18.8633,329.96666666452154,33,1,122,True,True,True,peak_impact_magnitude_within_3s_after_fall_onset,True,ok,repository_peak_impact_magnitude_within_3s_after_fall_onset_v2,>=30 actual samples on corrected 100Hz grid and >=1 complete 30-sample window,100,30,15,300,50,
P050,33,/mnt/hdd16T/ToqeerHomeBackup/mujoco_project/outputs/_highrate_overnight/campaign_highrate_truth_v4_expanded42_new20/runs/P050/task_33/scenario33_age60_h1p59_sex_female_w62p0_20260926_142909,/mnt/hdd16T/ToqeerHomeBackup/mujoco_project/outputs/_highrate_overnight/campaign_highrate_truth_v4_expanded42_new20/runs/P050/task_33/scenario33_age60_h1p59_sex_female_w62p0_20260926_142909/fall_scenario33_age60_20260926_142909_highrate_truth.csv,18.633333333335493,18.833333333335524,18.9633,329.96666666450733,33,1,123,True,True,True,peak_impact_magnitude_within_3s_after_fall_onset,True,ok,repository_peak_impact_magnitude_within_3s_after_fall_onset_v2,>=30 actual samples on corrected 100Hz grid and >=1 complete 30-sample window,100,30,15,300,50,
P050,34,/mnt/hdd16T/ToqeerHomeBackup/mujoco_project/outputs/_highrate_overnight/campaign_highrate_truth_v4_expanded42_new20/runs/P050/task_34/scenario34_age60_h1p59_sex_female_w62p0_20260926_143138,/mnt/hdd16T/ToqeerHomeBackup/mujoco_project/outputs/_highrate_overnight/campaign_highrate_truth_v4_expanded42_new20/runs/P050/task_34/scenario34_age60_h1p59_sex_female_w62p0_20260926_143138/fall_scenario34_age60_20260926_143138_highrate_truth.csv,18.400000000002123,18.600000000002154,20.0333,1633.2999999978774,164,9,121,True,True,True,peak_impact_magnitude_within_3s_after_fall_onset,True,ok,repository_peak_impact_magnitude_within_3s_after_fall_onset_v2,>=30 actual samples on corrected 100Hz grid and >=1 complete 30-sample window,100,30,15,300,50,
P050,37,/mnt/hdd16T/ToqeerHomeBackup/mujoco_project/outputs/_highrate_overnight/campaign_highrate_truth_v4_expanded42_new20/runs/P050/task_37/scenario37_age60_h1p59_sex_female_w62p0_20260926_143407,/mnt/hdd16T/ToqeerHomeBackup/mujoco_project/outputs/_highrate_overnight/campaign_highrate_truth_v4_expanded42_new20/runs/P050/task_37/scenario37_age60_h1p59_sex_female_w62p0_20260926_143407/fall_scenario37_age60_20260926_143407_highrate_truth.csv,18.4666666666688,19.033333333335555,20.3333,1866.6333333312011,187,11,122,True,True,True,peak_impact_magnitude_within_3s_after_fall_onset,True,ok,repository_peak_impact_magnitude_within_3s_after_fall_onset_v2,>=30 actual samples on corrected 100Hz grid and >=1 complete 30-sample window,100,30,15,300,50,
P050,38,/mnt/hdd16T/ToqeerHomeBackup/mujoco_project/outputs/_highrate_overnight/campaign_highrate_truth_v4_expanded42_new20/runs/P050/task_38/scenario38_age60_h1p59_sex_female_w62p0_20260926_143636,/mnt/hdd16T/ToqeerHomeBackup/mujoco_project/outputs/_highrate_overnight/campaign_highrate_truth_v4_expanded42_new20/runs/P050/task_38/scenario38_age60_h1p59_sex_female_w62p0_20260926_143636/fall_scenario38_age60_20260926_143636_highrate_truth.csv,18.23333333333543,18.73333333333551,18.8033,569.9666666645697,57,2,120,True,True,True,peak_impact_magnitude_within_3s_after_fall_onset,True,ok,repository_peak_impact_magnitude_within_3s_after_fall_onset_v2,>=30 actual samples on corrected 100Hz grid and >=1 complete 30-sample window,100,30,15,300,50,
P050,39,/mnt/hdd16T/ToqeerHomeBackup/mujoco_project/outputs/_highrate_overnight/campaign_highrate_truth_v4_expanded42_new20/runs/P050/task_39/scenario39_age60_h1p59_sex_female_w62p0_20260926_143905,/mnt/hdd16T/ToqeerHomeBackup/mujoco_project/outputs/_highrate_overnight/campaign_highrate_truth_v4_expanded42_new20/runs/P050/task_39/scenario39_age60_h1p59_sex_female_w62p0_20260926_143905/fall_scenario39_age60_20260926_143905_highrate_truth.csv,5.733333333333477,6.066666666666863,6.1033,369.96666666652266,37,1,37,True,True,True,peak_impact_magnitude_within_3s_after_fall_onset,True,ok,repository_peak_impact_magnitude_within_3s_after_fall_onset_v2,>=30 actual samples on corrected 100Hz grid and >=1 complete 30-sample window,100,30,15,300,50,
P050,40,/mnt/hdd16T/ToqeerHomeBackup/mujoco_project/outputs/_highrate_overnight/campaign_highrate_truth_v4_expanded42_new20/runs/P050/task_40/scenario40_age60_h1p59_sex_female_w62p0_20260926_143940,/mnt/hdd16T/ToqeerHomeBackup/mujoco_project/outputs/_highrate_overnight/campaign_highrate_truth_v4_expanded42_new20/runs/P050/task_40/scenario40_age60_h1p59_sex_female_w62p0_20260926_143940/fall_scenario40_age60_20260926_143940_highrate_truth.csv,5.8666666666668315,6.13333333333354,6.2033,336.63333333316814,34,1,38,True,True,True,peak_impact_magnitude_within_3s_after_fall_onset,True,ok,repository_peak_impact_magnitude_within_3s_after_fall_onset_v2,>=30 actual samples on corrected 100Hz grid and >=1 complete 30-sample window,100,30,15,300,50,
P050,41,/mnt/hdd16T/ToqeerHomeBackup/mujoco_project/outputs/_highrate_overnight/campaign_highrate_truth_v4_expanded42_new20/runs/P050/task_41/scenario41_age60_h1p59_sex_female_w62p0_20260926_144016,/mnt/hdd16T/ToqeerHomeBackup/mujoco_project/outputs/_highrate_overnight/campaign_highrate_truth_v4_expanded42_new20/runs/P050/task_41/scenario41_age60_h1p59_sex_female_w62p0_20260926_144016/fall_scenario41_age60_20260926_144016_highrate_truth.csv,5.6666666666668,6.266666666666894,6.3333,666.6333333332002,67,3,36,True,True,True,peak_impact_magnitude_within_3s_after_fall_onset,True,ok,repository_peak_impact_magnitude_within_3s_after_fall_onset_v2,>=30 actual samples on corrected 100Hz grid and >=1 complete 30-sample window,100,30,15,300,50,
P050,42,/mnt/hdd16T/ToqeerHomeBackup/mujoco_project/outputs/_highrate_overnight/campaign_highrate_truth_v4_expanded42_new20/runs/P050/task_42/scenario42_age60_h1p59_sex_female_w62p0_20260926_144052,/mnt/hdd16T/ToqeerHomeBackup/mujoco_project/outputs/_highrate_overnight/campaign_highrate_truth_v4_expanded42_new20/runs/P050/task_42/scenario42_age60_h1p59_sex_female_w62p0_20260926_144052/fall_scenario42_age60_20260926_144052_highrate_truth.csv,5.700000000000139,6.3000000000002325,5.9733,273.2999999998613,28,0,37,True,True,False,peak_impact_magnitude_within_3s_after_fall_onset,True,ok,repository_peak_impact_magnitude_within_3s_after_fall_onset_v2,>=30 actual samples on corrected 100Hz grid and >=1 complete 30-sample window,100,30,15,300,50,recovered_interval_shorter_than_30_samples
P051,20,/mnt/hdd16T/ToqeerHomeBackup/mujoco_project/outputs/_highrate_overnight/campaign_highrate_truth_v4_expanded42_new20/runs/P051/task_20/scenario20_age62_h1p82_sex_male_w86p0_20260926_144129,/mnt/hdd16T/ToqeerHomeBackup/mujoco_project/outputs/_highrate_overnight/campaign_highrate_truth_v4_expanded42_new20/runs/P051/task_20/scenario20_age62_h1p82_sex_male_w86p0_20260926_144129/fall_scenario20_age62_20260926_144129_highrate_truth.csv,6.100000000000201,6.833333333333649,6.7333,633.2999999997986,64,3,39,True,True,True,peak_impact_magnitude_within_3s_after_fall_onset,True,ok,repository_peak_impact_magnitude_within_3s_after_fall_onset_v2,>=30 actual samples on corrected 100Hz grid and >=1 complete 30-sample window,100,30,15,300,50,
P051,21,/mnt/hdd16T/ToqeerHomeBackup/mujoco_project/outputs/_highrate_overnight/campaign_highrate_truth_v4_expanded42_new20/runs/P051/task_21/scenario21_age62_h1p82_sex_male_w86p0_20260926_144232,/mnt/hdd16T/ToqeerHomeBackup/mujoco_project/outputs/_highrate_overnight/campaign_highrate_truth_v4_expanded42_new20/runs/P051/task_21/scenario21_age62_h1p82_sex_male_w86p0_20260926_144232/fall_scenario21_age62_20260926_144232_highrate_truth.csv,5.5000000000001075,5.5000000000001075,5.9033,403.2999999998923,41,1,35,True,True,True,peak_impact_magnitude_within_3s_after_fall_onset,True,ok,repository_peak_impact_magnitude_within_3s_after_fall_onset_v2,>=30 actual samples on corrected 100Hz grid and >=1 complete 30-sample window,100,30,15,300,50,
P051,22,/mnt/hdd16T/ToqeerHomeBackup/mujoco_project/outputs/_highrate_overnight/campaign_highrate_truth_v4_expanded42_new20/runs/P051/task_22/scenario22_age62_h1p82_sex_male_w86p0_20260926_144308,/mnt/hdd16T/ToqeerHomeBackup/mujoco_project/outputs/_highrate_overnight/campaign_highrate_truth_v4_expanded42_new20/runs/P051/task_22/scenario22_age62_h1p82_sex_male_w86p0_20260926_144308/fall_scenario22_age62_20260926_144308_highrate_truth.csv,5.5000000000001075,5.5000000000001075,5.9033,403.2999999998923,41,1,35,True,True,True,peak_impact_magnitude_within_3s_after_fall_onset,True,ok,repository_peak_impact_magnitude_within_3s_after_fall_onset_v2,>=30 actual samples on corrected 100Hz grid and >=1 complete 30-sample window,100,30,15,300,50,
P051,23,/mnt/hdd16T/ToqeerHomeBackup/mujoco_project/outputs/_highrate_overnight/campaign_highrate_truth_v4_expanded42_new20/runs/P051/task_23/scenario23_age62_h1p82_sex_male_w86p0_20260926_144343,/mnt/hdd16T/ToqeerHomeBackup/mujoco_project/outputs/_highrate_overnight/campaign_highrate_truth_v4_expanded42_new20/runs/P051/task_23/scenario23_age62_h1p82_sex_male_w86p0_20260926_144343/fall_scenario23_age62_20260926_144343_highrate_truth.csv,6.3000000000002325,6.733333333333634,6.5633,263.2999999997674,27,0,41,True,True,False,peak_impact_magnitude_within_3s_after_fall_onset,True,ok,repository_peak_impact_magnitude_within_3s_after_fall_onset_v2,>=30 actual samples on corrected 100Hz grid and >=1 complete 30-sample window,100,30,15,300,50,recovered_interval_shorter_than_30_samples
P051,24,/mnt/hdd16T/ToqeerHomeBackup/mujoco_project/outputs/_highrate_overnight/campaign_highrate_truth_v4_expanded42_new20/runs/P051/task_24/scenario24_age62_h1p82_sex_male_w86p0_20260926_144446,/mnt/hdd16T/ToqeerHomeBackup/mujoco_project/outputs/_highrate_overnight/campaign_highrate_truth_v4_expanded42_new20/runs/P051/task_24/scenario24_age62_h1p82_sex_male_w86p0_20260926_144446/fall_scenario24_age62_20260926_144446_highrate_truth.csv,5.5000000000001075,5.5000000000001075,7.9333,2433.2999999998924,244,15,35,True,True,True,peak_impact_magnitude_within_3s_after_fall_onset,True,ok,repository_peak_impact_magnitude_within_3s_after_fall_onset_v2,>=30 actual samples on corrected 100Hz grid and >=1 complete 30-sample window,100,30,15,300,50,
P051,28,/mnt/hdd16T/ToqeerHomeBackup/mujoco_project/outputs/_highrate_overnight/campaign_highrate_truth_v4_expanded42_new20/runs/P051/task_28/scenario28_age62_h1p82_sex_male_w86p0_20260926_144521,/mnt/hdd16T/ToqeerHomeBackup/mujoco_project/outputs/_highrate_overnight/campaign_highrate_truth_v4_expanded42_new20/runs/P051/task_28/scenario28_age62_h1p82_sex_male_w86p0_20260926_144521/fall_scenario28_age62_20260926_144521_highrate_truth.csv,7.366666666667066,7.73333333333379,8.1633,796.6333333329336,80,4,48,True,True,True,peak_impact_magnitude_within_3s_after_fall_onset,True,ok,repository_peak_impact_magnitude_within_3s_after_fall_onset_v2,>=30 actual samples on corrected 100Hz grid and >=1 complete 30-sample window,100,30,15,300,50,
P051,29,/mnt/hdd16T/ToqeerHomeBackup/mujoco_project/outputs/_highrate_overnight/campaign_highrate_truth_v4_expanded42_new20/runs/P051/task_29/scenario29_age62_h1p82_sex_male_w86p0_20260926_144755,/mnt/hdd16T/ToqeerHomeBackup/mujoco_project/outputs/_highrate_overnight/campaign_highrate_truth_v4_expanded42_new20/runs/P051/task_29/scenario29_age62_h1p82_sex_male_w86p0_20260926_144755/fall_scenario29_age62_20260926_144755_highrate_truth.csv,7.366666666667066,7.900000000000483,8.5033,1136.6333333329335,114,6,48,True,True,True,peak_impact_magnitude_within_3s_after_fall_onset,True,ok,repository_peak_impact_magnitude_within_3s_after_fall_onset_v2,>=30 actual samples on corrected 100Hz grid and >=1 complete 30-sample window,100,30,15,300,50,
P051,30,/mnt/hdd16T/ToqeerHomeBackup/mujoco_project/outputs/_highrate_overnight/campaign_highrate_truth_v4_expanded42_new20/runs/P051/task_30/scenario30_age62_h1p82_sex_male_w86p0_20260926_145027,/mnt/hdd16T/ToqeerHomeBackup/mujoco_project/outputs/_highrate_overnight/campaign_highrate_truth_v4_expanded42_new20/runs/P051/task_30/scenario30_age62_h1p82_sex_male_w86p0_20260926_145027/fall_scenario30_age62_20260926_145027_highrate_truth.csv,7.366666666667066,7.50000000000042,7.4333,66.63333333293409,7,0,48,True,True,False,peak_impact_magnitude_within_3s_after_fall_onset,True,ok,repository_peak_impact_magnitude_within_3s_after_fall_onset_v2,>=30 actual samples on corrected 100Hz grid and >=1 complete 30-sample window,100,30,15,300,50,recovered_interval_shorter_than_30_samples
P051,31,/mnt/hdd16T/ToqeerHomeBackup/mujoco_project/outputs/_highrate_overnight/campaign_highrate_truth_v4_expanded42_new20/runs/P051/task_31/scenario31_age62_h1p82_sex_male_w86p0_20260926_145258,/mnt/hdd16T/ToqeerHomeBackup/mujoco_project/outputs/_highrate_overnight/campaign_highrate_truth_v4_expanded42_new20/runs/P051/task_31/scenario31_age62_h1p82_sex_male_w86p0_20260926_145258/fall_scenario31_age62_20260926_145258_highrate_truth.csv,7.366666666667066,7.50000000000042,7.4333,66.63333333293409,7,0,48,True,True,False,peak_impact_magnitude_within_3s_after_fall_onset,True,ok,repository_peak_impact_magnitude_within_3s_after_fall_onset_v2,>=30 actual samples on corrected 100Hz grid and >=1 complete 30-sample window,100,30,15,300,50,recovered_interval_shorter_than_30_samples
P051,32,/mnt/hdd16T/ToqeerHomeBackup/mujoco_project/outputs/_highrate_overnight/campaign_highrate_truth_v4_expanded42_new20/runs/P051/task_32/scenario32_age62_h1p82_sex_male_w86p0_20260926_145528,/mnt/hdd16T/ToqeerHomeBackup/mujoco_project/outputs/_highrate_overnight/campaign_highrate_truth_v4_expanded42_new20/runs/P051/task_32/scenario32_age62_h1p82_sex_male_w86p0_20260926_145528/fall_scenario32_age62_20260926_145528_highrate_truth.csv,7.366666666667066,8.63333333333393,8.6933,1326.6333333329349,133,7,48,True,True,True,peak_impact_magnitude_within_3s_after_fall_onset,True,ok,repository_peak_impact_magnitude_within_3s_after_fall_onset_v2,>=30 actual samples on corrected 100Hz grid and >=1 complete 30-sample window,100,30,15,300,50,
P051,33,/mnt/hdd16T/ToqeerHomeBackup/mujoco_project/outputs/_highrate_overnight/campaign_highrate_truth_v4_expanded42_new20/runs/P051/task_33/scenario33_age62_h1p82_sex_male_w86p0_20260926_145758,/mnt/hdd16T/ToqeerHomeBackup/mujoco_project/outputs/_highrate_overnight/campaign_highrate_truth_v4_expanded42_new20/runs/P051/task_33/scenario33_age62_h1p82_sex_male_w86p0_20260926_145758/fall_scenario33_age62_20260926_145758_highrate_truth.csv,7.366666666667066,8.733333333333945,8.8033,1436.6333333329342,144,8,48,True,True,True,peak_impact_magnitude_within_3s_after_fall_onset,True,ok,repository_peak_impact_magnitude_within_3s_after_fall_onset_v2,>=30 actual samples on corrected 100Hz grid and >=1 complete 30-sample window,100,30,15,300,50,
P051,34,/mnt/hdd16T/ToqeerHomeBackup/mujoco_project/outputs/_highrate_overnight/campaign_highrate_truth_v4_expanded42_new20/runs/P051/task_34/scenario34_age62_h1p82_sex_male_w86p0_20260926_150028,/mnt/hdd16T/ToqeerHomeBackup/mujoco_project/outputs/_highrate_overnight/campaign_highrate_truth_v4_expanded42_new20/runs/P051/task_34/scenario34_age62_h1p82_sex_male_w86p0_20260926_150028/fall_scenario34_age62_20260926_150028_highrate_truth.csv,7.366666666667066,8.466666666667237,9.9633,2596.6333333329344,260,16,48,True,True,True,peak_impact_magnitude_within_3s_after_fall_onset,True,ok,repository_peak_impact_magnitude_within_3s_after_fall_onset_v2,>=30 actual samples on corrected 100Hz grid and >=1 complete 30-sample window,100,30,15,300,50,
P051,37,/mnt/hdd16T/ToqeerHomeBackup/mujoco_project/outputs/_highrate_overnight/campaign_highrate_truth_v4_expanded42_new20/runs/P051/task_37/scenario37_age62_h1p82_sex_male_w86p0_20260926_150258,/mnt/hdd16T/ToqeerHomeBackup/mujoco_project/outputs/_highrate_overnight/campaign_highrate_truth_v4_expanded42_new20/runs/P051/task_37/scenario37_age62_h1p82_sex_male_w86p0_20260926_150258/fall_scenario37_age62_20260926_150258_highrate_truth.csv,10.00000000000081,11.033333333334305,11.9633,1963.2999999991903,197,12,65,True,True,True,peak_impact_magnitude_within_3s_after_fall_onset,True,ok,repository_peak_impact_magnitude_within_3s_after_fall_onset_v2,>=30 actual samples on corrected 100Hz grid and >=1 complete 30-sample window,100,30,15,300,50,
P051,38,/mnt/hdd16T/ToqeerHomeBackup/mujoco_project/outputs/_highrate_overnight/campaign_highrate_truth_v4_expanded42_new20/runs/P051/task_38/scenario38_age62_h1p82_sex_male_w86p0_20260926_150528,/mnt/hdd16T/ToqeerHomeBackup/mujoco_project/outputs/_highrate_overnight/campaign_highrate_truth_v4_expanded42_new20/runs/P051/task_38/scenario38_age62_h1p82_sex_male_w86p0_20260926_150528/fall_scenario38_age62_20260926_150528_highrate_truth.csv,7.566666666667097,8.833333333333961,8.8633,1296.6333333329035,130,7,49,True,True,True,peak_impact_magnitude_within_3s_after_fall_onset,True,ok,repository_peak_impact_magnitude_within_3s_after_fall_onset_v2,>=30 actual samples on corrected 100Hz grid and >=1 complete 30-sample window,100,30,15,300,50,
P051,39,/mnt/hdd16T/ToqeerHomeBackup/mujoco_project/outputs/_highrate_overnight/campaign_highrate_truth_v4_expanded42_new20/runs/P051/task_39/scenario39_age62_h1p82_sex_male_w86p0_20260926_150809,/mnt/hdd16T/ToqeerHomeBackup/mujoco_project/outputs/_highrate_overnight/campaign_highrate_truth_v4_expanded42_new20/runs/P051/task_39/scenario39_age62_h1p82_sex_male_w86p0_20260926_150809/fall_scenario39_age62_20260926_150809_highrate_truth.csv,5.5000000000001075,6.066666666666863,6.0633,563.2999999998924,57,2,35,True,True,True,peak_impact_magnitude_within_3s_after_fall_onset,True,ok,repository_peak_impact_magnitude_within_3s_after_fall_onset_v2,>=30 actual samples on corrected 100Hz grid and >=1 complete 30-sample window,100,30,15,300,50,
P051,40,/mnt/hdd16T/ToqeerHomeBackup/mujoco_project/outputs/_highrate_overnight/campaign_highrate_truth_v4_expanded42_new20/runs/P051/task_40/scenario40_age62_h1p82_sex_male_w86p0_20260926_150851,/mnt/hdd16T/ToqeerHomeBackup/mujoco_project/outputs/_highrate_overnight/campaign_highrate_truth_v4_expanded42_new20/runs/P051/task_40/scenario40_age62_h1p82_sex_male_w86p0_20260926_150851/fall_scenario40_age62_20260926_150851_highrate_truth.csv,5.833333333333493,5.966666666666847,6.1333,299.9666666665073,30,1,37,True,True,True,peak_impact_magnitude_within_3s_after_fall_onset,True,ok,repository_peak_impact_magnitude_within_3s_after_fall_onset_v2,>=30 actual samples on corrected 100Hz grid and >=1 complete 30-sample window,100,30,15,300,50,
P051,41,/mnt/hdd16T/ToqeerHomeBackup/mujoco_project/outputs/_highrate_overnight/campaign_highrate_truth_v4_expanded42_new20/runs/P051/task_41/scenario41_age62_h1p82_sex_male_w86p0_20260926_150928,/mnt/hdd16T/ToqeerHomeBackup/mujoco_project/outputs/_highrate_overnight/campaign_highrate_truth_v4_expanded42_new20/runs/P051/task_41/scenario41_age62_h1p82_sex_male_w86p0_20260926_150928/fall_scenario41_age62_20260926_150928_highrate_truth.csv,5.266666666666738,6.3000000000002325,6.2033,936.6333333332619,94,5,34,True,True,True,peak_impact_magnitude_within_3s_after_fall_onset,True,ok,repository_peak_impact_magnitude_within_3s_after_fall_onset_v2,>=30 actual samples on corrected 100Hz grid and >=1 complete 30-sample window,100,30,15,300,50,
P051,42,/mnt/hdd16T/ToqeerHomeBackup/mujoco_project/outputs/_highrate_overnight/campaign_highrate_truth_v4_expanded42_new20/runs/P051/task_42/scenario42_age62_h1p82_sex_male_w86p0_20260926_151004,/mnt/hdd16T/ToqeerHomeBackup/mujoco_project/outputs/_highrate_overnight/campaign_highrate_truth_v4_expanded42_new20/runs/P051/task_42/scenario42_age62_h1p82_sex_male_w86p0_20260926_151004/fall_scenario42_age62_20260926_151004_highrate_truth.csv,5.266666666666738,6.266666666666894,6.2333,966.6333333332622,97,5,34,True,True,True,peak_impact_magnitude_within_3s_after_fall_onset,True,ok,repository_peak_impact_magnitude_within_3s_after_fall_onset_v2,>=30 actual samples on corrected 100Hz grid and >=1 complete 30-sample window,100,30,15,300,50,
P052,20,/mnt/hdd16T/ToqeerHomeBackup/mujoco_project/outputs/_highrate_overnight/campaign_highrate_truth_v4_expanded42_new20/runs/P052/task_20/scenario20_age65_h1p66_sex_male_w69p0_20260926_151041,/mnt/hdd16T/ToqeerHomeBackup/mujoco_project/outputs/_highrate_overnight/campaign_highrate_truth_v4_expanded42_new20/runs/P052/task_20/scenario20_age65_h1p66_sex_male_w69p0_20260926_151041/fall_scenario20_age65_20260926_151041_highrate_truth.csv,6.233333333333555,6.500000000000264,6.7033,469.96666666644415,47,2,40,True,True,True,peak_impact_magnitude_within_3s_after_fall_onset,True,ok,repository_peak_impact_magnitude_within_3s_after_fall_onset_v2,>=30 actual samples on corrected 100Hz grid and >=1 complete 30-sample window,100,30,15,300,50,
P052,21,/mnt/hdd16T/ToqeerHomeBackup/mujoco_project/outputs/_highrate_overnight/campaign_highrate_truth_v4_expanded42_new20/runs/P052/task_21/scenario21_age65_h1p66_sex_male_w69p0_20260926_151145,/mnt/hdd16T/ToqeerHomeBackup/mujoco_project/outputs/_highrate_overnight/campaign_highrate_truth_v4_expanded42_new20/runs/P052/task_21/scenario21_age65_h1p66_sex_male_w69p0_20260926_151145/fall_scenario21_age65_20260926_151145_highrate_truth.csv,5.43333333333343,5.8666666666668315,5.9633,529.9666666665698,53,2,35,True,True,True,peak_impact_magnitude_within_3s_after_fall_onset,True,ok,repository_peak_impact_magnitude_within_3s_after_fall_onset_v2,>=30 actual samples on corrected 100Hz grid and >=1 complete 30-sample window,100,30,15,300,50,
P052,22,/mnt/hdd16T/ToqeerHomeBackup/mujoco_project/outputs/_highrate_overnight/campaign_highrate_truth_v4_expanded42_new20/runs/P052/task_22/scenario22_age65_h1p66_sex_male_w69p0_20260926_151220,/mnt/hdd16T/ToqeerHomeBackup/mujoco_project/outputs/_highrate_overnight/campaign_highrate_truth_v4_expanded42_new20/runs/P052/task_22/scenario22_age65_h1p66_sex_male_w69p0_20260926_151220/fall_scenario22_age65_20260926_151220_highrate_truth.csv,5.43333333333343,5.833333333333493,5.9733,539.9666666665697,54,2,35,True,True,True,peak_impact_magnitude_within_3s_after_fall_onset,True,ok,repository_peak_impact_magnitude_within_3s_after_fall_onset_v2,>=30 actual samples on corrected 100Hz grid and >=1 complete 30-sample window,100,30,15,300,50,
P052,23,/mnt/hdd16T/ToqeerHomeBackup/mujoco_project/outputs/_highrate_overnight/campaign_highrate_truth_v4_expanded42_new20/runs/P052/task_23/scenario23_age65_h1p66_sex_male_w69p0_20260926_151255,/mnt/hdd16T/ToqeerHomeBackup/mujoco_project/outputs/_highrate_overnight/campaign_highrate_truth_v4_expanded42_new20/runs/P052/task_23/scenario23_age65_h1p66_sex_male_w69p0_20260926_151255/fall_scenario23_age65_20260926_151255_highrate_truth.csv,6.3000000000002325,17.000000000001904,6.5633,263.2999999997674,27,0,41,True,True,False,peak_impact_magnitude_within_3s_after_fall_onset,True,ok,repository_peak_impact_magnitude_within_3s_after_fall_onset_v2,>=30 actual samples on corrected 100Hz grid and >=1 complete 30-sample window,100,30,15,300,50,recovered_interval_shorter_than_30_samples
P052,24,/mnt/hdd16T/ToqeerHomeBackup/mujoco_project/outputs/_highrate_overnight/campaign_highrate_truth_v4_expanded42_new20/runs/P052/task_24/scenario24_age65_h1p66_sex_male_w69p0_20260926_151358,/mnt/hdd16T/ToqeerHomeBackup/mujoco_project/outputs/_highrate_overnight/campaign_highrate_truth_v4_expanded42_new20/runs/P052/task_24/scenario24_age65_h1p66_sex_male_w69p0_20260926_151358/fall_scenario24_age65_20260926_151358_highrate_truth.csv,5.5000000000001075,5.533333333333446,5.7633,263.29999999989263,27,0,35,True,True,False,peak_impact_magnitude_within_3s_after_fall_onset,True,ok,repository_peak_impact_magnitude_within_3s_after_fall_onset_v2,>=30 actual samples on corrected 100Hz grid and >=1 complete 30-sample window,100,30,15,300,50,recovered_interval_shorter_than_30_samples
P052,28,/mnt/hdd16T/ToqeerHomeBackup/mujoco_project/outputs/_highrate_overnight/campaign_highrate_truth_v4_expanded42_new20/runs/P052/task_28/scenario28_age65_h1p66_sex_male_w69p0_20260926_151434,/mnt/hdd16T/ToqeerHomeBackup/mujoco_project/outputs/_highrate_overnight/campaign_highrate_truth_v4_expanded42_new20/runs/P052/task_28/scenario28_age65_h1p66_sex_male_w69p0_20260926_151434/fall_scenario28_age65_20260926_151434_highrate_truth.csv,17.966666666668722,18.566666666668816,18.3333,366.63333333127923,37,1,118,True,True,True,peak_impact_magnitude_within_3s_after_fall_onset,True,ok,repository_peak_impact_magnitude_within_3s_after_fall_onset_v2,>=30 actual samples on corrected 100Hz grid and >=1 complete 30-sample window,100,30,15,300,50,
P052,29,/mnt/hdd16T/ToqeerHomeBackup/mujoco_project/outputs/_highrate_overnight/campaign_highrate_truth_v4_expanded42_new20/runs/P052/task_29/scenario29_age65_h1p66_sex_male_w69p0_20260926_151703,/mnt/hdd16T/ToqeerHomeBackup/mujoco_project/outputs/_highrate_overnight/campaign_highrate_truth_v4_expanded42_new20/runs/P052/task_29/scenario29_age65_h1p66_sex_male_w69p0_20260926_151703/fall_scenario29_age65_20260926_151703_highrate_truth.csv,18.4666666666688,19.000000000002217,19.0033,536.6333333311992,54,2,122,True,True,True,peak_impact_magnitude_within_3s_after_fall_onset,True,ok,repository_peak_impact_magnitude_within_3s_after_fall_onset_v2,>=30 actual samples on corrected 100Hz grid and >=1 complete 30-sample window,100,30,15,300,50,
P052,30,/mnt/hdd16T/ToqeerHomeBackup/mujoco_project/outputs/_highrate_overnight/campaign_highrate_truth_v4_expanded42_new20/runs/P052/task_30/scenario30_age65_h1p66_sex_male_w69p0_20260926_151932,/mnt/hdd16T/ToqeerHomeBackup/mujoco_project/outputs/_highrate_overnight/campaign_highrate_truth_v4_expanded42_new20/runs/P052/task_30/scenario30_age65_h1p66_sex_male_w69p0_20260926_151932/fall_scenario30_age65_20260926_151932_highrate_truth.csv,18.00000000000206,19.233333333335587,18.0333,33.29999999793998,4,0,119,True,True,False,peak_impact_magnitude_within_3s_after_fall_onset,True,ok,repository_peak_impact_magnitude_within_3s_after_fall_onset_v2,>=30 actual samples on corrected 100Hz grid and >=1 complete 30-sample window,100,30,15,300,50,recovered_interval_shorter_than_30_samples
P052,31,/mnt/hdd16T/ToqeerHomeBackup/mujoco_project/outputs/_highrate_overnight/campaign_highrate_truth_v4_expanded42_new20/runs/P052/task_31/scenario31_age65_h1p66_sex_male_w69p0_20260926_152202,/mnt/hdd16T/ToqeerHomeBackup/mujoco_project/outputs/_highrate_overnight/campaign_highrate_truth_v4_expanded42_new20/runs/P052/task_31/scenario31_age65_h1p66_sex_male_w69p0_20260926_152202/fall_scenario31_age65_20260926_152202_highrate_truth.csv,17.966666666668722,18.23333333333543,18.0333,66.63333333127852,7,0,118,True,True,False,peak_impact_magnitude_within_3s_after_fall_onset,True,ok,repository_peak_impact_magnitude_within_3s_after_fall_onset_v2,>=30 actual samples on corrected 100Hz grid and >=1 complete 30-sample window,100,30,15,300,50,recovered_interval_shorter_than_30_samples
P052,32,/mnt/hdd16T/ToqeerHomeBackup/mujoco_project/outputs/_highrate_overnight/campaign_highrate_truth_v4_expanded42_new20/runs/P052/task_32/scenario32_age65_h1p66_sex_male_w69p0_20260926_152451,/mnt/hdd16T/ToqeerHomeBackup/mujoco_project/outputs/_highrate_overnight/campaign_highrate_truth_v4_expanded42_new20/runs/P052/task_32/scenario32_age65_h1p66_sex_male_w69p0_20260926_152451/fall_scenario32_age65_20260926_152451_highrate_truth.csv,18.66666666666883,18.9000000000022,19.0033,336.63333333116793,34,1,123,True,True,True,peak_impact_magnitude_within_3s_after_fall_onset,True,ok,repository_peak_impact_magnitude_within_3s_after_fall_onset_v2,>=30 actual samples on corrected 100Hz grid and >=1 complete 30-sample window,100,30,15,300,50,
P052,33,/mnt/hdd16T/ToqeerHomeBackup/mujoco_project/outputs/_highrate_overnight/campaign_highrate_truth_v4_expanded42_new20/runs/P052/task_33/scenario33_age65_h1p66_sex_male_w69p0_20260926_152721,/mnt/hdd16T/ToqeerHomeBackup/mujoco_project/outputs/_highrate_overnight/campaign_highrate_truth_v4_expanded42_new20/runs/P052/task_33/scenario33_age65_h1p66_sex_male_w69p0_20260926_152721/fall_scenario33_age65_20260926_152721_highrate_truth.csv,18.800000000002186,19.000000000002217,19.1333,333.2999999978128,34,1,124,True,True,True,peak_impact_magnitude_within_3s_after_fall_onset,True,ok,repository_peak_impact_magnitude_within_3s_after_fall_onset_v2,>=30 actual samples on corrected 100Hz grid and >=1 complete 30-sample window,100,30,15,300,50,
P052,34,/mnt/hdd16T/ToqeerHomeBackup/mujoco_project/outputs/_highrate_overnight/campaign_highrate_truth_v4_expanded42_new20/runs/P052/task_34/scenario34_age65_h1p66_sex_male_w69p0_20260926_152949,/mnt/hdd16T/ToqeerHomeBackup/mujoco_project/outputs/_highrate_overnight/campaign_highrate_truth_v4_expanded42_new20/runs/P052/task_34/scenario34_age65_h1p66_sex_male_w69p0_20260926_152949/fall_scenario34_age65_20260926_152949_highrate_truth.csv,18.66666666666883,19.36666666666894,19.6333,966.633333331167,97,5,123,True,True,True,peak_impact_magnitude_within_3s_after_fall_onset,True,ok,repository_peak_impact_magnitude_within_3s_after_fall_onset_v2,>=30 actual samples on corrected 100Hz grid and >=1 complete 30-sample window,100,30,15,300,50,
P052,37,/mnt/hdd16T/ToqeerHomeBackup/mujoco_project/outputs/_highrate_overnight/campaign_highrate_truth_v4_expanded42_new20/runs/P052/task_37/scenario37_age65_h1p66_sex_male_w69p0_20260926_153219,/mnt/hdd16T/ToqeerHomeBackup/mujoco_project/outputs/_highrate_overnight/campaign_highrate_truth_v4_expanded42_new20/runs/P052/task_37/scenario37_age65_h1p66_sex_male_w69p0_20260926_153219/fall_scenario37_age65_20260926_153219_highrate_truth.csv,18.73333333333551,19.066666666668894,19.1033,369.9666666644923,37,1,123,True,True,True,peak_impact_magnitude_within_3s_after_fall_onset,True,ok,repository_peak_impact_magnitude_within_3s_after_fall_onset_v2,>=30 actual samples on corrected 100Hz grid and >=1 complete 30-sample window,100,30,15,300,50,
P052,38,/mnt/hdd16T/ToqeerHomeBackup/mujoco_project/outputs/_highrate_overnight/campaign_highrate_truth_v4_expanded42_new20/runs/P052/task_38/scenario38_age65_h1p66_sex_male_w69p0_20260926_153449,/mnt/hdd16T/ToqeerHomeBackup/mujoco_project/outputs/_highrate_overnight/campaign_highrate_truth_v4_expanded42_new20/runs/P052/task_38/scenario38_age65_h1p66_sex_male_w69p0_20260926_153449/fall_scenario38_age65_20260926_153449_highrate_truth.csv,18.833333333335524,19.000000000002217,19.0633,229.96666666447751,23,0,124,True,True,False,peak_impact_magnitude_within_3s_after_fall_onset,True,ok,repository_peak_impact_magnitude_within_3s_after_fall_onset_v2,>=30 actual samples on corrected 100Hz grid and >=1 complete 30-sample window,100,30,15,300,50,recovered_interval_shorter_than_30_samples
P052,39,/mnt/hdd16T/ToqeerHomeBackup/mujoco_project/outputs/_highrate_overnight/campaign_highrate_truth_v4_expanded42_new20/runs/P052/task_39/scenario39_age65_h1p66_sex_male_w69p0_20260926_153718,/mnt/hdd16T/ToqeerHomeBackup/mujoco_project/outputs/_highrate_overnight/campaign_highrate_truth_v4_expanded42_new20/runs/P052/task_39/scenario39_age65_h1p66_sex_male_w69p0_20260926_153718/fall_scenario39_age65_20260926_153718_highrate_truth.csv,5.43333333333343,6.033333333333524,6.0633,629.9666666665695,63,3,35,True,True,True,peak_impact_magnitude_within_3s_after_fall_onset,True,ok,repository_peak_impact_magnitude_within_3s_after_fall_onset_v2,>=30 actual samples on corrected 100Hz grid and >=1 complete 30-sample window,100,30,15,300,50,
P052,40,/mnt/hdd16T/ToqeerHomeBackup/mujoco_project/outputs/_highrate_overnight/campaign_highrate_truth_v4_expanded42_new20/runs/P052/task_40/scenario40_age65_h1p66_sex_male_w69p0_20260926_153754,/mnt/hdd16T/ToqeerHomeBackup/mujoco_project/outputs/_highrate_overnight/campaign_highrate_truth_v4_expanded42_new20/runs/P052/task_40/scenario40_age65_h1p66_sex_male_w69p0_20260926_153754/fall_scenario40_age65_20260926_153754_highrate_truth.csv,5.733333333333477,6.166666666666878,6.2033,469.9666666665223,47,2,37,True,True,True,peak_impact_magnitude_within_3s_after_fall_onset,True,ok,repository_peak_impact_magnitude_within_3s_after_fall_onset_v2,>=30 actual samples on corrected 100Hz grid and >=1 complete 30-sample window,100,30,15,300,50,
P052,41,/mnt/hdd16T/ToqeerHomeBackup/mujoco_project/outputs/_highrate_overnight/campaign_highrate_truth_v4_expanded42_new20/runs/P052/task_41/scenario41_age65_h1p66_sex_male_w69p0_20260926_153832,/mnt/hdd16T/ToqeerHomeBackup/mujoco_project/outputs/_highrate_overnight/campaign_highrate_truth_v4_expanded42_new20/runs/P052/task_41/scenario41_age65_h1p66_sex_male_w69p0_20260926_153832/fall_scenario41_age65_20260926_153832_highrate_truth.csv,5.533333333333446,6.900000000000326,6.4033,869.9666666665538,87,4,35,True,True,True,peak_impact_magnitude_within_3s_after_fall_onset,True,ok,repository_peak_impact_magnitude_within_3s_after_fall_onset_v2,>=30 actual samples on corrected 100Hz grid and >=1 complete 30-sample window,100,30,15,300,50,
P052,42,/mnt/hdd16T/ToqeerHomeBackup/mujoco_project/outputs/_highrate_overnight/campaign_highrate_truth_v4_expanded42_new20/runs/P052/task_42/scenario42_age65_h1p66_sex_male_w69p0_20260926_153908,/mnt/hdd16T/ToqeerHomeBackup/mujoco_project/outputs/_highrate_overnight/campaign_highrate_truth_v4_expanded42_new20/runs/P052/task_42/scenario42_age65_h1p66_sex_male_w69p0_20260926_153908/fall_scenario42_age65_20260926_153908_highrate_truth.csv,5.566666666666785,6.033333333333524,6.1033,536.6333333332154,54,2,36,True,True,True,peak_impact_magnitude_within_3s_after_fall_onset,True,ok,repository_peak_impact_magnitude_within_3s_after_fall_onset_v2,>=30 actual samples on corrected 100Hz grid and >=1 complete 30-sample window,100,30,15,300,50,
P053,20,/mnt/hdd16T/ToqeerHomeBackup/mujoco_project/outputs/_highrate_overnight/campaign_highrate_truth_v4_expanded42_new20/runs/P053/task_20/scenario20_age68_h1p78_sex_male_w81p0_20260926_153945,/mnt/hdd16T/ToqeerHomeBackup/mujoco_project/outputs/_highrate_overnight/campaign_highrate_truth_v4_expanded42_new20/runs/P053/task_20/scenario20_age68_h1p78_sex_male_w81p0_20260926_153945/fall_scenario20_age68_20260926_153945_highrate_truth.csv,5.966666666666847,6.700000000000295,6.7033,736.6333333331524,74,3,38,True,True,True,peak_impact_magnitude_within_3s_after_fall_onset,True,ok,repository_peak_impact_magnitude_within_3s_after_fall_onset_v2,>=30 actual samples on corrected 100Hz grid and >=1 complete 30-sample window,100,30,15,300,50,
P053,21,/mnt/hdd16T/ToqeerHomeBackup/mujoco_project/outputs/_highrate_overnight/campaign_highrate_truth_v4_expanded42_new20/runs/P053/task_21/scenario21_age68_h1p78_sex_male_w81p0_20260926_154049,/mnt/hdd16T/ToqeerHomeBackup/mujoco_project/outputs/_highrate_overnight/campaign_highrate_truth_v4_expanded42_new20/runs/P053/task_21/scenario21_age68_h1p78_sex_male_w81p0_20260926_154049/fall_scenario21_age68_20260926_154049_highrate_truth.csv,5.5000000000001075,5.5000000000001075,5.6033,103.29999999989248,11,0,35,True,True,False,peak_impact_magnitude_within_3s_after_fall_onset,True,ok,repository_peak_impact_magnitude_within_3s_after_fall_onset_v2,>=30 actual samples on corrected 100Hz grid and >=1 complete 30-sample window,100,30,15,300,50,recovered_interval_shorter_than_30_samples
P053,22,/mnt/hdd16T/ToqeerHomeBackup/mujoco_project/outputs/_highrate_overnight/campaign_highrate_truth_v4_expanded42_new20/runs/P053/task_22/scenario22_age68_h1p78_sex_male_w81p0_20260926_154124,/mnt/hdd16T/ToqeerHomeBackup/mujoco_project/outputs/_highrate_overnight/campaign_highrate_truth_v4_expanded42_new20/runs/P053/task_22/scenario22_age68_h1p78_sex_male_w81p0_20260926_154124/fall_scenario22_age68_20260926_154124_highrate_truth.csv,5.5000000000001075,5.5000000000001075,5.6033,103.29999999989248,11,0,35,True,True,False,peak_impact_magnitude_within_3s_after_fall_onset,True,ok,repository_peak_impact_magnitude_within_3s_after_fall_onset_v2,>=30 actual samples on corrected 100Hz grid and >=1 complete 30-sample window,100,30,15,300,50,recovered_interval_shorter_than_30_samples
P053,23,/mnt/hdd16T/ToqeerHomeBackup/mujoco_project/outputs/_highrate_overnight/campaign_highrate_truth_v4_expanded42_new20/runs/P053/task_23/scenario23_age68_h1p78_sex_male_w81p0_20260926_154159,/mnt/hdd16T/ToqeerHomeBackup/mujoco_project/outputs/_highrate_overnight/campaign_highrate_truth_v4_expanded42_new20/runs/P053/task_23/scenario23_age68_h1p78_sex_male_w81p0_20260926_154159/fall_scenario23_age68_20260926_154159_highrate_truth.csv,5.90000000000017,6.566666666666941,6.6033,703.29999999983,71,3,38,True,True,True,peak_impact_magnitude_within_3s_after_fall_onset,True,ok,repository_peak_impact_magnitude_within_3s_after_fall_onset_v2,>=30 actual samples on corrected 100Hz grid and >=1 complete 30-sample window,100,30,15,300,50,
P053,24,/mnt/hdd16T/ToqeerHomeBackup/mujoco_project/outputs/_highrate_overnight/campaign_highrate_truth_v4_expanded42_new20/runs/P053/task_24/scenario24_age68_h1p78_sex_male_w81p0_20260926_154303,/mnt/hdd16T/ToqeerHomeBackup/mujoco_project/outputs/_highrate_overnight/campaign_highrate_truth_v4_expanded42_new20/runs/P053/task_24/scenario24_age68_h1p78_sex_male_w81p0_20260926_154303/fall_scenario24_age68_20260926_154303_highrate_truth.csv,5.5000000000001075,5.5000000000001075,5.8033,303.29999999989263,31,1,35,True,True,True,peak_impact_magnitude_within_3s_after_fall_onset,True,ok,repository_peak_impact_magnitude_within_3s_after_fall_onset_v2,>=30 actual samples on corrected 100Hz grid and >=1 complete 30-sample window,100,30,15,300,50,
P053,28,/mnt/hdd16T/ToqeerHomeBackup/mujoco_project/outputs/_highrate_overnight/campaign_highrate_truth_v4_expanded42_new20/runs/P053/task_28/scenario28_age68_h1p78_sex_male_w81p0_20260926_154338,/mnt/hdd16T/ToqeerHomeBackup/mujoco_project/outputs/_highrate_overnight/campaign_highrate_truth_v4_expanded42_new20/runs/P053/task_28/scenario28_age68_h1p78_sex_male_w81p0_20260926_154338/fall_scenario28_age68_20260926_154338_highrate_truth.csv,7.466666666667082,8.16666666666719,7.8333,366.6333333329188,37,1,48,True,True,True,peak_impact_magnitude_within_3s_after_fall_onset,True,ok,repository_peak_impact_magnitude_within_3s_after_fall_onset_v2,>=30 actual samples on corrected 100Hz grid and >=1 complete 30-sample window,100,30,15,300,50,
P053,29,/mnt/hdd16T/ToqeerHomeBackup/mujoco_project/outputs/_highrate_overnight/campaign_highrate_truth_v4_expanded42_new20/runs/P053/task_29/scenario29_age68_h1p78_sex_male_w81p0_20260926_154609,/mnt/hdd16T/ToqeerHomeBackup/mujoco_project/outputs/_highrate_overnight/campaign_highrate_truth_v4_expanded42_new20/runs/P053/task_29/scenario29_age68_h1p78_sex_male_w81p0_20260926_154609/fall_scenario29_age68_20260926_154609_highrate_truth.csv,7.700000000000451,8.600000000000591,8.5633,863.2999999995485,87,4,50,True,True,True,peak_impact_magnitude_within_3s_after_fall_onset,True,ok,repository_peak_impact_magnitude_within_3s_after_fall_onset_v2,>=30 actual samples on corrected 100Hz grid and >=1 complete 30-sample window,100,30,15,300,50,
P053,30,/mnt/hdd16T/ToqeerHomeBackup/mujoco_project/outputs/_highrate_overnight/campaign_highrate_truth_v4_expanded42_new20/runs/P053/task_30/scenario30_age68_h1p78_sex_male_w81p0_20260926_154839,/mnt/hdd16T/ToqeerHomeBackup/mujoco_project/outputs/_highrate_overnight/campaign_highrate_truth_v4_expanded42_new20/runs/P053/task_30/scenario30_age68_h1p78_sex_male_w81p0_20260926_154839/fall_scenario30_age68_20260926_154839_highrate_truth.csv,7.633333333333774,9.166666666667346,7.7333,99.96666666622556,10,0,49,True,True,False,peak_impact_magnitude_within_3s_after_fall_onset,True,ok,repository_peak_impact_magnitude_within_3s_after_fall_onset_v2,>=30 actual samples on corrected 100Hz grid and >=1 complete 30-sample window,100,30,15,300,50,recovered_interval_shorter_than_30_samples
P053,31,/mnt/hdd16T/ToqeerHomeBackup/mujoco_project/outputs/_highrate_overnight/campaign_highrate_truth_v4_expanded42_new20/runs/P053/task_31/scenario31_age68_h1p78_sex_male_w81p0_20260926_155111,/mnt/hdd16T/ToqeerHomeBackup/mujoco_project/outputs/_highrate_overnight/campaign_highrate_truth_v4_expanded42_new20/runs/P053/task_31/scenario31_age68_h1p78_sex_male_w81p0_20260926_155111/fall_scenario31_age68_20260926_155111_highrate_truth.csv,7.466666666667082,8.766666666667284,7.5333,66.6333333329181,7,0,48,True,True,False,peak_impact_magnitude_within_3s_after_fall_onset,True,ok,repository_peak_impact_magnitude_within_3s_after_fall_onset_v2,>=30 actual samples on corrected 100Hz grid and >=1 complete 30-sample window,100,30,15,300,50,recovered_interval_shorter_than_30_samples
P053,32,/mnt/hdd16T/ToqeerHomeBackup/mujoco_project/outputs/_highrate_overnight/campaign_highrate_truth_v4_expanded42_new20/runs/P053/task_32/scenario32_age68_h1p78_sex_male_w81p0_20260926_155343,/mnt/hdd16T/ToqeerHomeBackup/mujoco_project/outputs/_highrate_overnight/campaign_highrate_truth_v4_expanded42_new20/runs/P053/task_32/scenario32_age68_h1p78_sex_male_w81p0_20260926_155343/fall_scenario32_age68_20260926_155343_highrate_truth.csv,7.933333333333821,8.766666666667284,8.7033,769.9666666661793,77,4,51,True,True,True,peak_impact_magnitude_within_3s_after_fall_onset,True,ok,repository_peak_impact_magnitude_within_3s_after_fall_onset_v2,>=30 actual samples on corrected 100Hz grid and >=1 complete 30-sample window,100,30,15,300,50,
P053,33,/mnt/hdd16T/ToqeerHomeBackup/mujoco_project/outputs/_highrate_overnight/campaign_highrate_truth_v4_expanded42_new20/runs/P053/task_33/scenario33_age68_h1p78_sex_male_w81p0_20260926_155615,/mnt/hdd16T/ToqeerHomeBackup/mujoco_project/outputs/_highrate_overnight/campaign_highrate_truth_v4_expanded42_new20/runs/P053/task_33/scenario33_age68_h1p78_sex_male_w81p0_20260926_155615/fall_scenario33_age68_20260926_155615_highrate_truth.csv,8.100000000000513,8.63333333333393,8.6333,533.2999999994872,54,2,53,True,True,True,peak_impact_magnitude_within_3s_after_fall_onset,True,ok,repository_peak_impact_magnitude_within_3s_after_fall_onset_v2,>=30 actual samples on corrected 100Hz grid and >=1 complete 30-sample window,100,30,15,300,50,
P053,34,/mnt/hdd16T/ToqeerHomeBackup/mujoco_project/outputs/_highrate_overnight/campaign_highrate_truth_v4_expanded42_new20/runs/P053/task_34/scenario34_age68_h1p78_sex_male_w81p0_20260926_155846,/mnt/hdd16T/ToqeerHomeBackup/mujoco_project/outputs/_highrate_overnight/campaign_highrate_truth_v4_expanded42_new20/runs/P053/task_34/scenario34_age68_h1p78_sex_male_w81p0_20260926_155846/fall_scenario34_age68_20260926_155846_highrate_truth.csv,8.233333333333867,8.766666666667284,9.5333,1299.9666666661333,130,7,53,True,True,True,peak_impact_magnitude_within_3s_after_fall_onset,True,ok,repository_peak_impact_magnitude_within_3s_after_fall_onset_v2,>=30 actual samples on corrected 100Hz grid and >=1 complete 30-sample window,100,30,15,300,50,
P053,37,/mnt/hdd16T/ToqeerHomeBackup/mujoco_project/outputs/_highrate_overnight/campaign_highrate_truth_v4_expanded42_new20/runs/P053/task_37/scenario37_age68_h1p78_sex_male_w81p0_20260926_160117,/mnt/hdd16T/ToqeerHomeBackup/mujoco_project/outputs/_highrate_overnight/campaign_highrate_truth_v4_expanded42_new20/runs/P053/task_37/scenario37_age68_h1p78_sex_male_w81p0_20260926_160117/fall_scenario37_age68_20260926_160117_highrate_truth.csv,18.800000000002186,20.03333333333571,19.4333,633.2999999978135,64,3,124,True,True,True,peak_impact_magnitude_within_3s_after_fall_onset,True,ok,repository_peak_impact_magnitude_within_3s_after_fall_onset_v2,>=30 actual samples on corrected 100Hz grid and >=1 complete 30-sample window,100,30,15,300,50,
P053,38,/mnt/hdd16T/ToqeerHomeBackup/mujoco_project/outputs/_highrate_overnight/campaign_highrate_truth_v4_expanded42_new20/runs/P053/task_38/scenario38_age68_h1p78_sex_male_w81p0_20260926_160347,/mnt/hdd16T/ToqeerHomeBackup/mujoco_project/outputs/_highrate_overnight/campaign_highrate_truth_v4_expanded42_new20/runs/P053/task_38/scenario38_age68_h1p78_sex_male_w81p0_20260926_160347/fall_scenario38_age68_20260926_160347_highrate_truth.csv,19.000000000002217,19.266666666668925,20.0333,1033.2999999977837,104,5,125,True,True,True,peak_impact_magnitude_within_3s_after_fall_onset,True,ok,repository_peak_impact_magnitude_within_3s_after_fall_onset_v2,>=30 actual samples on corrected 100Hz grid and >=1 complete 30-sample window,100,30,15,300,50,
P053,39,/mnt/hdd16T/ToqeerHomeBackup/mujoco_project/outputs/_highrate_overnight/campaign_highrate_truth_v4_expanded42_new20/runs/P053/task_39/scenario39_age68_h1p78_sex_male_w81p0_20260926_160619,/mnt/hdd16T/ToqeerHomeBackup/mujoco_project/outputs/_highrate_overnight/campaign_highrate_truth_v4_expanded42_new20/runs/P053/task_39/scenario39_age68_h1p78_sex_male_w81p0_20260926_160619/fall_scenario39_age68_20260926_160619_highrate_truth.csv,5.466666666666769,6.100000000000201,6.1333,666.6333333332312,67,3,35,True,True,True,peak_impact_magnitude_within_3s_after_fall_onset,True,ok,repository_peak_impact_magnitude_within_3s_after_fall_onset_v2,>=30 actual samples on corrected 100Hz grid and >=1 complete 30-sample window,100,30,15,300,50,
P053,40,/mnt/hdd16T/ToqeerHomeBackup/mujoco_project/outputs/_highrate_overnight/campaign_highrate_truth_v4_expanded42_new20/runs/P053/task_40/scenario40_age68_h1p78_sex_male_w81p0_20260926_160655,/mnt/hdd16T/ToqeerHomeBackup/mujoco_project/outputs/_highrate_overnight/campaign_highrate_truth_v4_expanded42_new20/runs/P053/task_40/scenario40_age68_h1p78_sex_male_w81p0_20260926_160655/fall_scenario40_age68_20260926_160655_highrate_truth.csv,5.733333333333477,6.200000000000217,6.2333,499.96666666652254,50,2,37,True,True,True,peak_impact_magnitude_within_3s_after_fall_onset,True,ok,repository_peak_impact_magnitude_within_3s_after_fall_onset_v2,>=30 actual samples on corrected 100Hz grid and >=1 complete 30-sample window,100,30,15,300,50,
P053,41,/mnt/hdd16T/ToqeerHomeBackup/mujoco_project/outputs/_highrate_overnight/campaign_highrate_truth_v4_expanded42_new20/runs/P053/task_41/scenario41_age68_h1p78_sex_male_w81p0_20260926_160731,/mnt/hdd16T/ToqeerHomeBackup/mujoco_project/outputs/_highrate_overnight/campaign_highrate_truth_v4_expanded42_new20/runs/P053/task_41/scenario41_age68_h1p78_sex_male_w81p0_20260926_160731/fall_scenario41_age68_20260926_160731_highrate_truth.csv,5.333333333333415,6.266666666666894,6.3633,1029.966666666585,103,5,34,True,True,True,peak_impact_magnitude_within_3s_after_fall_onset,True,ok,repository_peak_impact_magnitude_within_3s_after_fall_onset_v2,>=30 actual samples on corrected 100Hz grid and >=1 complete 30-sample window,100,30,15,300,50,
P053,42,/mnt/hdd16T/ToqeerHomeBackup/mujoco_project/outputs/_highrate_overnight/campaign_highrate_truth_v4_expanded42_new20/runs/P053/task_42/scenario42_age68_h1p78_sex_male_w81p0_20260926_160815,/mnt/hdd16T/ToqeerHomeBackup/mujoco_project/outputs/_highrate_overnight/campaign_highrate_truth_v4_expanded42_new20/runs/P053/task_42/scenario42_age68_h1p78_sex_male_w81p0_20260926_160815/fall_scenario42_age68_20260926_160815_highrate_truth.csv,5.233333333333399,6.166666666666878,6.2633,1029.966666666601,103,5,33,True,True,True,peak_impact_magnitude_within_3s_after_fall_onset,True,ok,repository_peak_impact_magnitude_within_3s_after_fall_onset_v2,>=30 actual samples on corrected 100Hz grid and >=1 complete 30-sample window,100,30,15,300,50,
P054,20,/mnt/hdd16T/ToqeerHomeBackup/mujoco_project/outputs/_highrate_overnight/campaign_highrate_truth_v4_expanded42_new20/runs/P054/task_20/scenario20_age72_h1p61_sex_female_w68p0_20260926_160901,/mnt/hdd16T/ToqeerHomeBackup/mujoco_project/outputs/_highrate_overnight/campaign_highrate_truth_v4_expanded42_new20/runs/P054/task_20/scenario20_age72_h1p61_sex_female_w68p0_20260926_160901/fall_scenario20_age72_20260926_160901_highrate_truth.csv,6.233333333333555,6.500000000000264,6.6033,369.9666666664445,37,1,40,True,True,True,peak_impact_magnitude_within_3s_after_fall_onset,True,ok,repository_peak_impact_magnitude_within_3s_after_fall_onset_v2,>=30 actual samples on corrected 100Hz grid and >=1 complete 30-sample window,100,30,15,300,50,
P054,21,/mnt/hdd16T/ToqeerHomeBackup/mujoco_project/outputs/_highrate_overnight/campaign_highrate_truth_v4_expanded42_new20/runs/P054/task_21/scenario21_age72_h1p61_sex_female_w68p0_20260926_161013,/mnt/hdd16T/ToqeerHomeBackup/mujoco_project/outputs/_highrate_overnight/campaign_highrate_truth_v4_expanded42_new20/runs/P054/task_21/scenario21_age72_h1p61_sex_female_w68p0_20260926_161013/fall_scenario21_age72_20260926_161013_highrate_truth.csv,5.5000000000001075,5.5000000000001075,5.6033,103.29999999989248,11,0,35,True,True,False,peak_impact_magnitude_within_3s_after_fall_onset,True,ok,repository_peak_impact_magnitude_within_3s_after_fall_onset_v2,>=30 actual samples on corrected 100Hz grid and >=1 complete 30-sample window,100,30,15,300,50,recovered_interval_shorter_than_30_samples
P054,22,/mnt/hdd16T/ToqeerHomeBackup/mujoco_project/outputs/_highrate_overnight/campaign_highrate_truth_v4_expanded42_new20/runs/P054/task_22/scenario22_age72_h1p61_sex_female_w68p0_20260926_161049,/mnt/hdd16T/ToqeerHomeBackup/mujoco_project/outputs/_highrate_overnight/campaign_highrate_truth_v4_expanded42_new20/runs/P054/task_22/scenario22_age72_h1p61_sex_female_w68p0_20260926_161049/fall_scenario22_age72_20260926_161049_highrate_truth.csv,5.5000000000001075,5.5000000000001075,5.6033,103.29999999989248,11,0,35,True,True,False,peak_impact_magnitude_within_3s_after_fall_onset,True,ok,repository_peak_impact_magnitude_within_3s_after_fall_onset_v2,>=30 actual samples on corrected 100Hz grid and >=1 complete 30-sample window,100,30,15,300,50,recovered_interval_shorter_than_30_samples
P054,23,/mnt/hdd16T/ToqeerHomeBackup/mujoco_project/outputs/_highrate_overnight/campaign_highrate_truth_v4_expanded42_new20/runs/P054/task_23/scenario23_age72_h1p61_sex_female_w68p0_20260926_161124,/mnt/hdd16T/ToqeerHomeBackup/mujoco_project/outputs/_highrate_overnight/campaign_highrate_truth_v4_expanded42_new20/runs/P054/task_23/scenario23_age72_h1p61_sex_female_w68p0_20260926_161124/fall_scenario23_age72_20260926_161124_highrate_truth.csv,6.233333333333555,6.500000000000264,6.5333,299.9666666664442,30,1,40,True,True,True,peak_impact_magnitude_within_3s_after_fall_onset,True,ok,repository_peak_impact_magnitude_within_3s_after_fall_onset_v2,>=30 actual samples on corrected 100Hz grid and >=1 complete 30-sample window,100,30,15,300,50,
P054,24,/mnt/hdd16T/ToqeerHomeBackup/mujoco_project/outputs/_highrate_overnight/campaign_highrate_truth_v4_expanded42_new20/runs/P054/task_24/scenario24_age72_h1p61_sex_female_w68p0_20260926_161228,/mnt/hdd16T/ToqeerHomeBackup/mujoco_project/outputs/_highrate_overnight/campaign_highrate_truth_v4_expanded42_new20/runs/P054/task_24/scenario24_age72_h1p61_sex_female_w68p0_20260926_161228/fall_scenario24_age72_20260926_161228_highrate_truth.csv,5.366666666666753,5.833333333333493,5.8933,526.6333333332467,53,2,34,True,True,True,peak_impact_magnitude_within_3s_after_fall_onset,True,ok,repository_peak_impact_magnitude_within_3s_after_fall_onset_v2,>=30 actual samples on corrected 100Hz grid and >=1 complete 30-sample window,100,30,15,300,50,
P054,28,/mnt/hdd16T/ToqeerHomeBackup/mujoco_project/outputs/_highrate_overnight/campaign_highrate_truth_v4_expanded42_new20/runs/P054/task_28/scenario28_age72_h1p61_sex_female_w68p0_20260926_161303,/mnt/hdd16T/ToqeerHomeBackup/mujoco_project/outputs/_highrate_overnight/campaign_highrate_truth_v4_expanded42_new20/runs/P054/task_28/scenario28_age72_h1p61_sex_female_w68p0_20260926_161303/fall_scenario28_age72_20260926_161303_highrate_truth.csv,18.26666666666877,18.766666666668847,18.6633,396.63333333123063,40,1,120,True,True,True,peak_impact_magnitude_within_3s_after_fall_onset,True,ok,repository_peak_impact_magnitude_within_3s_after_fall_onset_v2,>=30 actual samples on corrected 100Hz grid and >=1 complete 30-sample window,100,30,15,300,50,
P054,29,/mnt/hdd16T/ToqeerHomeBackup/mujoco_project/outputs/_highrate_overnight/campaign_highrate_truth_v4_expanded42_new20/runs/P054/task_29/scenario29_age72_h1p61_sex_female_w68p0_20260926_161536,/mnt/hdd16T/ToqeerHomeBackup/mujoco_project/outputs/_highrate_overnight/campaign_highrate_truth_v4_expanded42_new20/runs/P054/task_29/scenario29_age72_h1p61_sex_female_w68p0_20260926_161536/fall_scenario29_age72_20260926_161536_highrate_truth.csv,18.866666666668863,19.200000000002248,19.1733,306.6333333311384,31,1,124,True,True,True,peak_impact_magnitude_within_3s_after_fall_onset,True,ok,repository_peak_impact_magnitude_within_3s_after_fall_onset_v2,>=30 actual samples on corrected 100Hz grid and >=1 complete 30-sample window,100,30,15,300,50,
P054,30,/mnt/hdd16T/ToqeerHomeBackup/mujoco_project/outputs/_highrate_overnight/campaign_highrate_truth_v4_expanded42_new20/runs/P054/task_30/scenario30_age72_h1p61_sex_female_w68p0_20260926_161806,/mnt/hdd16T/ToqeerHomeBackup/mujoco_project/outputs/_highrate_overnight/campaign_highrate_truth_v4_expanded42_new20/runs/P054/task_30/scenario30_age72_h1p61_sex_female_w68p0_20260926_161806/fall_scenario30_age72_20260926_161806_highrate_truth.csv,18.23333333333543,20.10000000000239,18.7633,529.9666666645705,53,2,120,True,True,True,peak_impact_magnitude_within_3s_after_fall_onset,True,ok,repository_peak_impact_magnitude_within_3s_after_fall_onset_v2,>=30 actual samples on corrected 100Hz grid and >=1 complete 30-sample window,100,30,15,300,50,
P054,31,/mnt/hdd16T/ToqeerHomeBackup/mujoco_project/outputs/_highrate_overnight/campaign_highrate_truth_v4_expanded42_new20/runs/P054/task_31/scenario31_age72_h1p61_sex_female_w68p0_20260926_162036,/mnt/hdd16T/ToqeerHomeBackup/mujoco_project/outputs/_highrate_overnight/campaign_highrate_truth_v4_expanded42_new20/runs/P054/task_31/scenario31_age72_h1p61_sex_female_w68p0_20260926_162036/fall_scenario31_age72_20260926_162036_highrate_truth.csv,18.23333333333543,18.333333333335446,18.3333,99.96666666457088,10,0,120,True,True,False,peak_impact_magnitude_within_3s_after_fall_onset,True,ok,repository_peak_impact_magnitude_within_3s_after_fall_onset_v2,>=30 actual samples on corrected 100Hz grid and >=1 complete 30-sample window,100,30,15,300,50,recovered_interval_shorter_than_30_samples
P054,32,/mnt/hdd16T/ToqeerHomeBackup/mujoco_project/outputs/_highrate_overnight/campaign_highrate_truth_v4_expanded42_new20/runs/P054/task_32/scenario32_age72_h1p61_sex_female_w68p0_20260926_162306,/mnt/hdd16T/ToqeerHomeBackup/mujoco_project/outputs/_highrate_overnight/campaign_highrate_truth_v4_expanded42_new20/runs/P054/task_32/scenario32_age72_h1p61_sex_female_w68p0_20260926_162306/fall_scenario32_age72_20260926_162306_highrate_truth.csv,18.9000000000022,19.666666666668988,19.2633,363.2999999977997,37,1,125,True,True,True,peak_impact_magnitude_within_3s_after_fall_onset,True,ok,repository_peak_impact_magnitude_within_3s_after_fall_onset_v2,>=30 actual samples on corrected 100Hz grid and >=1 complete 30-sample window,100,30,15,300,50,
P054,33,/mnt/hdd16T/ToqeerHomeBackup/mujoco_project/outputs/_highrate_overnight/campaign_highrate_truth_v4_expanded42_new20/runs/P054/task_33/scenario33_age72_h1p61_sex_female_w68p0_20260926_162538,/mnt/hdd16T/ToqeerHomeBackup/mujoco_project/outputs/_highrate_overnight/campaign_highrate_truth_v4_expanded42_new20/runs/P054/task_33/scenario33_age72_h1p61_sex_female_w68p0_20260926_162538/fall_scenario33_age72_20260926_162538_highrate_truth.csv,19.066666666668894,19.333333333335602,19.4033,336.63333333110756,34,1,126,True,True,True,peak_impact_magnitude_within_3s_after_fall_onset,True,ok,repository_peak_impact_magnitude_within_3s_after_fall_onset_v2,>=30 actual samples on corrected 100Hz grid and >=1 complete 30-sample window,100,30,15,300,50,
P054,34,/mnt/hdd16T/ToqeerHomeBackup/mujoco_project/outputs/_highrate_overnight/campaign_highrate_truth_v4_expanded42_new20/runs/P054/task_34/scenario34_age72_h1p61_sex_female_w68p0_20260926_162809,/mnt/hdd16T/ToqeerHomeBackup/mujoco_project/outputs/_highrate_overnight/campaign_highrate_truth_v4_expanded42_new20/runs/P054/task_34/scenario34_age72_h1p61_sex_female_w68p0_20260926_162809/fall_scenario34_age72_20260926_162809_highrate_truth.csv,18.93333333333554,19.233333333335587,20.0333,1099.9666666644607,110,6,125,True,True,True,peak_impact_magnitude_within_3s_after_fall_onset,True,ok,repository_peak_impact_magnitude_within_3s_after_fall_onset_v2,>=30 actual samples on corrected 100Hz grid and >=1 complete 30-sample window,100,30,15,300,50,
P054,37,/mnt/hdd16T/ToqeerHomeBackup/mujoco_project/outputs/_highrate_overnight/campaign_highrate_truth_v4_expanded42_new20/runs/P054/task_37/scenario37_age72_h1p61_sex_female_w68p0_20260926_163039,/mnt/hdd16T/ToqeerHomeBackup/mujoco_project/outputs/_highrate_overnight/campaign_highrate_truth_v4_expanded42_new20/runs/P054/task_37/scenario37_age72_h1p61_sex_female_w68p0_20260926_163039/fall_scenario37_age72_20260926_163039_highrate_truth.csv,19.000000000002217,19.333333333335602,19.3333,333.29999999778437,34,1,125,True,True,True,peak_impact_magnitude_within_3s_after_fall_onset,True,ok,repository_peak_impact_magnitude_within_3s_after_fall_onset_v2,>=30 actual samples on corrected 100Hz grid and >=1 complete 30-sample window,100,30,15,300,50,
P054,38,/mnt/hdd16T/ToqeerHomeBackup/mujoco_project/outputs/_highrate_overnight/campaign_highrate_truth_v4_expanded42_new20/runs/P054/task_38/scenario38_age72_h1p61_sex_female_w68p0_20260926_163309,/mnt/hdd16T/ToqeerHomeBackup/mujoco_project/outputs/_highrate_overnight/campaign_highrate_truth_v4_expanded42_new20/runs/P054/task_38/scenario38_age72_h1p61_sex_female_w68p0_20260926_163309/fall_scenario38_age72_20260926_163309_highrate_truth.csv,18.833333333335524,19.100000000002233,20.1333,1299.9666666644744,130,7,124,True,True,True,peak_impact_magnitude_within_3s_after_fall_onset,True,ok,repository_peak_impact_magnitude_within_3s_after_fall_onset_v2,>=30 actual samples on corrected 100Hz grid and >=1 complete 30-sample window,100,30,15,300,50,
P054,39,/mnt/hdd16T/ToqeerHomeBackup/mujoco_project/outputs/_highrate_overnight/campaign_highrate_truth_v4_expanded42_new20/runs/P054/task_39/scenario39_age72_h1p61_sex_female_w68p0_20260926_163539,/mnt/hdd16T/ToqeerHomeBackup/mujoco_project/outputs/_highrate_overnight/campaign_highrate_truth_v4_expanded42_new20/runs/P054/task_39/scenario39_age72_h1p61_sex_female_w68p0_20260926_163539/fall_scenario39_age72_20260926_163539_highrate_truth.csv,5.833333333333493,6.3000000000002325,6.1333,299.9666666665073,30,1,37,True,True,True,peak_impact_magnitude_within_3s_after_fall_onset,True,ok,repository_peak_impact_magnitude_within_3s_after_fall_onset_v2,>=30 actual samples on corrected 100Hz grid and >=1 complete 30-sample window,100,30,15,300,50,
P054,40,/mnt/hdd16T/ToqeerHomeBackup/mujoco_project/outputs/_highrate_overnight/campaign_highrate_truth_v4_expanded42_new20/runs/P054/task_40/scenario40_age72_h1p61_sex_female_w68p0_20260926_163615,/mnt/hdd16T/ToqeerHomeBackup/mujoco_project/outputs/_highrate_overnight/campaign_highrate_truth_v4_expanded42_new20/runs/P054/task_40/scenario40_age72_h1p61_sex_female_w68p0_20260926_163615/fall_scenario40_age72_20260926_163615_highrate_truth.csv,5.800000000000154,5.9333333333335085,5.9733,173.29999999984568,18,0,37,True,True,False,peak_impact_magnitude_within_3s_after_fall_onset,True,ok,repository_peak_impact_magnitude_within_3s_after_fall_onset_v2,>=30 actual samples on corrected 100Hz grid and >=1 complete 30-sample window,100,30,15,300,50,recovered_interval_shorter_than_30_samples
P054,41,/mnt/hdd16T/ToqeerHomeBackup/mujoco_project/outputs/_highrate_overnight/campaign_highrate_truth_v4_expanded42_new20/runs/P054/task_41/scenario41_age72_h1p61_sex_female_w68p0_20260926_163650,/mnt/hdd16T/ToqeerHomeBackup/mujoco_project/outputs/_highrate_overnight/campaign_highrate_truth_v4_expanded42_new20/runs/P054/task_41/scenario41_age72_h1p61_sex_female_w68p0_20260926_163650/fall_scenario41_age72_20260926_163650_highrate_truth.csv,5.43333333333343,6.400000000000248,6.3033,869.9666666665697,87,4,35,True,True,True,peak_impact_magnitude_within_3s_after_fall_onset,True,ok,repository_peak_impact_magnitude_within_3s_after_fall_onset_v2,>=30 actual samples on corrected 100Hz grid and >=1 complete 30-sample window,100,30,15,300,50,
P054,42,/mnt/hdd16T/ToqeerHomeBackup/mujoco_project/outputs/_highrate_overnight/campaign_highrate_truth_v4_expanded42_new20/runs/P054/task_42/scenario42_age72_h1p61_sex_female_w68p0_20260926_163726,/mnt/hdd16T/ToqeerHomeBackup/mujoco_project/outputs/_highrate_overnight/campaign_highrate_truth_v4_expanded42_new20/runs/P054/task_42/scenario42_age72_h1p61_sex_female_w68p0_20260926_163726/fall_scenario42_age72_20260926_163726_highrate_truth.csv,5.800000000000154,6.000000000000186,6.0633,263.29999999984557,27,0,37,True,True,False,peak_impact_magnitude_within_3s_after_fall_onset,True,ok,repository_peak_impact_magnitude_within_3s_after_fall_onset_v2,>=30 actual samples on corrected 100Hz grid and >=1 complete 30-sample window,100,30,15,300,50,recovered_interval_shorter_than_30_samples
P055,20,/mnt/hdd16T/ToqeerHomeBackup/mujoco_project/outputs/_highrate_overnight/campaign_highrate_truth_v4_expanded42_new20/runs/P055/task_20/scenario20_age76_h1p83_sex_male_w87p0_20260926_163803,/mnt/hdd16T/ToqeerHomeBackup/mujoco_project/outputs/_highrate_overnight/campaign_highrate_truth_v4_expanded42_new20/runs/P055/task_20/scenario20_age76_h1p83_sex_male_w87p0_20260926_163803/fall_scenario20_age76_20260926_163803_highrate_truth.csv,5.90000000000017,6.933333333333665,6.7033,803.2999999998297,81,4,38,True,True,True,peak_impact_magnitude_within_3s_after_fall_onset,True,ok,repository_peak_impact_magnitude_within_3s_after_fall_onset_v2,>=30 actual samples on corrected 100Hz grid and >=1 complete 30-sample window,100,30,15,300,50,
P055,21,/mnt/hdd16T/ToqeerHomeBackup/mujoco_project/outputs/_highrate_overnight/campaign_highrate_truth_v4_expanded42_new20/runs/P055/task_21/scenario21_age76_h1p83_sex_male_w87p0_20260926_163907,/mnt/hdd16T/ToqeerHomeBackup/mujoco_project/outputs/_highrate_overnight/campaign_highrate_truth_v4_expanded42_new20/runs/P055/task_21/scenario21_age76_h1p83_sex_male_w87p0_20260926_163907/fall_scenario21_age76_20260926_163907_highrate_truth.csv,5.233333333333399,5.9333333333335085,6.0033,769.9666666666012,77,4,33,True,True,True,peak_impact_magnitude_within_3s_after_fall_onset,True,ok,repository_peak_impact_magnitude_within_3s_after_fall_onset_v2,>=30 actual samples on corrected 100Hz grid and >=1 complete 30-sample window,100,30,15,300,50,
P055,22,/mnt/hdd16T/ToqeerHomeBackup/mujoco_project/outputs/_highrate_overnight/campaign_highrate_truth_v4_expanded42_new20/runs/P055/task_22/scenario22_age76_h1p83_sex_male_w87p0_20260926_163942,/mnt/hdd16T/ToqeerHomeBackup/mujoco_project/outputs/_highrate_overnight/campaign_highrate_truth_v4_expanded42_new20/runs/P055/task_22/scenario22_age76_h1p83_sex_male_w87p0_20260926_163942/fall_scenario22_age76_20260926_163942_highrate_truth.csv,5.200000000000061,6.200000000000217,6.0033,803.2999999999397,81,4,33,True,True,True,peak_impact_magnitude_within_3s_after_fall_onset,True,ok,repository_peak_impact_magnitude_within_3s_after_fall_onset_v2,>=30 actual samples on corrected 100Hz grid and >=1 complete 30-sample window,100,30,15,300,50,
P055,23,/mnt/hdd16T/ToqeerHomeBackup/mujoco_project/outputs/_highrate_overnight/campaign_highrate_truth_v4_expanded42_new20/runs/P055/task_23/scenario23_age76_h1p83_sex_male_w87p0_20260926_164018,/mnt/hdd16T/ToqeerHomeBackup/mujoco_project/outputs/_highrate_overnight/campaign_highrate_truth_v4_expanded42_new20/runs/P055/task_23/scenario23_age76_h1p83_sex_male_w87p0_20260926_164018/fall_scenario23_age76_20260926_164018_highrate_truth.csv,6.100000000000201,6.633333333333618,6.7033,603.2999999997983,61,3,39,True,True,True,peak_impact_magnitude_within_3s_after_fall_onset,True,ok,repository_peak_impact_magnitude_within_3s_after_fall_onset_v2,>=30 actual samples on corrected 100Hz grid and >=1 complete 30-sample window,100,30,15,300,50,
P055,24,/mnt/hdd16T/ToqeerHomeBackup/mujoco_project/outputs/_highrate_overnight/campaign_highrate_truth_v4_expanded42_new20/runs/P055/task_24/scenario24_age76_h1p83_sex_male_w87p0_20260926_164121,/mnt/hdd16T/ToqeerHomeBackup/mujoco_project/outputs/_highrate_overnight/campaign_highrate_truth_v4_expanded42_new20/runs/P055/task_24/scenario24_age76_h1p83_sex_male_w87p0_20260926_164121/fall_scenario24_age76_20260926_164121_highrate_truth.csv,5.000000000000029,5.8666666666668315,5.9333,933.2999999999707,94,5,32,True,True,True,peak_impact_magnitude_within_3s_after_fall_onset,True,ok,repository_peak_impact_magnitude_within_3s_after_fall_onset_v2,>=30 actual samples on corrected 100Hz grid and >=1 complete 30-sample window,100,30,15,300,50,
P055,28,/mnt/hdd16T/ToqeerHomeBackup/mujoco_project/outputs/_highrate_overnight/campaign_highrate_truth_v4_expanded42_new20/runs/P055/task_28/scenario28_age76_h1p83_sex_male_w87p0_20260926_164156,/mnt/hdd16T/ToqeerHomeBackup/mujoco_project/outputs/_highrate_overnight/campaign_highrate_truth_v4_expanded42_new20/runs/P055/task_28/scenario28_age76_h1p83_sex_male_w87p0_20260926_164156/fall_scenario28_age76_20260926_164156_highrate_truth.csv,7.633333333333774,8.666666666667268,8.2033,569.9666666662262,57,2,49,True,True,True,peak_impact_magnitude_within_3s_after_fall_onset,True,ok,repository_peak_impact_magnitude_within_3s_after_fall_onset_v2,>=30 actual samples on corrected 100Hz grid and >=1 complete 30-sample window,100,30,15,300,50,
P055,29,/mnt/hdd16T/ToqeerHomeBackup/mujoco_project/outputs/_highrate_overnight/campaign_highrate_truth_v4_expanded42_new20/runs/P055/task_29/scenario29_age76_h1p83_sex_male_w87p0_20260926_164428,/mnt/hdd16T/ToqeerHomeBackup/mujoco_project/outputs/_highrate_overnight/campaign_highrate_truth_v4_expanded42_new20/runs/P055/task_29/scenario29_age76_h1p83_sex_male_w87p0_20260926_164428/fall_scenario29_age76_20260926_164428_highrate_truth.csv,7.633333333333774,8.366666666667221,8.8333,1199.9666666662251,120,7,49,True,True,True,peak_impact_magnitude_within_3s_after_fall_onset,True,ok,repository_peak_impact_magnitude_within_3s_after_fall_onset_v2,>=30 actual samples on corrected 100Hz grid and >=1 complete 30-sample window,100,30,15,300,50,
P055,30,/mnt/hdd16T/ToqeerHomeBackup/mujoco_project/outputs/_highrate_overnight/campaign_highrate_truth_v4_expanded42_new20/runs/P055/task_30/scenario30_age76_h1p83_sex_male_w87p0_20260926_164659,/mnt/hdd16T/ToqeerHomeBackup/mujoco_project/outputs/_highrate_overnight/campaign_highrate_truth_v4_expanded42_new20/runs/P055/task_30/scenario30_age76_h1p83_sex_male_w87p0_20260926_164659/fall_scenario30_age76_20260926_164659_highrate_truth.csv,7.633333333333774,8.033333333333836,7.7333,99.96666666622556,10,0,49,True,True,False,peak_impact_magnitude_within_3s_after_fall_onset,True,ok,repository_peak_impact_magnitude_within_3s_after_fall_onset_v2,>=30 actual samples on corrected 100Hz grid and >=1 complete 30-sample window,100,30,15,300,50,recovered_interval_shorter_than_30_samples
P055,31,/mnt/hdd16T/ToqeerHomeBackup/mujoco_project/outputs/_highrate_overnight/campaign_highrate_truth_v4_expanded42_new20/runs/P055/task_31/scenario31_age76_h1p83_sex_male_w87p0_20260926_164931,/mnt/hdd16T/ToqeerHomeBackup/mujoco_project/outputs/_highrate_overnight/campaign_highrate_truth_v4_expanded42_new20/runs/P055/task_31/scenario31_age76_h1p83_sex_male_w87p0_20260926_164931/fall_scenario31_age76_20260926_164931_highrate_truth.csv,7.633333333333774,8.100000000000513,7.7333,99.96666666622556,10,0,49,True,True,False,peak_impact_magnitude_within_3s_after_fall_onset,True,ok,repository_peak_impact_magnitude_within_3s_after_fall_onset_v2,>=30 actual samples on corrected 100Hz grid and >=1 complete 30-sample window,100,30,15,300,50,recovered_interval_shorter_than_30_samples
P055,32,/mnt/hdd16T/ToqeerHomeBackup/mujoco_project/outputs/_highrate_overnight/campaign_highrate_truth_v4_expanded42_new20/runs/P055/task_32/scenario32_age76_h1p83_sex_male_w87p0_20260926_165202,/mnt/hdd16T/ToqeerHomeBackup/mujoco_project/outputs/_highrate_overnight/campaign_highrate_truth_v4_expanded42_new20/runs/P055/task_32/scenario32_age76_h1p83_sex_male_w87p0_20260926_165202/fall_scenario32_age76_20260926_165202_highrate_truth.csv,7.633333333333774,9.000000000000654,9.0333,1399.9666666662263,140,8,49,True,True,True,peak_impact_magnitude_within_3s_after_fall_onset,True,ok,repository_peak_impact_magnitude_within_3s_after_fall_onset_v2,>=30 actual samples on corrected 100Hz grid and >=1 complete 30-sample window,100,30,15,300,50,
P055,33,/mnt/hdd16T/ToqeerHomeBackup/mujoco_project/outputs/_highrate_overnight/campaign_highrate_truth_v4_expanded42_new20/runs/P055/task_33/scenario33_age76_h1p83_sex_male_w87p0_20260926_165433,/mnt/hdd16T/ToqeerHomeBackup/mujoco_project/outputs/_highrate_overnight/campaign_highrate_truth_v4_expanded42_new20/runs/P055/task_33/scenario33_age76_h1p83_sex_male_w87p0_20260926_165433/fall_scenario33_age76_20260926_165433_highrate_truth.csv,7.633333333333774,8.966666666667315,9.2333,1599.9666666662256,160,9,49,True,True,True,peak_impact_magnitude_within_3s_after_fall_onset,True,ok,repository_peak_impact_magnitude_within_3s_after_fall_onset_v2,>=30 actual samples on corrected 100Hz grid and >=1 complete 30-sample window,100,30,15,300,50,
P055,34,/mnt/hdd16T/ToqeerHomeBackup/mujoco_project/outputs/_highrate_overnight/campaign_highrate_truth_v4_expanded42_new20/runs/P055/task_34/scenario34_age76_h1p83_sex_male_w87p0_20260926_165705,/mnt/hdd16T/ToqeerHomeBackup/mujoco_project/outputs/_highrate_overnight/campaign_highrate_truth_v4_expanded42_new20/runs/P055/task_34/scenario34_age76_h1p83_sex_male_w87p0_20260926_165705/fall_scenario34_age76_20260926_165705_highrate_truth.csv,7.633333333333774,8.833333333333961,9.7733,2139.9666666662265,214,13,49,True,True,True,peak_impact_magnitude_within_3s_after_fall_onset,True,ok,repository_peak_impact_magnitude_within_3s_after_fall_onset_v2,>=30 actual samples on corrected 100Hz grid and >=1 complete 30-sample window,100,30,15,300,50,
P055,37,/mnt/hdd16T/ToqeerHomeBackup/mujoco_project/outputs/_highrate_overnight/campaign_highrate_truth_v4_expanded42_new20/runs/P055/task_37/scenario37_age76_h1p83_sex_male_w87p0_20260926_165938,/mnt/hdd16T/ToqeerHomeBackup/mujoco_project/outputs/_highrate_overnight/campaign_highrate_truth_v4_expanded42_new20/runs/P055/task_37/scenario37_age76_h1p83_sex_male_w87p0_20260926_165938/fall_scenario37_age76_20260926_165938_highrate_truth.csv,11.233333333334336,11.733333333334414,12.1033,869.9666666656647,87,4,73,True,True,True,peak_impact_magnitude_within_3s_after_fall_onset,True,ok,repository_peak_impact_magnitude_within_3s_after_fall_onset_v2,>=30 actual samples on corrected 100Hz grid and >=1 complete 30-sample window,100,30,15,300,50,
P055,38,/mnt/hdd16T/ToqeerHomeBackup/mujoco_project/outputs/_highrate_overnight/campaign_highrate_truth_v4_expanded42_new20/runs/P055/task_38/scenario38_age76_h1p83_sex_male_w87p0_20260926_170210,/mnt/hdd16T/ToqeerHomeBackup/mujoco_project/outputs/_highrate_overnight/campaign_highrate_truth_v4_expanded42_new20/runs/P055/task_38/scenario38_age76_h1p83_sex_male_w87p0_20260926_170210/fall_scenario38_age76_20260926_170210_highrate_truth.csv,13.133333333334633,13.333333333334664,15.6333,2499.966666665367,250,15,86,True,True,True,peak_impact_magnitude_within_3s_after_fall_onset,True,ok,repository_peak_impact_magnitude_within_3s_after_fall_onset_v2,>=30 actual samples on corrected 100Hz grid and >=1 complete 30-sample window,100,30,15,300,50,
P055,39,/mnt/hdd16T/ToqeerHomeBackup/mujoco_project/outputs/_highrate_overnight/campaign_highrate_truth_v4_expanded42_new20/runs/P055/task_39/scenario39_age76_h1p83_sex_male_w87p0_20260926_170441,/mnt/hdd16T/ToqeerHomeBackup/mujoco_project/outputs/_highrate_overnight/campaign_highrate_truth_v4_expanded42_new20/runs/P055/task_39/scenario39_age76_h1p83_sex_male_w87p0_20260926_170441/fall_scenario39_age76_20260926_170441_highrate_truth.csv,5.400000000000092,6.233333333333555,6.0333,633.2999999999079,64,3,35,True,True,True,peak_impact_magnitude_within_3s_after_fall_onset,True,ok,repository_peak_impact_magnitude_within_3s_after_fall_onset_v2,>=30 actual samples on corrected 100Hz grid and >=1 complete 30-sample window,100,30,15,300,50,
P055,40,/mnt/hdd16T/ToqeerHomeBackup/mujoco_project/outputs/_highrate_overnight/campaign_highrate_truth_v4_expanded42_new20/runs/P055/task_40/scenario40_age76_h1p83_sex_male_w87p0_20260926_170517,/mnt/hdd16T/ToqeerHomeBackup/mujoco_project/outputs/_highrate_overnight/campaign_highrate_truth_v4_expanded42_new20/runs/P055/task_40/scenario40_age76_h1p83_sex_male_w87p0_20260926_170517/fall_scenario40_age76_20260926_170517_highrate_truth.csv,5.466666666666769,6.200000000000217,6.2333,766.6333333332309,77,4,35,True,True,True,peak_impact_magnitude_within_3s_after_fall_onset,True,ok,repository_peak_impact_magnitude_within_3s_after_fall_onset_v2,>=30 actual samples on corrected 100Hz grid and >=1 complete 30-sample window,100,30,15,300,50,
P055,41,/mnt/hdd16T/ToqeerHomeBackup/mujoco_project/outputs/_highrate_overnight/campaign_highrate_truth_v4_expanded42_new20/runs/P055/task_41/scenario41_age76_h1p83_sex_male_w87p0_20260926_170552,/mnt/hdd16T/ToqeerHomeBackup/mujoco_project/outputs/_highrate_overnight/campaign_highrate_truth_v4_expanded42_new20/runs/P055/task_41/scenario41_age76_h1p83_sex_male_w87p0_20260926_170552/fall_scenario41_age76_20260926_170552_highrate_truth.csv,5.466666666666769,6.633333333333618,6.0033,536.6333333332313,54,2,35,True,True,True,peak_impact_magnitude_within_3s_after_fall_onset,True,ok,repository_peak_impact_magnitude_within_3s_after_fall_onset_v2,>=30 actual samples on corrected 100Hz grid and >=1 complete 30-sample window,100,30,15,300,50,
P055,42,/mnt/hdd16T/ToqeerHomeBackup/mujoco_project/outputs/_highrate_overnight/campaign_highrate_truth_v4_expanded42_new20/runs/P055/task_42/scenario42_age76_h1p83_sex_male_w87p0_20260926_170629,/mnt/hdd16T/ToqeerHomeBackup/mujoco_project/outputs/_highrate_overnight/campaign_highrate_truth_v4_expanded42_new20/runs/P055/task_42/scenario42_age76_h1p83_sex_male_w87p0_20260926_170629/fall_scenario42_age76_20260926_170629_highrate_truth.csv,5.300000000000076,6.36666666666691,6.2633,963.2999999999239,97,5,34,True,True,True,peak_impact_magnitude_within_3s_after_fall_onset,True,ok,repository_peak_impact_magnitude_within_3s_after_fall_onset_v2,>=30 actual samples on corrected 100Hz grid and >=1 complete 30-sample window,100,30,15,300,50,
